username,comment,rating,likes,create_time,userid,orderid,product_name,product_type,product_label,comment_usefulness,comment_clean,tokens,tokens_count,sentiment,sentiment_confidence
c*****r,"Tampilan:bagus
Warna:abu

Bahan bagus dan tebal. Ada busa dibagian laptop sehingga terasa aman kl kebentur. desain nya okay dan ad dpt kabel utk slot charging yg ad di tas. Jahitan rapi dan packing juga rapi.",5,32,2025-09-29T11:35:25+00:00,126498215,,Tas Laptop Backpack Ransel Casual Waterproof 14 15 16 inch USB Port,Ransel Pria,Abu,berguna,tampil bagus warna abu bahan bagus tebal busa bagi laptop asa aman kl bentur desain nya okay ad dpt kabel utk slot charging yg ad tas jahit rapi packing rapi,tampil bagus warna abu bahan bagus tebal busa bagi laptop asa aman kl bentur desain nya okay ad dpt kabel utk slot charging yg ad tas jahit rapi packing rapi,30,positive,1.0
w*****s,"Kak, tasnya bagus bgt. Sepadan dg harga. Kualitas dijamin bgt. Pengemasan dan pengiriman aman dan cepat. Thanks kak. Laris terus",5,22,2025-10-02T06:05:04+00:00,146039137,,Tas Laptop Backpack Ransel Casual Waterproof 14 15 16 inch USB Port,Ransel Pria,Abu,berguna,kak tas bagus bgt padan dg harga kualitas jamin bgt emas kirim aman cepat thanks kak laris terus,kak tas bagus bgt padan dg harga kualitas jamin bgt emas kirim aman cepat thanks kak laris terus,18,positive,1.0
w*****i,"Tampilan:keren
Warna:cantikkk

bahannya oke, banyak kantongnya buat naro barang🥰",5,23,2025-09-11T10:23:36+00:00,567642253,,Tas Laptop Backpack Ransel Casual Waterproof 14 15 16 inch USB Port,Ransel Pria,Abu,berguna,tampil keren warna cantikkk bahan oke banyak kantong buat naro barang,tampil keren warna cantikkk bahan oke banyak kantong buat naro barang,11,positive,1.0
ucup02081996,"Saran Tampilan:tampilan menarik
Pas untuk Acara:heeling. kerja
Styling:mantap",5,1,2023-08-17T02:12:49+00:00,397350952,,Tas Laptop Backpack Ransel Casual Waterproof 14 15 16 inch USB Port,Ransel Pria,Abu,berguna,saran tampil tampil tarik pas acara heeling kerja styling mantap,saran tampil tampil tarik pas acara heeling kerja styling mantap,10,positive,1.0
e*****a,"Tampilan:Good
Warna:Gray

Tasnya bagus gak kecewa cuma lumayan lama pengiriman nya tapi selain itu bagus,muat laptop 15 inch juga worth it sih ini...",5,1,2025-09-07T13:18:24+00:00,1145521967,,Tas Laptop Backpack Ransel Casual Waterproof 14 15 16 inch USB Port,Ransel Pria,Abu,berguna,tampil good warna gray tas bagus gak kecewa cuma lumayan lama kirim nya bagus muat laptop 15 inch worth it sih,tampil good warna gray tas bagus gak kecewa cuma lumayan lama kirim nya bagus muat laptop 15 inch worth it sih,21,positive,0.84
fitriyantiyully,"Tampilan:real pict
Warna:bagus dan cantik

Tasnya bagus, bahannya halus dan cocok banget untuk yang kerja bawaannya banyak. Responnya cepet dan pengirimannya juga cepet.",5,1,2023-11-11T03:49:10+00:00,88811239,,Tas Laptop Backpack Ransel Casual Waterproof 14 15 16 inch USB Port,Ransel Pria,Abu,berguna,tampil real pict warna bagus cantik tas bagus bahan halus cocok banget kerja bawa banyak responnya cepet kirim cepet,tampil real pict warna bagus cantik tas bagus bahan halus cocok banget kerja bawa banyak responnya cepet kirim cepet,19,positive,1.0
galihalpatih549,"Desain:tampilannya bagus
Warna:abu abu
Ketebalan:tebal kuat dan nyaman

Bagus mudahan bisa awet solnya saya selalu bawa barang berat",5,1,2024-07-19T03:40:33+00:00,1255421911,,Tas Laptop Backpack Ransel Casual Waterproof 14 15 16 inch USB Port,Ransel Pria,Abu,berguna,desain tampil bagus warna abu abu tebal tebal kuat nyaman bagus mudah awet sol selalu bawa barang berat,desain tampil bagus warna abu abu tebal tebal kuat nyaman bagus mudah awet sol selalu bawa barang berat,18,positive,1.0
rafkazafrankafabihi,"Tampilan:Bagus sesuai pesanan
Warna:Pas

Sangat baik...pengiriman cepat...bahan halus",5,7,2025-09-12T04:37:49+00:00,414149650,,Tas Laptop Backpack Ransel Casual Waterproof 14 15 16 inch USB Port,Ransel Pria,Hitam,berguna,tampil bagus sesuai pesan warna pas sangat baik kirim cepat bahan halus,tampil bagus sesuai pesan warna pas sangat baik kirim cepat bahan halus,12,positive,1.0
bagoes_prayoga,"Warna:abu""
Tampilan:oke

Respon cepat,, ramah dan amanah...
Pengiriman cepat.. tetap pertahankan...",5,6,2025-07-17T19:02:56+00:00,114800890,,Tas Laptop Backpack Ransel Casual Waterproof 14 15 16 inch USB Port,Ransel Pria,Abu,berguna,warna abu tampil oke respon cepat ramah amanah kirim cepat tetap tahan,warna abu tampil oke respon cepat ramah amanah kirim cepat tetap tahan,12,positive,1.0
,"Warna:abu-abu
Tampilan:bagus untuk cewek/cowok, simple

Gantungan kunci gak termasuk ya😂👍",5,0,2024-01-20T01:17:29+00:00,77882701,,Tas Laptop Backpack Ransel Casual Waterproof 14 15 16 inch USB Port,Ransel Pria,Abu,berguna,warna abu abu tampil bagus cewek cowok simple gantung kunci gak masuk,warna abu abu tampil bagus cewek cowok simple gantung kunci gak masuk,12,positive,1.0
arifitrians23,Kualitas bagus. Realpict dan keren ini aku berdua sm pacar aku. Jd bisa buat cwk atau cwk wkwkwkwk mantep pokoknya ,5,7,2023-12-09T12:52:30+00:00,25712683,,Tas Laptop Backpack Ransel Casual Waterproof 14 15 16 inch USB Port,Ransel Pria,Tas Laptop Backpack Ransel Casual Waterproof 14 15 16 inch USB Port,berguna,kualitas bagus realpict keren aku dua sm pacar aku jd buat cwk cwk wkwkwkwk mantep pokok,kualitas bagus realpict keren aku dua sm pacar aku jd buat cwk cwk wkwkwkwk mantep pokok,16,positive,1.0
riestar,Bahan luarnya bagus bangettt... Suka... Banyak tempat penyimpanan... tempat untuk laptop ada busa.. Tp sayang antara bagian dalam dan bagian saku hanya ada pelapis tipis aja ga ada busa lagi..,5,3,2025-10-14T15:13:55+00:00,32413027,,Tas Laptop Backpack Ransel Casual Waterproof 14 15 16 inch USB Port,Ransel Pria,Hitam,berguna,bahan luar bagus bangettt suka banyak tempat simpan tempat laptop busa tp sayang bagi bagi saku lap tipis aja ga busa,bahan luar bagus bangettt suka banyak tempat simpan tempat laptop busa tp sayang bagi bagi saku lap tipis aja ga busa,21,neutral,0.6
j*****i,"Desain:simpel dan elegaan
Warna:warna sesuai ekspetasi

Gaa usah ragu buat beli ini taas yaa 
harga sangat cocok  di kantong pelajar 
bisa  banget buat bawa banyak banrang , termasuk bawa laptop",5,4,2025-10-14T15:13:27+00:00,728557356,,Tas Laptop Backpack Ransel Casual Waterproof 14 15 16 inch USB Port,Ransel Pria,Abu,berguna,desain simpel elegaan warna warna sesuai ekspetasi gaa usah ragu buat beli taas yaa harga sangat cocok kantong ajar banget buat bawa banyak banrang masuk bawa laptop,desain simpel elegaan warna warna sesuai ekspetasi gaa usah ragu buat beli taas yaa harga sangat cocok kantong ajar banget buat bawa banyak banrang masuk bawa laptop,27,neutral,0.6
muhammad121501faris,"Desain:bagus
Warna:sangat bagus
Ketebalan:barang juga tebal

Ada perlu perbaikan kerpian pada produk pada jahitan didalam tasnya dan juga pada lubang cash",5,0,2024-08-25T14:36:34+00:00,233094181,,Tas Laptop Backpack Ransel Casual Waterproof 14 15 16 inch USB Port,Ransel Pria,Abu,berguna,desain bagus warna sangat bagus tebal barang tebal perlu baik kerpian produk jahit dalam tas lubang cash,desain bagus warna sangat bagus tebal barang tebal perlu baik kerpian produk jahit dalam tas lubang cash,17,positive,1.0
i*****_,"Tampilan:cukup bagus

Lumayan sih, agak tipis yah, terus jg ada yg sobek, yg paling ga ngerti fungsi yg disamping itu buat apa ya? Buat hiasan doang kah? Soalnya ga sesuai sama yg di gambar, ga bisa buat ngecas itu, bingung jg dpt kabel tp mau dicolokin kemana 😂 agak kecewa sih dg harga segitu tp dpt barang nya yg kayak begini.",3,5,2025-09-14T00:45:16+00:00,794584496,,Tas Laptop Backpack Ransel Casual Waterproof 14 15 16 inch USB Port,Ransel Pria,Hitam,berguna,tampil cukup bagus lumayan sih tipis yah terus jg yg sobek yg paling ga ngerti fungsi yg samping buat apa buat hias doang soal ga sesuai sama yg gambar ga buat ngecas bingung jg dpt kabel tp mau dicolokin kecewa sih dg harga segitu tp dpt barang nya yg kayak begini,tampil cukup bagus lumayan sih tipis yah terus jg yg sobek yg paling ga ngerti fungsi yg samping buat apa buat hias doang soal ga sesuai sama yg gambar ga buat ngecas bingung jg dpt kabel tp mau dicolokin kecewa sih dg harga segitu tp dpt barang nya yg kayak begini,51,negative,0.8857142857142857
novia.arsyadimadja,Tampilan:bagus cukup worth it untuk harga segitu bnyak space nya.. bahan cukup bagus,5,0,2024-03-29T00:47:46+00:00,334615856,,Tas Laptop Backpack Ransel Casual Waterproof 14 15 16 inch USB Port,Ransel Pria,Abu,berguna,tampil bagus cukup worth it harga segitu bnyak space nya bahan cukup bagus,tampil bagus cukup worth it harga segitu bnyak space nya bahan cukup bagus,13,positive,1.0
fafayunata,"Desain:keren,
Warna:sesuai dgn katalog dan ekspektasi
Ketebalan:tebal

word it dgn harga..
tasnya kekinian.
sarannya adakan dong produk impor biar resnya lebih tebal lagi.
pada umumnya keren, bagus. suami suka",4,1,2025-09-14T00:45:50+00:00,1169071886,,Tas Laptop Backpack Ransel Casual Waterproof 14 15 16 inch USB Port,Ransel Pria,Abu,berguna,desain keren warna sesuai dgn katalog ekspektasi tebal tebal word it dgn harga tas kini saran adakan dong produk impor biar resnya lebih tebal umum keren bagus suami suka,desain keren warna sesuai dgn katalog ekspektasi tebal tebal word it dgn harga tas kini saran adakan dong produk impor biar resnya lebih tebal umum keren bagus suami suka,29,positive,1.0
s*****7,tasnya bahan parasut gitu tp ternyata lumayan bgs!! lumayan agak sedeng gak bessr ga kecil tp muat banyak. ga nyesel deh kerennnn!!,5,1,2020-11-13T13:49:13+00:00,133189383,,Tas Laptop Backpack Ransel Casual Waterproof 14 15 16 inch USB Port,Ransel Pria,Tas Laptop Backpack Ransel Casual Waterproof 14 15 16 inch USB Port,berguna,tas bahan parasut gitu tp nyata lumayan bgs lumayan sedeng gak bessr ga kecil tp muat banyak ga nyesel deh kerennnn,tas bahan parasut gitu tp nyata lumayan bgs lumayan sedeng gak bessr ga kecil tp muat banyak ga nyesel deh kerennnn,21,negative,1.0
m*****r,"Desain:bagus
Warna:hitam
Ketebalan:cukup

Ada harga ada kualitas",5,0,2025-10-02T06:06:26+00:00,1055442216,,Tas Laptop Backpack Ransel Casual Waterproof 14 15 16 inch USB Port,Ransel Pria,Hitam,berguna,desain bagus warna hitam tebal cukup harga kualitas,desain bagus warna hitam tebal cukup harga kualitas,8,positive,1.0
7*****5,,5,1,2025-10-09T14:19:45+00:00,238777958,,Tas Laptop Backpack Ransel Casual Waterproof 14 15 16 inch USB Port,Ransel Pria,Abu,tidak_berguna,,,1,neutral,0.6
y*****a,"Kapasitas:full banyak kantong
Styling:oc good
Sepadan dengan Uang:oc sesuai

Paket diterima dengan baik dan bagus tasnya tks reseler amanah....",5,0,2023-05-07T05:53:42+00:00,725868271,,Tas Laptop Backpack Ransel Casual Waterproof 14 15 16 inch USB Port,Ransel Pria,Abu,berguna,kapasitas full banyak kantong styling oc good padan uang oc sesuai paket terima baik bagus tas tks reseler amanah,kapasitas full banyak kantong styling oc good padan uang oc sesuai paket terima baik bagus tas tks reseler amanah,19,positive,1.0
ritafer_,"Tampilan:ok
Warna:ok

Busanya tebal, ukuran besar.",5,1,2023-06-27T02:16:29+00:00,79192916,,Tas Laptop Backpack Ransel Casual Waterproof 14 15 16 inch USB Port,Ransel Pria,Hitam,berguna,tampil warna busa tebal ukur besar,tampil warna busa tebal ukur besar,6,neutral,0.6
b*****9,"Barangnya bagus.. pengirimanya cepat, sukses terus kak!",5,1,2024-06-30T12:04:28+00:00,423262225,,Tas Laptop Backpack Ransel Casual Waterproof 14 15 16 inch USB Port,Ransel Pria,Hitam,berguna,barang bagus pengirimanya cepat sukses terus kak,barang bagus pengirimanya cepat sukses terus kak,7,positive,1.0
qdz75gada8,"Desain:ok
Warna:abu
Ketebalan:tebal

Semoga tasnya awet",5,1,2025-08-29T05:39:43+00:00,829228163,,Tas Laptop Backpack Ransel Casual Waterproof 14 15 16 inch USB Port,Ransel Pria,Abu,berguna,desain warna abu tebal tebal moga tas awet,desain warna abu tebal tebal moga tas awet,8,neutral,0.6
wahyuliliuszen669,Tampilan:bagus,5,1,2025-09-14T00:47:45+00:00,738171802,,Tas Laptop Backpack Ransel Casual Waterproof 14 15 16 inch USB Port,Ransel Pria,Abu,berguna,tampil bagus,tampil bagus,2,positive,1.0
y*****8,"Sbnernya Dr awal saya Emang krg suka, krna menurutq dgn harga hampir 200rb tpi kyaknya biasa aja, krna permintaan anakq yg Uda sma maunya model itu, ya gmn lagi, jdi beli deh, wes pkok anakq suka, mamanya ikut aja",3,1,2024-07-21T14:03:16+00:00,537579743,,Tas Laptop Backpack Ransel Casual Waterproof 14 15 16 inch USB Port,Ransel Pria,Hitam,berguna,sbnernya dr awal emang krg suka krna menurutq dgn harga hampir 200rb tpi kyaknya biasa aja krna minta anakq yg uda sma mau model gmn jdi beli deh wes pkok anakq suka mama ikut aja,sbnernya dr awal emang krg suka krna menurutq dgn harga hampir 200rb tpi kyaknya biasa aja krna minta anakq yg uda sma mau model gmn jdi beli deh wes pkok anakq suka mama ikut aja,35,positive,1.0
urielili,"baguss tasnya... keren, harga jg sangat terjangkau
makasihh",5,1,2023-06-27T02:14:35+00:00,10799887,,Tas Laptop Backpack Ransel Casual Waterproof 14 15 16 inch USB Port,Ransel Pria,Tas Laptop Backpack Ransel Casual Waterproof 14 15 16 inch USB Port,berguna,baguss tas keren harga jg sangat jangkau makasihh,baguss tas keren harga jg sangat jangkau makasihh,8,positive,1.0
e*****e,"Desain:bagus
Warna:bagus
Ketebalan:bagus

Barang diterima dengan baik sesuai pesanan sangat bagus Terima kasih seller Terima kasih abang kurir",5,1,2025-08-08T05:51:19+00:00,696473404,,Tas Laptop Backpack Ransel Casual Waterproof 14 15 16 inch USB Port,Ransel Pria,Hitam,berguna,desain bagus warna bagus tebal bagus barang terima baik sesuai pesan sangat bagus terima kasih seller terima kasih abang kurir,desain bagus warna bagus tebal bagus barang terima baik sesuai pesan sangat bagus terima kasih seller terima kasih abang kurir,20,positive,1.0
s*****d,"Tampilan:real pict
Warna:baguss

Tasnya realpict banget. Bahannya juga bagus lembut. Ga recommend buat yg laptopnya 15inch ++ apalagi 16inch. Kekecilan, kasian laptop klean gais. Busanya juga kurang aman karna tipiss.
But buat yg laptopnya kecil ini tas bagooss bangett harus beli. Bagus juga buat main",4,11,2024-07-17T02:58:22+00:00,56509781,,Tas Laptop Backpack Ransel Casual Waterproof 14 15 16 inch USB Port,Ransel Pria,Abu,berguna,tampil real pict warna baguss tas realpict banget bahan bagus lembut ga recommend buat yg laptop 15inch 16inch kecil kasi laptop klean gais busa kurang aman karna tipiss but buat yg laptop kecil tas bagooss bangett beli bagus buat main,tampil real pict warna baguss tas realpict banget bahan bagus lembut ga recommend buat yg laptop 15inch 16inch kecil kasi laptop klean gais busa kurang aman karna tipiss but buat yg laptop kecil tas bagooss bangett beli bagus buat main,40,negative,0.6444444444444444
e*****3,"Desain:bagus
Warna:hitam
Ketebalan:tebal

Pengirimannya cepat sampai barang sesuai pesanan terimakasih",5,0,2025-06-23T08:13:42+00:00,74022055,,Tas Laptop Backpack Ransel Casual Waterproof 14 15 16 inch USB Port,Ransel Pria,Hitam,berguna,desain bagus warna hitam tebal tebal kirim cepat barang sesuai pesan terimakasih,desain bagus warna hitam tebal tebal kirim cepat barang sesuai pesan terimakasih,12,positive,1.0
t*****i,,5,0,2024-07-18T16:17:43+00:00,181861649,,Tas Laptop Backpack Ransel Casual Waterproof 14 15 16 inch USB Port,Ransel Pria,Abu,tidak_berguna,,,1,neutral,0.6
s*****a,Trima kasih,5,0,2024-05-29T09:20:53+00:00,103399312,,Tas Laptop Backpack Ransel Casual Waterproof 14 15 16 inch USB Port,Ransel Pria,Abu,berguna,trima kasih,trima kasih,2,neutral,0.6
g*****a,"Tampilan:oke, ganteng
Warna:oke

Rekomendasi.. gaisss",5,0,2023-07-16T01:46:42+00:00,158866888,,Tas Laptop Backpack Ransel Casual Waterproof 14 15 16 inch USB Port,Ransel Pria,Hitam,berguna,tampil oke ganteng warna oke rekomendasi gaisss,tampil oke ganteng warna oke rekomendasi gaisss,7,neutral,0.6
_yofgh0zrp,"Desain:bagus
Warna:hitam
Ketebalan:agak tipis tapi tapi gpp",5,0,2025-07-20T10:53:22+00:00,1402219067,,Tas Laptop Backpack Ransel Casual Waterproof 14 15 16 inch USB Port,Ransel Pria,Hitam,berguna,desain bagus warna hitam tebal tipis gpp,desain bagus warna hitam tebal tipis gpp,7,neutral,0.6
thonifarrelfaeza,"Sepadan dengan Uang:bagus cuma gapake kardus tas jd kesannya kaya tas yg di jual di pasar2 gitu.
Kapasitas:lumayan",5,2,2023-10-13T18:08:24+00:00,82247204,,Tas Laptop Backpack Ransel Casual Waterproof 14 15 16 inch USB Port,Ransel Pria,Hitam,berguna,padan uang bagus cuma gapake kardus tas jd kesan kaya tas yg jual pasar2 gitu kapasitas lumayan,padan uang bagus cuma gapake kardus tas jd kesan kaya tas yg jual pasar2 gitu kapasitas lumayan,17,positive,1.0
dinayarif,,5,0,2024-04-15T01:07:01+00:00,282710266,,Tas Laptop Backpack Ransel Casual Waterproof 14 15 16 inch USB Port,Ransel Pria,Hitam,tidak_berguna,,,1,neutral,0.6
nazla_rubiana,,5,1,2023-01-30T08:20:54+00:00,59212186,,Tas Laptop Backpack Ransel Casual Waterproof 14 15 16 inch USB Port,Ransel Pria,Abu,tidak_berguna,,,1,neutral,0.6
aburaza202,Desain:bagus,5,0,2025-07-12T09:59:23+00:00,1206961837,,Tas Laptop Backpack Ransel Casual Waterproof 14 15 16 inch USB Port,Ransel Pria,Abu,berguna,desain bagus,desain bagus,2,positive,1.0
yanimulyani734,"Desain:simple
Warna:hitam
Ketebalan:gak tebal soalnya bahan nya waterproof, tapi gak tipis murahan, ini sih barangnya bagus cocok untuk anak sekolahan dan dewasa",4,0,2024-07-31T09:01:49+00:00,804990847,,Tas Laptop Backpack Ransel Casual Waterproof 14 15 16 inch USB Port,Ransel Pria,Hitam,berguna,desain simple warna hitam tebal gak tebal soal bahan nya waterproof gak tipis murah sih barang bagus cocok anak sekolah dewasa,desain simple warna hitam tebal gak tebal soal bahan nya waterproof gak tipis murah sih barang bagus cocok anak sekolah dewasa,21,neutral,0.6
seliaaaaahhhapriliya,"Warna:sesuai
Tampilan:baguss

Barangnya sangat bagus saudara saya sangat suka sesuai di foto juga di deskripsi, tasnya benaran anti air pokoknya mantap kualitasnya. Maaf ga sempat foto sudah di ambil saudara soalnya",5,0,2023-07-16T12:05:52+00:00,290121602,,Tas Laptop Backpack Ransel Casual Waterproof 14 15 16 inch USB Port,Ransel Pria,Hitam,berguna,warna sesuai tampil baguss barang sangat bagus saudara sangat suka sesuai foto deskripsi tas benar anti air pokok mantap kualitas maaf ga sempat foto ambil saudara soal,warna sesuai tampil baguss barang sangat bagus saudara sangat suka sesuai foto deskripsi tas benar anti air pokok mantap kualitas maaf ga sempat foto ambil saudara soal,27,positive,0.8
safrinabdrazak,"Desain:keren
Warna:sesuai dengan pesanan
Ketebalan:sangat tebal",5,0,2025-08-09T08:34:07+00:00,1136585389,,Tas Laptop Backpack Ransel Casual Waterproof 14 15 16 inch USB Port,Ransel Pria,Hitam,berguna,desain keren warna sesuai pesan tebal sangat tebal,desain keren warna sesuai pesan tebal sangat tebal,8,positive,1.0
yunita0517,,5,0,2023-12-28T11:21:53+00:00,68769038,,Tas Laptop Backpack Ransel Casual Waterproof 14 15 16 inch USB Port,Ransel Pria,Abu,tidak_berguna,,,1,neutral,0.6
dwirahmayuni10,,5,0,2024-06-18T11:16:00+00:00,394840620,,Tas Laptop Backpack Ransel Casual Waterproof 14 15 16 inch USB Port,Ransel Pria,Hitam,tidak_berguna,,,1,neutral,0.6
bunda.kiki23,Baguss,5,0,2023-07-09T08:35:10+00:00,222645127,,Tas Laptop Backpack Ransel Casual Waterproof 14 15 16 inch USB Port,Ransel Pria,Hitam,berguna,baguss,baguss,1,neutral,0.6
,"Warna:abu
Tampilan:oke

Tasnya ringan jadi ga pegal bawanya",4,1,2024-04-12T10:27:02+00:00,1117797417,,Tas Laptop Backpack Ransel Casual Waterproof 14 15 16 inch USB Port,Ransel Pria,Abu,berguna,warna abu tampil oke tas ringan jadi ga pegal bawa,warna abu tampil oke tas ringan jadi ga pegal bawa,10,negative,1.0
rafala123,,5,0,2023-02-25T04:54:28+00:00,121745885,,Tas Laptop Backpack Ransel Casual Waterproof 14 15 16 inch USB Port,Ransel Pria,Hitam,tidak_berguna,,,1,neutral,0.6
nurifah141,,5,0,2024-08-07T09:28:35+00:00,560111396,,Tas Laptop Backpack Ransel Casual Waterproof 14 15 16 inch USB Port,Ransel Pria,Hitam,tidak_berguna,,,1,neutral,0.6
dini_srfh,"Warna:sesuai
Tampilan:keren

Mantap",5,0,2023-11-30T12:56:43+00:00,627591445,,Tas Laptop Backpack Ransel Casual Waterproof 14 15 16 inch USB Port,Ransel Pria,Hitam,berguna,warna sesuai tampil keren mantap,warna sesuai tampil keren mantap,5,positive,1.0
adinhaidar,Bagus. Rekomendasi banget,5,0,2025-07-19T07:11:56+00:00,48800108,,Tas Laptop Backpack Ransel Casual Waterproof 14 15 16 inch USB Port,Ransel Pria,Abu,berguna,bagus rekomendasi banget,bagus rekomendasi banget,3,positive,1.0
5vt4fegf4o,,5,0,2025-07-31T03:45:50+00:00,1451880321,,Tas Laptop Backpack Ransel Casual Waterproof 14 15 16 inch USB Port,Ransel Pria,Hitam,tidak_berguna,,,1,neutral,0.6
r*****_,"tas nya bagus, bahan tasnya bagus. pokoknya suka",5,0,2023-06-06T04:46:52+00:00,143060214,,Tas Laptop Backpack Ransel Casual Waterproof 14 15 16 inch USB Port,Ransel Pria,Hitam,berguna,tas nya bagus bahan tas bagus pokok suka,tas nya bagus bahan tas bagus pokok suka,8,positive,1.0
wpgxai0ur9,"Desain:bagus
Warna:hitam
Ketebalan:lumayan

Tasnya bagus ketebalan ny jg lumayan untuk harga segitu",5,0,2024-05-04T14:05:19+00:00,1071101352,,Tas Laptop Backpack Ransel Casual Waterproof 14 15 16 inch USB Port,Ransel Pria,Hitam,berguna,desain bagus warna hitam tebal lumayan tas bagus tebal ny jg lumayan harga segitu,desain bagus warna hitam tebal lumayan tas bagus tebal ny jg lumayan harga segitu,14,positive,1.0
miaamalia12345,Keren tas nya bagus bgt terimakasih sukses terus buat toko nya the best,5,0,2023-10-06T07:34:36+00:00,83763635,,Tas Laptop Backpack Ransel Casual Waterproof 14 15 16 inch USB Port,Ransel Pria,Abu,berguna,keren tas nya bagus bgt terimakasih sukses terus buat toko nya the best,keren tas nya bagus bgt terimakasih sukses terus buat toko nya the best,13,positive,1.0
aulianissa165,"Desain:bagus
Warna:cerah
Ketebalan:bagus

Pertama kali beli di toko ini barangnya bagus seller ramah dan fast respon...tks",5,0,2024-07-28T07:13:15+00:00,988914854,,Tas Laptop Backpack Ransel Casual Waterproof 14 15 16 inch USB Port,Ransel Pria,Hitam,berguna,desain bagus warna cerah tebal bagus pertama kali beli toko barang bagus seller ramah fast respon tks,desain bagus warna cerah tebal bagus pertama kali beli toko barang bagus seller ramah fast respon tks,17,positive,1.0
aryosetosatrio,"Desain:ok
Warna:sesuai
Ketebalan:tebal dan halus

Dah sampai ka tasnya... Bagus halus bahannya.... Makasih ka.",5,0,2024-05-26T11:29:25+00:00,138709006,,Tas Laptop Backpack Ransel Casual Waterproof 14 15 16 inch USB Port,Ransel Pria,Hitam,berguna,desain warna sesuai tebal tebal halus dah ka tas bagus halus bahan makasih ka,desain warna sesuai tebal tebal halus dah ka tas bagus halus bahan makasih ka,14,positive,1.0
oki_pradipa,Tasnya bagus. Serius. Bahannya juga enak. Semoga awet jahitannya. Pengiriman cepat. Sehari sampai,5,0,2023-03-31T04:40:59+00:00,787210874,,Tas Laptop Backpack Ransel Casual Waterproof 14 15 16 inch USB Port,Ransel Pria,Hitam,berguna,tas bagus serius bahan enak moga awet jahit kirim cepat hari,tas bagus serius bahan enak moga awet jahit kirim cepat hari,11,positive,1.0
ramosriakay,Ketebalan tas kurang memuaskan. Tks.,3,0,2025-09-10T11:11:59+00:00,261044617,,Tas Laptop Backpack Ransel Casual Waterproof 14 15 16 inch USB Port,Ransel Pria,Hitam,berguna,tebal tas kurang muas tks,tebal tas kurang muas tks,5,negative,1.0
amirruddin007,Mantap,5,0,2024-09-07T11:42:21+00:00,889340748,,Tas Laptop Backpack Ransel Casual Waterproof 14 15 16 inch USB Port,Ransel Pria,Abu,berguna,mantap,mantap,1,positive,1.0
a74yxqq3k4,Bagus suka banget,5,0,2023-07-13T10:51:40+00:00,838737614,,Tas Laptop Backpack Ransel Casual Waterproof 14 15 16 inch USB Port,Ransel Pria,Hitam,berguna,bagus suka banget,bagus suka banget,3,positive,1.0
onedra1,bagus bagus bagus bagus,5,0,2023-07-15T01:00:06+00:00,11967324,,Tas Laptop Backpack Ransel Casual Waterproof 14 15 16 inch USB Port,Ransel Pria,Abu,berguna,bagus bagus bagus bagus,bagus bagus bagus bagus,4,positive,1.0
dikiwahyudi154,Bagussss,5,0,2024-07-08T13:16:50+00:00,652990338,,Tas Laptop Backpack Ransel Casual Waterproof 14 15 16 inch USB Port,Ransel Pria,Abu,berguna,bagussss,bagussss,1,neutral,0.6
udin_batubata,"Desain:keren dan modis
Warna:sangat bagus dan keren
Ketebalan:lumayan tebal",5,0,2025-05-06T01:47:52+00:00,1238885077,,Tas Laptop Backpack Ransel Casual Waterproof 14 15 16 inch USB Port,Ransel Pria,Abu,berguna,desain keren modis warna sangat bagus keren tebal lumayan tebal,desain keren modis warna sangat bagus keren tebal lumayan tebal,10,positive,1.0
8p22xlztkk,Tampilan:Bagus banget bahannya,5,0,2024-02-28T09:38:39+00:00,821760106,,Tas Laptop Backpack Ransel Casual Waterproof 14 15 16 inch USB Port,Ransel Pria,Hitam,berguna,tampil bagus banget bahan,tampil bagus banget bahan,4,positive,1.0
m*****a,"Warna:hitam
Tampilan:best

Bagus banget anjayyyy, recommended siii",5,0,2023-01-15T07:42:29+00:00,276971494,,Tas Laptop Backpack Ransel Casual Waterproof 14 15 16 inch USB Port,Ransel Pria,Hitam,berguna,warna hitam tampil best bagus banget anjayyyy recommended siii,warna hitam tampil best bagus banget anjayyyy recommended siii,9,positive,1.0
naf1208,,5,0,2024-03-13T06:35:47+00:00,620804576,,Tas Laptop Backpack Ransel Casual Waterproof 14 15 16 inch USB Port,Ransel Pria,Abu,tidak_berguna,,,1,neutral,0.6
welemulyabu,"Tampilan:mantul realpict
Warna:sesuai

Bahan halus anti air",5,0,2023-12-16T11:10:26+00:00,652522040,,Tas Laptop Backpack Ransel Casual Waterproof 14 15 16 inch USB Port,Ransel Pria,Abu,berguna,tampil mantul realpict warna sesuai bahan halus anti air,tampil mantul realpict warna sesuai bahan halus anti air,9,positive,1.0
masuqis,"Desain:elegan
Warna:sesuai pesanan
Ketebalan:tebal",5,0,2024-07-29T10:20:15+00:00,277368659,,Tas Laptop Backpack Ransel Casual Waterproof 14 15 16 inch USB Port,Ransel Pria,Hitam,berguna,desain elegan warna sesuai pesan tebal tebal,desain elegan warna sesuai pesan tebal tebal,7,neutral,0.6
2670hy2mqu,Desain:bagus,5,0,2024-07-14T06:34:04+00:00,458564681,,Tas Laptop Backpack Ransel Casual Waterproof 14 15 16 inch USB Port,Ransel Pria,Hitam,berguna,desain bagus,desain bagus,2,positive,1.0
nur_m123,Desain:keren,5,0,2024-09-14T12:33:41+00:00,130575040,,Tas Laptop Backpack Ransel Casual Waterproof 14 15 16 inch USB Port,Ransel Pria,Abu,berguna,desain keren,desain keren,2,positive,1.0
bundagayatri,"Warna:hitam
Tampilan:bagus,elegan

Pokoknya bagus",5,0,2023-06-24T12:53:39+00:00,769280507,,Tas Laptop Backpack Ransel Casual Waterproof 14 15 16 inch USB Port,Ransel Pria,Hitam,berguna,warna hitam tampil bagus elegan pokok bagus,warna hitam tampil bagus elegan pokok bagus,7,positive,1.0
zqv08o9xln,"Tampilan:bagus..
Warna:Sesuai

Bahannya tebal dan nggak kasar.. Good",5,0,2023-07-09T12:36:56+00:00,491977752,,Tas Laptop Backpack Ransel Casual Waterproof 14 15 16 inch USB Port,Ransel Pria,Hitam,berguna,tampil bagus warna sesuai bahan tebal kasar good,tampil bagus warna sesuai bahan tebal kasar good,8,positive,1.0
bayur_na,"Paking bagus aman sampai tujuan
No minus , masih baru
Belum di coba",5,0,2024-01-26T04:50:12+00:00,444978569,,Tas Laptop Backpack Ransel Casual Waterproof 14 15 16 inch USB Port,Ransel Pria,Hitam,berguna,paking bagus aman tuju no minus baru coba,paking bagus aman tuju no minus baru coba,8,positive,1.0
h*****6,"Desain:sederhana namun elegan
Warna:sangat bagus sesuai dengan foto
Ketebalan:barang tebal tidak seperti kerupuk",5,0,2025-07-19T07:14:23+00:00,1487546058,,Tas Laptop Backpack Ransel Casual Waterproof 14 15 16 inch USB Port,Ransel Pria,Abu,berguna,desain sederhana elegan warna sangat bagus sesuai foto tebal barang tebal kerupuk,desain sederhana elegan warna sangat bagus sesuai foto tebal barang tebal kerupuk,12,positive,1.0
a*****a,"Desain:pas
Warna:ok
Ketebalan:tipis

Jaitan talinya kurang yakin bisa kuat 
Harus d tambah tali tambahan",5,0,2025-09-08T11:20:20+00:00,133428588,,Tas Laptop Backpack Ransel Casual Waterproof 14 15 16 inch USB Port,Ransel Pria,Hitam,berguna,desain pas warna tebal tipis jaitan tali kurang yakin kuat d tambah tali tambah,desain pas warna tebal tipis jaitan tali kurang yakin kuat d tambah tali tambah,14,negative,1.0
bundadipo,,4,0,2023-06-22T11:22:23+00:00,243770956,,Tas Laptop Backpack Ransel Casual Waterproof 14 15 16 inch USB Port,Ransel Pria,Abu,tidak_berguna,,,1,neutral,0.6
supriatiethi,"Desain:oke
Warna:oke
Ketebalan:lumayan",5,0,2024-06-05T09:37:29+00:00,193907225,,Tas Laptop Backpack Ransel Casual Waterproof 14 15 16 inch USB Port,Ransel Pria,Abu,berguna,desain oke warna oke tebal lumayan,desain oke warna oke tebal lumayan,6,neutral,0.6
sigitarinugroho82,"Tampilan:okkkk
Warna:baguss

Terima.kaaih.. .",5,0,2023-12-27T03:04:22+00:00,148684910,,Tas Laptop Backpack Ransel Casual Waterproof 14 15 16 inch USB Port,Ransel Pria,Abu,berguna,tampil okkkk warna baguss terima kaaih,tampil okkkk warna baguss terima kaaih,6,neutral,0.6
sugiati_ahnaf,Untuk anakku yg kelas 6 kurang gede dikit tapi bahan oke bagus bngt,4,0,2025-07-18T11:22:04+00:00,300630021,,Tas Laptop Backpack Ransel Casual Waterproof 14 15 16 inch USB Port,Ransel Pria,Hitam,berguna,anak yg kelas 6 kurang gede dikit bahan oke bagus bngt,anak yg kelas 6 kurang gede dikit bahan oke bagus bngt,11,neutral,0.6
17z_3ummqh,"Pertimbangan lagi klo mau beli,tidak bisa di batalkan, penjualnya juga tidak respon chat ,nyesel saya beli di sini karena ada kesalahan alamat mau ganti,tidak di respon alhasil paket ngilang, thanks punjul ramah",2,0,2025-07-11T08:50:34+00:00,945139764,,Tas Laptop Backpack Ransel Casual Waterproof 14 15 16 inch USB Port,Ransel Pria,Abu,berguna,timbang klo mau beli batal jual respon chat nyesel beli sini salah alamat mau ganti respon alhasil paket ngilang thanks punjul ramah,timbang klo mau beli batal jual respon chat nyesel beli sini salah alamat mau ganti respon alhasil paket ngilang thanks punjul ramah,22,neutral,0.6
rezzzz812,Desain:hi bagus sekali tas nya,4,0,2024-07-22T12:25:27+00:00,1125296378,,Tas Laptop Backpack Ransel Casual Waterproof 14 15 16 inch USB Port,Ransel Pria,Hitam,berguna,desain hi bagus sekali tas nya,desain hi bagus sekali tas nya,6,positive,1.0
egafarendi,"Desain:bagus
Warna:bagus
Ketebalan:tebel",5,0,2025-09-11T12:50:23+00:00,918223923,,Tas Laptop Backpack Ransel Casual Waterproof 14 15 16 inch USB Port,Ransel Pria,Abu,berguna,desain bagus warna bagus tebal tebel,desain bagus warna bagus tebal tebel,6,positive,1.0
ov95zas_of,Kecil,1,0,2023-09-30T21:47:18+00:00,923543206,,Tas Laptop Backpack Ransel Casual Waterproof 14 15 16 inch USB Port,Ransel Pria,Hitam,berguna,kecil,kecil,1,negative,1.0
budisan1009,"Desain:bagus
Warna:sesuai
Ketebalan:coll",4,0,2024-08-14T07:28:48+00:00,209097107,,Tas Laptop Backpack Ransel Casual Waterproof 14 15 16 inch USB Port,Ransel Pria,Abu,berguna,desain bagus warna sesuai tebal coll,desain bagus warna sesuai tebal coll,6,positive,1.0
mira3a1,,3,0,2022-07-25T04:21:48+00:00,96838019,,Tas Laptop Backpack Ransel Casual Waterproof 14 15 16 inch USB Port,Ransel Pria,Hitam,tidak_berguna,,,1,neutral,0.6
hakdhwjksdhh,,3,0,2023-12-13T10:30:21+00:00,473263694,,Tas Laptop Backpack Ransel Casual Waterproof 14 15 16 inch USB Port,Ransel Pria,Hitam,tidak_berguna,,,1,neutral,0.6
fvoot9msv0,"Warna:hitam
Tampilan:bagus

Lumayan",4,0,2023-09-14T13:49:08+00:00,798163373,,Tas Laptop Backpack Ransel Casual Waterproof 14 15 16 inch USB Port,Ransel Pria,Hitam,berguna,warna hitam tampil bagus lumayan,warna hitam tampil bagus lumayan,5,positive,1.0
ika_dodo.070599,Ketebalan:mantap,4,0,2024-06-29T00:27:29+00:00,320283205,,Tas Laptop Backpack Ransel Casual Waterproof 14 15 16 inch USB Port,Ransel Pria,Hitam,berguna,tebal mantap,tebal mantap,2,positive,1.0
tonykurniawan0,Tidak sesuai yg di gambar yg Dateng malah beda,1,0,2024-09-29T06:11:59+00:00,428856056,,Tas Laptop Backpack Ransel Casual Waterproof 14 15 16 inch USB Port,Ransel Pria,Hitam,berguna,sesuai yg gambar yg dateng malah beda,sesuai yg gambar yg dateng malah beda,7,neutral,0.6
v*****n,"Resleting nya nggak kuat, belum apa² udah patah",3,0,2024-07-02T09:35:16+00:00,221684476,,Tas Laptop Backpack Ransel Casual Waterproof 14 15 16 inch USB Port,Ransel Pria,Abu,berguna,resleting nya kuat apa udah patah,resleting nya kuat apa udah patah,6,negative,1.0
sikunwe,"Desain:sangat baik
Warna:hitam, sesuai yg diinginkan
Ketebalan:cukup tebal

Paket dah diterima, packing bisa tapi aman.
Trimakasih",5,0,2025-08-10T13:56:49+00:00,111397774,,Tas Laptop Backpack Ransel Casual Waterproof 14 15 16 inch USB Port,Ransel Pria,Hitam,berguna,desain sangat baik warna hitam sesuai yg ingin tebal cukup tebal paket dah terima packing aman trimakasih,desain sangat baik warna hitam sesuai yg ingin tebal cukup tebal paket dah terima packing aman trimakasih,17,positive,1.0
udin_batubata,"Desain:mantap jiwa
Warna:sangat keren dan bahan nya bagus
Ketebalan:barang bagus dan lumayan tebal",5,0,2025-10-01T02:10:09+00:00,1238885077,,Tas Laptop Backpack Ransel Casual Waterproof 14 15 16 inch USB Port,Ransel Pria,Hitam,berguna,desain mantap jiwa warna sangat keren bahan nya bagus tebal barang bagus lumayan tebal,desain mantap jiwa warna sangat keren bahan nya bagus tebal barang bagus lumayan tebal,14,positive,1.0
lo5wij3y_e,"Desain:tampilan bagus
Warna:sesuai
Ketebalan:kurang tebal

Lumanyan worth itu untuk harga segitu. Hanya untuk busa, kurang tebal sedikit. Tapi nggak apa2. Secara keseluruhan, bagus. Mudah2han awet untuk mondok nanti. Pengiriman cepat. Kurir ramah. Bagus secara keseluruhan.",5,0,2025-07-01T23:17:53+00:00,1080650188,,Tas Laptop Backpack Ransel Casual Waterproof 14 15 16 inch USB Port,Ransel Pria,Hitam,berguna,desain tampil bagus warna sesuai tebal kurang tebal lumanyan worth harga segitu busa kurang tebal sedikit apa2 seluruh bagus mudah2han awet mondok kirim cepat kurir ramah bagus seluruh,desain tampil bagus warna sesuai tebal kurang tebal lumanyan worth harga segitu busa kurang tebal sedikit apa2 seluruh bagus mudah2han awet mondok kirim cepat kurir ramah bagus seluruh,28,positive,0.7714285714285714
zunun683,"Desain:bagus
Warna:bagus tapi harus hati-hati soalnya warna abu jadi gampang kotor
Ketebalan:tebal

Bagus semoga awet ya Allah",5,0,2025-06-29T10:46:48+00:00,1052088458,,Tas Laptop Backpack Ransel Casual Waterproof 14 15 16 inch USB Port,Ransel Pria,Abu,berguna,desain bagus warna bagus hati hati soal warna abu jadi gampang kotor tebal tebal bagus moga awet allah,desain bagus warna bagus hati hati soal warna abu jadi gampang kotor tebal tebal bagus moga awet allah,18,positive,1.0
l*****e,"Warna:hitam
Tampilan:eksklusive

Ranselnya bagus, banyak tempat untuk menyimpan barang kecil yang diperlukan . Bahan ransel tidak basah saat kena air.",5,0,2023-11-02T09:09:06+00:00,47831264,,Tas Laptop Backpack Ransel Casual Waterproof 14 15 16 inch USB Port,Ransel Pria,Hitam,berguna,warna hitam tampil eksklusive ransel bagus banyak tempat simpan barang kecil perlu bahan ransel basah kena air,warna hitam tampil eksklusive ransel bagus banyak tempat simpan barang kecil perlu bahan ransel basah kena air,17,neutral,0.6
r*****t,pesanan sudah sampai dengan selamat dan sesuai dengan pesanan,5,1,2025-07-02T03:04:16+00:00,30859686,,Tas Laptop Backpack Ransel Casual Waterproof 14 15 16 inch USB Port,Ransel Pria,Hitam,berguna,pesan selamat sesuai pesan,pesan selamat sesuai pesan,4,neutral,0.6
galerifbcreative,"Warna:Bagus bgt
Tampilan:ok

Terima kasih seller sudah kirim sesuai pesanan",5,0,2024-04-29T06:00:38+00:00,6851761,,Tas Laptop Backpack Ransel Casual Waterproof 14 15 16 inch USB Port,Ransel Pria,Abu,berguna,warna bagus bgt tampil terima kasih seller kirim sesuai pesan,warna bagus bgt tampil terima kasih seller kirim sesuai pesan,10,positive,1.0
talitazahran17,"Kepala resletingna pecah, udh kita buat komplen, tetapi hrga pngembaliannya tdk sesuai dgn hrga toko. Rugiii d daya klw gt.. 😔😔😔😔",2,1,2024-07-17T06:02:08+00:00,172593974,,Tas Laptop Backpack Ransel Casual Waterproof 14 15 16 inch USB Port,Ransel Pria,Hitam,berguna,kepala resletingna pecah udh buat komplen hrga pngembaliannya tdk sesuai dgn hrga toko rugiii d daya klw gt,kepala resletingna pecah udh buat komplen hrga pngembaliannya tdk sesuai dgn hrga toko rugiii d daya klw gt,18,negative,1.0
alfanasayoga,"Warna:Hitam
Tampilan:Mantap👍

Ok makasih gak nyesel dah beli lumayan bahan nyaman untuk harga segitu sih worth it pengiriman pun cepet makasih seller",5,0,2023-09-16T12:38:13+00:00,493984864,,Tas Laptop Backpack Ransel Casual Waterproof 14 15 16 inch USB Port,Ransel Pria,Hitam,berguna,warna hitam tampil mantap makasih gak nyesel dah beli lumayan bahan nyaman harga segitu sih worth it kirim cepet makasih seller,warna hitam tampil mantap makasih gak nyesel dah beli lumayan bahan nyaman harga segitu sih worth it kirim cepet makasih seller,21,positive,1.0
venynoviyanti928,"Desain:tampilanya keren tidak pasaran
Warna:sesuai yang dipesan
Ketebalan:sesuai harga bagussss

The best lah sesuai harga kualitasya",5,0,2024-06-05T10:13:14+00:00,879064893,,Tas Laptop Backpack Ransel Casual Waterproof 14 15 16 inch USB Port,Ransel Pria,Abu,berguna,desain tampilanya keren pasar warna sesuai pes tebal sesuai harga bagussss the best lah sesuai harga kualitasya,desain tampilanya keren pasar warna sesuai pes tebal sesuai harga bagussss the best lah sesuai harga kualitasya,17,positive,1.0
syahrulsaja218,"Warna:Abu
Tampilan:Mantap

Sesuai dengan yang diharapkan😃, pengiriman juga cepat tasnya juga muat buat nyimpan laptop. 
Terbaik dah🔥",5,0,2024-03-29T13:17:32+00:00,1177683591,,Tas Laptop Backpack Ransel Casual Waterproof 14 15 16 inch USB Port,Ransel Pria,Abu,berguna,warna abu tampil mantap sesuai harap kirim cepat tas muat buat nyimpan laptop baik dah,warna abu tampil mantap sesuai harap kirim cepat tas muat buat nyimpan laptop baik dah,15,positive,1.0
nurhermanwati,Bahannya halus lembut... Bagus pkoknya👍👍👍,5,0,2024-07-18T04:29:07+00:00,56526477,,Tas Laptop Backpack Ransel Casual Waterproof 14 15 16 inch USB Port,Ransel Pria,Hitam,berguna,bahan halus lembut bagus pkoknya,bahan halus lembut bagus pkoknya,5,positive,1.0
amirruddin007,Mantap,5,0,2024-12-29T10:17:47+00:00,889340748,,Tas Laptop Backpack Ransel Casual Waterproof 14 15 16 inch USB Port,Ransel Pria,Abu,berguna,mantap,mantap,1,positive,1.0
yulierafli,,5,0,2024-06-15T07:29:38+00:00,32190143,,Tas Laptop Backpack Ransel Casual Waterproof 14 15 16 inch USB Port,Ransel Pria,Hitam,tidak_berguna,,,1,neutral,0.6
uxyswqur9r,"Desain:ok
Warna:ok
Ketebalan:ok",5,0,2024-06-02T07:27:47+00:00,537854625,,Tas Laptop Backpack Ransel Casual Waterproof 14 15 16 inch USB Port,Ransel Pria,Abu,berguna,desain warna tebal,desain warna tebal,3,neutral,0.6
jesikamanurung924,,5,0,2024-07-16T05:19:26+00:00,1087423990,,Tas Laptop Backpack Ransel Casual Waterproof 14 15 16 inch USB Port,Ransel Pria,Hitam,tidak_berguna,,,1,neutral,0.6
evy_suyenti,,5,0,2024-06-25T01:56:07+00:00,4195965,,Tas Laptop Backpack Ransel Casual Waterproof 14 15 16 inch USB Port,Ransel Pria,Hitam,tidak_berguna,,,1,neutral,0.6
yuliaayu06,,5,0,2024-06-29T00:29:54+00:00,43529619,,Tas Laptop Backpack Ransel Casual Waterproof 14 15 16 inch USB Port,Ransel Pria,Hitam,tidak_berguna,,,1,neutral,0.6
nesalesthare,,5,0,2024-07-06T09:45:36+00:00,115509292,,Tas Laptop Backpack Ransel Casual Waterproof 14 15 16 inch USB Port,Ransel Pria,Abu,tidak_berguna,,,1,neutral,0.6
yenidwiseptiana98,,5,0,2024-07-07T06:38:44+00:00,310045525,,Tas Laptop Backpack Ransel Casual Waterproof 14 15 16 inch USB Port,Ransel Pria,Abu,tidak_berguna,,,1,neutral,0.6
mischa2024,,5,0,2024-08-12T08:40:45+00:00,116704201,,Tas Laptop Backpack Ransel Casual Waterproof 14 15 16 inch USB Port,Ransel Pria,Abu,tidak_berguna,,,1,neutral,0.6
inayzuzu,,5,0,2024-08-10T11:16:53+00:00,36873127,,Tas Laptop Backpack Ransel Casual Waterproof 14 15 16 inch USB Port,Ransel Pria,Abu,tidak_berguna,,,1,neutral,0.6
yayankheryani,,5,0,2024-07-13T10:46:09+00:00,81050186,,Tas Laptop Backpack Ransel Casual Waterproof 14 15 16 inch USB Port,Ransel Pria,Hitam,tidak_berguna,,,1,neutral,0.6
hasriani_07,,5,0,2024-09-22T12:44:41+00:00,11766787,,Tas Laptop Backpack Ransel Casual Waterproof 14 15 16 inch USB Port,Ransel Pria,Abu,tidak_berguna,,,1,neutral,0.6
ayeshatily,,5,0,2024-08-11T05:14:12+00:00,28141886,,Tas Laptop Backpack Ransel Casual Waterproof 14 15 16 inch USB Port,Ransel Pria,Abu,tidak_berguna,,,1,neutral,0.6
titique83,,5,0,2024-07-24T11:56:45+00:00,13811305,,Tas Laptop Backpack Ransel Casual Waterproof 14 15 16 inch USB Port,Ransel Pria,Abu,tidak_berguna,,,1,neutral,0.6
ernawati_agha,,5,0,2024-05-30T20:49:50+00:00,17604379,,Tas Laptop Backpack Ransel Casual Waterproof 14 15 16 inch USB Port,Ransel Pria,Hitam,tidak_berguna,,,1,neutral,0.6
qanitanature,,5,0,2024-04-20T07:01:01+00:00,64180500,,Tas Laptop Backpack Ransel Casual Waterproof 14 15 16 inch USB Port,Ransel Pria,Abu,tidak_berguna,,,1,neutral,0.6
makcalisdunkz,,4,0,2024-08-17T07:45:26+00:00,15744024,,Tas Laptop Backpack Ransel Casual Waterproof 14 15 16 inch USB Port,Ransel Pria,Abu,tidak_berguna,,,1,neutral,0.6
rosfitahariyadi,,5,0,2024-07-04T12:04:03+00:00,26468704,,Tas Laptop Backpack Ransel Casual Waterproof 14 15 16 inch USB Port,Ransel Pria,Abu,tidak_berguna,,,1,neutral,0.6
a*****7,,5,0,2024-08-09T04:53:57+00:00,280956507,,Tas Laptop Backpack Ransel Casual Waterproof 14 15 16 inch USB Port,Ransel Pria,Abu,tidak_berguna,,,1,neutral,0.6
vivielvihera,,5,0,2024-07-06T08:04:24+00:00,19194474,,Tas Laptop Backpack Ransel Casual Waterproof 14 15 16 inch USB Port,Ransel Pria,Abu,tidak_berguna,,,1,neutral,0.6
surya_dwi13,,5,0,2024-06-06T00:31:51+00:00,106572149,,Tas Laptop Backpack Ransel Casual Waterproof 14 15 16 inch USB Port,Ransel Pria,Hitam,tidak_berguna,,,1,neutral,0.6
sriwatyxie,,4,0,2024-07-10T23:05:46+00:00,62439539,,Tas Laptop Backpack Ransel Casual Waterproof 14 15 16 inch USB Port,Ransel Pria,Hitam,tidak_berguna,,,1,neutral,0.6
yulizar3081,,4,0,2024-07-16T22:18:58+00:00,177362532,,Tas Laptop Backpack Ransel Casual Waterproof 14 15 16 inch USB Port,Ransel Pria,Hitam,tidak_berguna,,,1,neutral,0.6
viviclaudia07,,5,0,2024-05-21T22:53:27+00:00,158303951,,Tas Laptop Backpack Ransel Casual Waterproof 14 15 16 inch USB Port,Ransel Pria,Abu,tidak_berguna,,,1,neutral,0.6
shelma199,,5,0,2024-04-26T01:19:45+00:00,269713234,,Tas Laptop Backpack Ransel Casual Waterproof 14 15 16 inch USB Port,Ransel Pria,Abu,tidak_berguna,,,1,neutral,0.6
h*****3,,5,0,2024-06-14T16:17:47+00:00,165297253,,Tas Laptop Backpack Ransel Casual Waterproof 14 15 16 inch USB Port,Ransel Pria,Abu,tidak_berguna,,,1,neutral,0.6
leli_yanisafitri,,5,0,2024-06-11T03:14:53+00:00,66505473,,Tas Laptop Backpack Ransel Casual Waterproof 14 15 16 inch USB Port,Ransel Pria,Abu,tidak_berguna,,,1,neutral,0.6
zazuk12,,5,0,2024-09-29T05:08:10+00:00,190337291,,Tas Laptop Backpack Ransel Casual Waterproof 14 15 16 inch USB Port,Ransel Pria,Hitam,tidak_berguna,,,1,neutral,0.6
latifahazarialatifahazaria,,5,0,2024-11-08T11:06:38+00:00,48765398,,Tas Laptop Backpack Ransel Casual Waterproof 14 15 16 inch USB Port,Ransel Pria,Hitam,tidak_berguna,,,1,neutral,0.6
paisal_anggara18,,5,0,2024-10-28T03:29:02+00:00,329945099,,Tas Laptop Backpack Ransel Casual Waterproof 14 15 16 inch USB Port,Ransel Pria,Hitam,tidak_berguna,,,1,neutral,0.6
pito_san29,,5,0,2024-05-08T17:06:51+00:00,315850290,,Tas Laptop Backpack Ransel Casual Waterproof 14 15 16 inch USB Port,Ransel Pria,Hitam,tidak_berguna,,,1,neutral,0.6
wahayu_ramadhan33,,5,0,2024-05-14T09:31:52+00:00,158101274,,Tas Laptop Backpack Ransel Casual Waterproof 14 15 16 inch USB Port,Ransel Pria,Hitam,tidak_berguna,,,1,neutral,0.6
rizky_9984,,5,0,2024-06-27T03:03:28+00:00,209032478,,Tas Laptop Backpack Ransel Casual Waterproof 14 15 16 inch USB Port,Ransel Pria,Hitam,tidak_berguna,,,1,neutral,0.6
i*****9,,5,0,2024-07-22T11:41:37+00:00,170027541,,Tas Laptop Backpack Ransel Casual Waterproof 14 15 16 inch USB Port,Ransel Pria,Hitam,tidak_berguna,,,1,neutral,0.6
fif2112,,5,0,2024-09-05T09:56:28+00:00,238053765,,Tas Laptop Backpack Ransel Casual Waterproof 14 15 16 inch USB Port,Ransel Pria,Abu,tidak_berguna,,,1,neutral,0.6
syukur.18_212,,5,0,2024-06-02T12:26:11+00:00,70427527,,Tas Laptop Backpack Ransel Casual Waterproof 14 15 16 inch USB Port,Ransel Pria,Abu,tidak_berguna,,,1,neutral,0.6
wensi_paat,,4,0,2024-07-18T03:34:33+00:00,73996133,,Tas Laptop Backpack Ransel Casual Waterproof 14 15 16 inch USB Port,Ransel Pria,Abu,tidak_berguna,,,1,neutral,0.6
ekap82,,5,0,2024-06-29T09:13:54+00:00,157114910,,Tas Laptop Backpack Ransel Casual Waterproof 14 15 16 inch USB Port,Ransel Pria,Hitam,tidak_berguna,,,1,neutral,0.6
42motor.sparepart,,5,0,2024-07-15T11:45:31+00:00,311536986,,Tas Laptop Backpack Ransel Casual Waterproof 14 15 16 inch USB Port,Ransel Pria,Abu,tidak_berguna,,,1,neutral,0.6
danielbintangpratamagoni,,5,0,2024-07-11T02:34:37+00:00,113764934,,Tas Laptop Backpack Ransel Casual Waterproof 14 15 16 inch USB Port,Ransel Pria,Abu,tidak_berguna,,,1,neutral,0.6
ninazailaok,,5,0,2024-09-02T05:56:34+00:00,175436705,,Tas Laptop Backpack Ransel Casual Waterproof 14 15 16 inch USB Port,Ransel Pria,Abu,tidak_berguna,,,1,neutral,0.6
gunawansetio84,,4,0,2024-08-04T07:46:58+00:00,129117440,,Tas Laptop Backpack Ransel Casual Waterproof 14 15 16 inch USB Port,Ransel Pria,Hitam,tidak_berguna,,,1,neutral,0.6
0838erna,,5,0,2024-07-02T05:37:45+00:00,325652451,,Tas Laptop Backpack Ransel Casual Waterproof 14 15 16 inch USB Port,Ransel Pria,Abu,tidak_berguna,,,1,neutral,0.6
zulfanv16,,5,0,2024-07-28T01:24:52+00:00,437471850,,Tas Laptop Backpack Ransel Casual Waterproof 14 15 16 inch USB Port,Ransel Pria,Hitam,tidak_berguna,,,1,neutral,0.6
ahmadmaliki011,,5,0,2025-01-18T07:27:30+00:00,221058643,,Tas Laptop Backpack Ransel Casual Waterproof 14 15 16 inch USB Port,Ransel Pria,Abu,tidak_berguna,,,1,neutral,0.6
fajerin55,,5,0,2024-06-19T03:30:49+00:00,342137590,,Tas Laptop Backpack Ransel Casual Waterproof 14 15 16 inch USB Port,Ransel Pria,Abu,tidak_berguna,,,1,neutral,0.6
r*****r,,5,0,2024-04-20T01:17:10+00:00,241265691,,Tas Laptop Backpack Ransel Casual Waterproof 14 15 16 inch USB Port,Ransel Pria,Hitam,tidak_berguna,,,1,neutral,0.6
deni_husaeni,,5,0,2024-07-17T04:05:24+00:00,92050332,,Tas Laptop Backpack Ransel Casual Waterproof 14 15 16 inch USB Port,Ransel Pria,Hitam,tidak_berguna,,,1,neutral,0.6
dinaindriya1,,4,0,2024-07-16T01:53:56+00:00,497193551,,Tas Laptop Backpack Ransel Casual Waterproof 14 15 16 inch USB Port,Ransel Pria,Hitam,tidak_berguna,,,1,neutral,0.6
princess_indah,,5,0,2024-07-10T04:13:35+00:00,417566999,,Tas Laptop Backpack Ransel Casual Waterproof 14 15 16 inch USB Port,Ransel Pria,Hitam,tidak_berguna,,,1,neutral,0.6
sayyidaalfa_,,5,0,2024-07-19T03:30:46+00:00,403395829,,Tas Laptop Backpack Ransel Casual Waterproof 14 15 16 inch USB Port,Ransel Pria,Hitam,tidak_berguna,,,1,neutral,0.6
kevinsoghi,,5,0,2024-09-24T14:07:09+00:00,233509478,,Tas Laptop Backpack Ransel Casual Waterproof 14 15 16 inch USB Port,Ransel Pria,Hitam,tidak_berguna,,,1,neutral,0.6
hendy_16,,4,0,2024-07-29T13:00:13+00:00,456601629,,Tas Laptop Backpack Ransel Casual Waterproof 14 15 16 inch USB Port,Ransel Pria,Hitam,tidak_berguna,,,1,neutral,0.6
ipah1508,,5,0,2024-07-15T00:00:51+00:00,341389772,,Tas Laptop Backpack Ransel Casual Waterproof 14 15 16 inch USB Port,Ransel Pria,Hitam,tidak_berguna,,,1,neutral,0.6
soorarla,,5,0,2024-10-07T15:42:49+00:00,404728310,,Tas Laptop Backpack Ransel Casual Waterproof 14 15 16 inch USB Port,Ransel Pria,Abu,tidak_berguna,,,1,neutral,0.6
vincenciuslarins30,,5,0,2024-10-11T08:28:49+00:00,514311264,,Tas Laptop Backpack Ransel Casual Waterproof 14 15 16 inch USB Port,Ransel Pria,Abu,tidak_berguna,,,1,neutral,0.6
srirazan,,5,0,2024-07-14T07:35:40+00:00,148453132,,Tas Laptop Backpack Ransel Casual Waterproof 14 15 16 inch USB Port,Ransel Pria,Hitam,tidak_berguna,,,1,neutral,0.6
jaymdn,,5,0,2024-05-13T01:09:54+00:00,70480897,,Tas Laptop Backpack Ransel Casual Waterproof 14 15 16 inch USB Port,Ransel Pria,Abu,tidak_berguna,,,1,neutral,0.6
nezzjuu,,5,0,2024-08-06T06:45:26+00:00,380891434,,Tas Laptop Backpack Ransel Casual Waterproof 14 15 16 inch USB Port,Ransel Pria,Abu,tidak_berguna,,,1,neutral,0.6
selpiana1512,,4,0,2024-07-23T08:23:23+00:00,543393909,,Tas Laptop Backpack Ransel Casual Waterproof 14 15 16 inch USB Port,Ransel Pria,Hitam,tidak_berguna,,,1,neutral,0.6
theresiakolo527,,5,0,2024-07-18T03:46:11+00:00,1072957308,,Tas Laptop Backpack Ransel Casual Waterproof 14 15 16 inch USB Port,Ransel Pria,Hitam,tidak_berguna,,,1,neutral,0.6
enjum1982,,5,0,2024-07-15T01:46:32+00:00,965752370,,Tas Laptop Backpack Ransel Casual Waterproof 14 15 16 inch USB Port,Ransel Pria,Hitam,tidak_berguna,,,1,neutral,0.6
kangleong097,,5,0,2024-07-17T11:26:01+00:00,1037366048,,Tas Laptop Backpack Ransel Casual Waterproof 14 15 16 inch USB Port,Ransel Pria,Abu,tidak_berguna,,,1,neutral,0.6
6yaej7fap5,,5,0,2024-07-24T13:32:08+00:00,1094708769,,Tas Laptop Backpack Ransel Casual Waterproof 14 15 16 inch USB Port,Ransel Pria,Abu,tidak_berguna,,,1,neutral,0.6
ggdfhy,,5,0,2024-07-24T11:09:52+00:00,416549449,,Tas Laptop Backpack Ransel Casual Waterproof 14 15 16 inch USB Port,Ransel Pria,Abu,tidak_berguna,,,1,neutral,0.6
elfiyandi256,,5,0,2024-07-30T13:16:05+00:00,976218716,,Tas Laptop Backpack Ransel Casual Waterproof 14 15 16 inch USB Port,Ransel Pria,Hitam,tidak_berguna,,,1,neutral,0.6
kai_san01,,5,0,2024-06-10T06:56:25+00:00,779146128,,Tas Laptop Backpack Ransel Casual Waterproof 14 15 16 inch USB Port,Ransel Pria,Abu,tidak_berguna,,,1,neutral,0.6
3l2wdib3ol,,5,0,2024-06-20T06:58:29+00:00,465883869,,Tas Laptop Backpack Ransel Casual Waterproof 14 15 16 inch USB Port,Ransel Pria,Abu,tidak_berguna,,,1,neutral,0.6
pne0n32ath,,5,0,2024-06-25T06:10:51+00:00,436563738,,Tas Laptop Backpack Ransel Casual Waterproof 14 15 16 inch USB Port,Ransel Pria,Abu,tidak_berguna,,,1,neutral,0.6
reza.gumilah,,5,0,2024-07-12T09:38:03+00:00,602043811,,Tas Laptop Backpack Ransel Casual Waterproof 14 15 16 inch USB Port,Ransel Pria,Hitam,tidak_berguna,,,1,neutral,0.6
noviitasyari,,5,0,2024-07-12T10:37:24+00:00,98421647,,Tas Laptop Backpack Ransel Casual Waterproof 14 15 16 inch USB Port,Ransel Pria,Abu,tidak_berguna,,,1,neutral,0.6
dyahyasman555,,5,0,2024-07-10T10:21:19+00:00,1080038831,,Tas Laptop Backpack Ransel Casual Waterproof 14 15 16 inch USB Port,Ransel Pria,Abu,tidak_berguna,,,1,neutral,0.6
ivansimbolon675,,5,0,2024-07-11T00:04:03+00:00,1066134045,,Tas Laptop Backpack Ransel Casual Waterproof 14 15 16 inch USB Port,Ransel Pria,Abu,tidak_berguna,,,1,neutral,0.6
melysary,,5,0,2024-07-11T03:10:34+00:00,825475782,,Tas Laptop Backpack Ransel Casual Waterproof 14 15 16 inch USB Port,Ransel Pria,Abu,tidak_berguna,,,1,neutral,0.6
rendynj13,,5,0,2024-07-07T05:01:46+00:00,685990271,,Tas Laptop Backpack Ransel Casual Waterproof 14 15 16 inch USB Port,Ransel Pria,Hitam,tidak_berguna,,,1,neutral,0.6
a.zaynul.r,,5,0,2024-08-07T11:20:24+00:00,780698401,,Tas Laptop Backpack Ransel Casual Waterproof 14 15 16 inch USB Port,Ransel Pria,Abu,tidak_berguna,,,1,neutral,0.6
rahmatfatturrahman872,,5,0,2024-08-09T07:01:43+00:00,914764434,,Tas Laptop Backpack Ransel Casual Waterproof 14 15 16 inch USB Port,Ransel Pria,Hitam,tidak_berguna,,,1,neutral,0.6
b2okf4t4ks,,5,0,2024-08-24T00:55:12+00:00,1265083961,,Tas Laptop Backpack Ransel Casual Waterproof 14 15 16 inch USB Port,Ransel Pria,Hitam,tidak_berguna,,,1,neutral,0.6
r8tp7pq72k,,5,0,2024-04-18T09:06:56+00:00,676160521,,Tas Laptop Backpack Ransel Casual Waterproof 14 15 16 inch USB Port,Ransel Pria,Hitam,tidak_berguna,,,1,neutral,0.6
nurhandayani918,,5,0,2024-07-16T07:12:53+00:00,1294836926,,Tas Laptop Backpack Ransel Casual Waterproof 14 15 16 inch USB Port,Ransel Pria,Abu,tidak_berguna,,,1,neutral,0.6
vo97wg0h4x,,5,0,2024-07-14T22:42:49+00:00,755426520,,Tas Laptop Backpack Ransel Casual Waterproof 14 15 16 inch USB Port,Ransel Pria,Hitam,tidak_berguna,,,1,neutral,0.6
irhamubaidillah127,,5,0,2024-07-24T07:45:01+00:00,1150726491,,Tas Laptop Backpack Ransel Casual Waterproof 14 15 16 inch USB Port,Ransel Pria,Abu,tidak_berguna,,,1,neutral,0.6
muhammadfebriansyah828,,5,0,2024-05-23T12:36:06+00:00,1258443913,,Tas Laptop Backpack Ransel Casual Waterproof 14 15 16 inch USB Port,Ransel Pria,Abu,tidak_berguna,,,1,neutral,0.6
muhammadfebriansyah828,,5,0,2024-05-23T12:36:22+00:00,1258443913,,Tas Laptop Backpack Ransel Casual Waterproof 14 15 16 inch USB Port,Ransel Pria,Hitam,tidak_berguna,,,1,neutral,0.6
hafid_03,,5,0,2024-05-31T10:29:16+00:00,452611062,,Tas Laptop Backpack Ransel Casual Waterproof 14 15 16 inch USB Port,Ransel Pria,Hitam,tidak_berguna,,,1,neutral,0.6
mydiana402,,5,0,2024-06-02T14:40:54+00:00,968622064,,Tas Laptop Backpack Ransel Casual Waterproof 14 15 16 inch USB Port,Ransel Pria,Abu,tidak_berguna,,,1,neutral,0.6
mydiana402,,5,0,2024-06-02T14:40:37+00:00,968622064,,Tas Laptop Backpack Ransel Casual Waterproof 14 15 16 inch USB Port,Ransel Pria,Hitam,tidak_berguna,,,1,neutral,0.6
ratuuu00,,5,0,2024-06-02T17:53:50+00:00,821981731,,Tas Laptop Backpack Ransel Casual Waterproof 14 15 16 inch USB Port,Ransel Pria,Hitam,tidak_berguna,,,1,neutral,0.6
poejakaalmurinda,,5,0,2024-06-06T10:14:09+00:00,1152450854,,Tas Laptop Backpack Ransel Casual Waterproof 14 15 16 inch USB Port,Ransel Pria,Hitam,tidak_berguna,,,1,neutral,0.6
quinbhi08,,5,0,2024-07-14T06:16:56+00:00,1041902023,,Tas Laptop Backpack Ransel Casual Waterproof 14 15 16 inch USB Port,Ransel Pria,Abu,tidak_berguna,,,1,neutral,0.6
farezawardhana,,5,0,2024-07-12T02:19:04+00:00,677364941,,Tas Laptop Backpack Ransel Casual Waterproof 14 15 16 inch USB Port,Ransel Pria,Hitam,tidak_berguna,,,1,neutral,0.6
gubvifqj25,,5,0,2024-07-04T14:43:24+00:00,1109527172,,Tas Laptop Backpack Ransel Casual Waterproof 14 15 16 inch USB Port,Ransel Pria,Abu,tidak_berguna,,,1,neutral,0.6
syl5s_91_q,,5,0,2024-06-30T07:52:33+00:00,988265225,,Tas Laptop Backpack Ransel Casual Waterproof 14 15 16 inch USB Port,Ransel Pria,Hitam,tidak_berguna,,,1,neutral,0.6
lijalija577,,5,0,2024-07-09T15:02:25+00:00,1247109500,,Tas Laptop Backpack Ransel Casual Waterproof 14 15 16 inch USB Port,Ransel Pria,Hitam,tidak_berguna,,,1,neutral,0.6
rizki_batim,,5,0,2024-07-10T11:11:40+00:00,499474688,,Tas Laptop Backpack Ransel Casual Waterproof 14 15 16 inch USB Port,Ransel Pria,Abu,tidak_berguna,,,1,neutral,0.6
tuti_maryan1,,5,0,2024-05-11T07:14:52+00:00,911615996,,Tas Laptop Backpack Ransel Casual Waterproof 14 15 16 inch USB Port,Ransel Pria,Abu,tidak_berguna,,,1,neutral,0.6
jimmy_9929,,5,0,2024-05-08T08:22:17+00:00,994243239,,Tas Laptop Backpack Ransel Casual Waterproof 14 15 16 inch USB Port,Ransel Pria,Hitam,tidak_berguna,,,1,neutral,0.6
eamfhd881o,,5,0,2024-05-14T19:58:30+00:00,919192726,,Tas Laptop Backpack Ransel Casual Waterproof 14 15 16 inch USB Port,Ransel Pria,Hitam,tidak_berguna,,,1,neutral,0.6
aryasptraaaa_,,5,0,2024-08-03T09:50:19+00:00,572396221,,Tas Laptop Backpack Ransel Casual Waterproof 14 15 16 inch USB Port,Ransel Pria,Abu,tidak_berguna,,,1,neutral,0.6
auliaputtry,,5,0,2024-08-05T09:57:24+00:00,133312634,,Tas Laptop Backpack Ransel Casual Waterproof 14 15 16 inch USB Port,Ransel Pria,Abu,tidak_berguna,,,1,neutral,0.6
saefullahaditya,,5,0,2024-08-03T02:09:36+00:00,778087867,,Tas Laptop Backpack Ransel Casual Waterproof 14 15 16 inch USB Port,Ransel Pria,Hitam,tidak_berguna,,,1,neutral,0.6
dianmariyani29,,5,0,2025-02-26T06:47:34+00:00,374740036,,Tas Laptop Backpack Ransel Casual Waterproof 14 15 16 inch USB Port,Ransel Pria,Hitam,tidak_berguna,,,1,neutral,0.6
ifsallimanauw,,5,0,2024-08-27T03:17:10+00:00,957914734,,Tas Laptop Backpack Ransel Casual Waterproof 14 15 16 inch USB Port,Ransel Pria,Abu,tidak_berguna,,,1,neutral,0.6
and_on,,5,0,2024-09-20T16:07:47+00:00,587211829,,Tas Laptop Backpack Ransel Casual Waterproof 14 15 16 inch USB Port,Ransel Pria,Abu,tidak_berguna,,,1,neutral,0.6
atanasius_123,,5,0,2024-09-23T10:03:50+00:00,468316551,,Tas Laptop Backpack Ransel Casual Waterproof 14 15 16 inch USB Port,Ransel Pria,Hitam,tidak_berguna,,,1,neutral,0.6
bllshop,,5,0,2024-09-29T08:40:32+00:00,423861068,,Tas Laptop Backpack Ransel Casual Waterproof 14 15 16 inch USB Port,Ransel Pria,Abu,tidak_berguna,,,1,neutral,0.6
seniraraykhana,,5,0,2024-10-15T02:09:38+00:00,543717273,,Tas Laptop Backpack Ransel Casual Waterproof 14 15 16 inch USB Port,Ransel Pria,Abu,tidak_berguna,,,1,neutral,0.6
enrsmuxk8j,,5,0,2024-11-09T04:35:36+00:00,365266727,,Tas Laptop Backpack Ransel Casual Waterproof 14 15 16 inch USB Port,Ransel Pria,Abu,tidak_berguna,,,1,neutral,0.6
miarlihartamulyanah,,5,0,2024-11-24T23:19:25+00:00,140499753,,Tas Laptop Backpack Ransel Casual Waterproof 14 15 16 inch USB Port,Ransel Pria,Hitam,tidak_berguna,,,1,neutral,0.6
ktsdiera,,4,0,2024-07-20T10:33:02+00:00,656229402,,Tas Laptop Backpack Ransel Casual Waterproof 14 15 16 inch USB Port,Ransel Pria,Abu,tidak_berguna,,,1,neutral,0.6
dzakizz,,4,0,2024-07-13T05:48:32+00:00,770122826,,Tas Laptop Backpack Ransel Casual Waterproof 14 15 16 inch USB Port,Ransel Pria,Abu,tidak_berguna,,,1,neutral,0.6
mutiarapertiwi13_,,4,0,2024-05-06T01:31:43+00:00,314151641,,Tas Laptop Backpack Ransel Casual Waterproof 14 15 16 inch USB Port,Ransel Pria,Abu,tidak_berguna,,,1,neutral,0.6
adjienugroho309,,4,0,2024-07-16T22:54:07+00:00,1030608559,,Tas Laptop Backpack Ransel Casual Waterproof 14 15 16 inch USB Port,Ransel Pria,Abu,tidak_berguna,,,1,neutral,0.6
ju91p7w_s5,,4,0,2024-06-22T13:16:48+00:00,1183747914,,Tas Laptop Backpack Ransel Casual Waterproof 14 15 16 inch USB Port,Ransel Pria,Abu,tidak_berguna,,,1,neutral,0.6
a*****a,,4,0,2024-07-14T09:01:14+00:00,1136416731,,Tas Laptop Backpack Ransel Casual Waterproof 14 15 16 inch USB Port,Ransel Pria,Hitam,tidak_berguna,,,1,neutral,0.6
jalemanbonifasiussimanju,,4,0,2024-08-07T14:13:03+00:00,1197244595,,Tas Laptop Backpack Ransel Casual Waterproof 14 15 16 inch USB Port,Ransel Pria,Hitam,tidak_berguna,,,1,neutral,0.6
fathusururi,,4,0,2024-09-11T11:46:21+00:00,705145164,,Tas Laptop Backpack Ransel Casual Waterproof 14 15 16 inch USB Port,Ransel Pria,Hitam,tidak_berguna,,,1,neutral,0.6
a*****1,,4,0,2025-01-21T13:59:03+00:00,121533617,,Tas Laptop Backpack Ransel Casual Waterproof 14 15 16 inch USB Port,Ransel Pria,Abu,tidak_berguna,,,1,neutral,0.6
hermansht,,4,0,2025-02-14T09:46:45+00:00,907799137,,Tas Laptop Backpack Ransel Casual Waterproof 14 15 16 inch USB Port,Ransel Pria,Hitam,tidak_berguna,,,1,neutral,0.6
wafamamul900,,3,0,2024-07-20T04:58:19+00:00,1036740632,,Tas Laptop Backpack Ransel Casual Waterproof 14 15 16 inch USB Port,Ransel Pria,Abu,tidak_berguna,,,1,neutral,0.6
yogaharianja867,,3,0,2024-09-23T02:54:54+00:00,1179663258,,Tas Laptop Backpack Ransel Casual Waterproof 14 15 16 inch USB Port,Ransel Pria,Abu,tidak_berguna,,,1,neutral,0.6
a*****h,,3,0,2024-09-23T13:28:53+00:00,348102058,,Tas Laptop Backpack Ransel Casual Waterproof 14 15 16 inch USB Port,Ransel Pria,Abu,tidak_berguna,,,1,neutral,0.6
rafiealfarizkykhairunnis,,2,0,2024-04-27T23:57:48+00:00,893657877,,Tas Laptop Backpack Ransel Casual Waterproof 14 15 16 inch USB Port,Ransel Pria,Hitam,tidak_berguna,,,1,neutral,0.6
kangbelanja.2,,5,0,2024-08-21T05:12:18+00:00,445332780,,Tas Laptop Backpack Ransel Casual Waterproof 14 15 16 inch USB Port,Ransel Pria,Hitam,tidak_berguna,,,1,neutral,0.6
kadafii09,,5,1,2024-07-09T11:55:31+00:00,1013126957,,Tas Laptop Backpack Ransel Casual Waterproof 14 15 16 inch USB Port,Ransel Pria,Abu,tidak_berguna,,,1,neutral,0.6
hamzahalvadil476,,5,0,2024-03-26T12:19:18+00:00,868044420,,Tas Laptop Backpack Ransel Casual Waterproof 14 15 16 inch USB Port,Ransel Pria,Hitam,tidak_berguna,,,1,neutral,0.6
febiodimas,,5,0,2024-03-25T04:49:00+00:00,101261317,,Tas Laptop Backpack Ransel Casual Waterproof 14 15 16 inch USB Port,Ransel Pria,Hitam,tidak_berguna,,,1,neutral,0.6
shelvvyprichilliaa,,5,0,2024-03-21T15:30:51+00:00,104188314,,Tas Laptop Backpack Ransel Casual Waterproof 14 15 16 inch USB Port,Ransel Pria,Abu,tidak_berguna,,,1,neutral,0.6
palemlestari08,,5,0,2024-03-19T04:20:22+00:00,116348338,,Tas Laptop Backpack Ransel Casual Waterproof 14 15 16 inch USB Port,Ransel Pria,Hitam,tidak_berguna,,,1,neutral,0.6
rev64an,,5,1,2024-09-25T11:26:31+00:00,131593141,,Tas Laptop Backpack Ransel Casual Waterproof 14 15 16 inch USB Port,Ransel Pria,Hitam,tidak_berguna,,,1,neutral,0.6
n*****y,,5,0,2024-03-11T15:26:22+00:00,104657144,,Tas Laptop Backpack Ransel Casual Waterproof 14 15 16 inch USB Port,Ransel Pria,Abu,tidak_berguna,,,1,neutral,0.6
alexpratama288,,4,0,2024-03-09T16:44:19+00:00,1039974375,,Tas Laptop Backpack Ransel Casual Waterproof 14 15 16 inch USB Port,Ransel Pria,Hitam,tidak_berguna,,,1,neutral,0.6
santy576,,5,0,2024-02-28T10:01:31+00:00,297484851,,Tas Laptop Backpack Ransel Casual Waterproof 14 15 16 inch USB Port,Ransel Pria,Hitam,tidak_berguna,,,1,neutral,0.6
amrym29,,5,0,2024-02-29T22:41:38+00:00,858730378,,Tas Laptop Backpack Ransel Casual Waterproof 14 15 16 inch USB Port,Ransel Pria,Abu,tidak_berguna,,,1,neutral,0.6
husnatulaini460,,5,0,2024-02-29T02:15:32+00:00,749577974,,Tas Laptop Backpack Ransel Casual Waterproof 14 15 16 inch USB Port,Ransel Pria,Abu,tidak_berguna,,,1,neutral,0.6
zakihisyam914,,5,0,2024-02-24T13:58:00+00:00,1000631194,,Tas Laptop Backpack Ransel Casual Waterproof 14 15 16 inch USB Port,Ransel Pria,Abu,tidak_berguna,,,1,neutral,0.6
toko_jualankuu,,5,0,2024-02-23T00:09:47+00:00,527639634,,Tas Laptop Backpack Ransel Casual Waterproof 14 15 16 inch USB Port,Ransel Pria,Abu,tidak_berguna,,,1,neutral,0.6
yohanesjefrianusn.m,,5,0,2024-02-20T06:34:29+00:00,654851625,,Tas Laptop Backpack Ransel Casual Waterproof 14 15 16 inch USB Port,Ransel Pria,Abu,tidak_berguna,,,1,neutral,0.6
rohmawatyrohmawaty737,,5,0,2024-02-17T01:19:26+00:00,1000481587,,Tas Laptop Backpack Ransel Casual Waterproof 14 15 16 inch USB Port,Ransel Pria,Hitam,tidak_berguna,,,1,neutral,0.6
bw9gce64nr,,4,0,2024-02-17T10:41:39+00:00,1186937252,,Tas Laptop Backpack Ransel Casual Waterproof 14 15 16 inch USB Port,Ransel Pria,Hitam,tidak_berguna,,,1,neutral,0.6
sigitbudiprabowo99,,5,0,2024-02-11T10:09:39+00:00,226030261,,Tas Laptop Backpack Ransel Casual Waterproof 14 15 16 inch USB Port,Ransel Pria,Abu,tidak_berguna,,,1,neutral,0.6
tonykurniawan0,,3,0,2024-02-01T09:26:12+00:00,428856056,,Tas Laptop Backpack Ransel Casual Waterproof 14 15 16 inch USB Port,Ransel Pria,Hitam,tidak_berguna,,,1,neutral,0.6
irwansbll,,5,0,2024-01-27T11:11:35+00:00,614723135,,Tas Laptop Backpack Ransel Casual Waterproof 14 15 16 inch USB Port,Ransel Pria,Abu,tidak_berguna,,,1,neutral,0.6
muhamadaditiyaaliefjanat,,5,0,2024-01-26T04:06:27+00:00,1162055826,,Tas Laptop Backpack Ransel Casual Waterproof 14 15 16 inch USB Port,Ransel Pria,Hitam,tidak_berguna,,,1,neutral,0.6
rosanitita,,5,0,2024-01-15T01:11:14+00:00,93536499,,Tas Laptop Backpack Ransel Casual Waterproof 14 15 16 inch USB Port,Ransel Pria,Abu,tidak_berguna,,,1,neutral,0.6
o5xxni8_s7,,4,0,2024-01-21T14:44:27+00:00,1032976638,,Tas Laptop Backpack Ransel Casual Waterproof 14 15 16 inch USB Port,Ransel Pria,Hitam,tidak_berguna,,,1,neutral,0.6
akunbaru320,,2,0,2024-01-21T23:53:07+00:00,657254854,,Tas Laptop Backpack Ransel Casual Waterproof 14 15 16 inch USB Port,Ransel Pria,Hitam,tidak_berguna,,,1,neutral,0.6
yulianaeka180,,5,0,2024-01-10T04:26:07+00:00,554195445,,Tas Laptop Backpack Ransel Casual Waterproof 14 15 16 inch USB Port,Ransel Pria,Abu,tidak_berguna,,,1,neutral,0.6
abdussalamrais,,4,0,2024-01-07T22:09:41+00:00,645555127,,Tas Laptop Backpack Ransel Casual Waterproof 14 15 16 inch USB Port,Ransel Pria,Hitam,tidak_berguna,,,1,neutral,0.6
jaslim2206,,5,0,2024-01-04T21:26:20+00:00,477638635,,Tas Laptop Backpack Ransel Casual Waterproof 14 15 16 inch USB Port,Ransel Pria,Hitam,tidak_berguna,,,1,neutral,0.6
fiiiiaaaa,,5,0,2023-12-23T09:39:32+00:00,242268511,,Tas Laptop Backpack Ransel Casual Waterproof 14 15 16 inch USB Port,Ransel Pria,Hitam,tidak_berguna,,,1,neutral,0.6
inne210590,,5,0,2023-12-14T06:43:24+00:00,111600966,,Tas Laptop Backpack Ransel Casual Waterproof 14 15 16 inch USB Port,Ransel Pria,Hitam,tidak_berguna,,,1,neutral,0.6
hikmat2000,,5,0,2023-12-21T08:49:42+00:00,1051112850,,Tas Laptop Backpack Ransel Casual Waterproof 14 15 16 inch USB Port,Ransel Pria,Hitam,tidak_berguna,,,1,neutral,0.6
otre78,,5,0,2023-12-20T09:39:42+00:00,340029236,,Tas Laptop Backpack Ransel Casual Waterproof 14 15 16 inch USB Port,Ransel Pria,Hitam,tidak_berguna,,,1,neutral,0.6
margono_1974,,5,0,2023-12-16T04:53:06+00:00,501916316,,Tas Laptop Backpack Ransel Casual Waterproof 14 15 16 inch USB Port,Ransel Pria,Abu,tidak_berguna,,,1,neutral,0.6
2f6e_t3f7m,,5,0,2023-12-13T09:32:54+00:00,942555333,,Tas Laptop Backpack Ransel Casual Waterproof 14 15 16 inch USB Port,Ransel Pria,Hitam,tidak_berguna,,,1,neutral,0.6
82zhandgpk,,5,0,2023-12-14T14:27:49+00:00,1130457019,,Tas Laptop Backpack Ransel Casual Waterproof 14 15 16 inch USB Port,Ransel Pria,Abu,tidak_berguna,,,1,neutral,0.6
clara._.98,,5,0,2023-12-08T03:30:19+00:00,439760426,,Tas Laptop Backpack Ransel Casual Waterproof 14 15 16 inch USB Port,Ransel Pria,Abu,tidak_berguna,,,1,neutral,0.6
kenzieoalem,,4,0,2023-12-08T09:22:03+00:00,634782152,,Tas Laptop Backpack Ransel Casual Waterproof 14 15 16 inch USB Port,Ransel Pria,Abu,tidak_berguna,,,1,neutral,0.6
alidzaky,,5,0,2023-11-16T23:39:30+00:00,34386350,,Tas Laptop Backpack Ransel Casual Waterproof 14 15 16 inch USB Port,Ransel Pria,Hitam,tidak_berguna,,,1,neutral,0.6
meirisapuspita23,,5,0,2023-11-23T13:01:18+00:00,32811828,,Tas Laptop Backpack Ransel Casual Waterproof 14 15 16 inch USB Port,Ransel Pria,Hitam,tidak_berguna,,,1,neutral,0.6
lta096qxr0,,4,0,2023-12-04T07:26:49+00:00,1115402313,,Tas Laptop Backpack Ransel Casual Waterproof 14 15 16 inch USB Port,Ransel Pria,Hitam,tidak_berguna,,,1,neutral,0.6
alansuherlan1310,,5,0,2023-12-02T11:45:13+00:00,94235737,,Tas Laptop Backpack Ransel Casual Waterproof 14 15 16 inch USB Port,Ransel Pria,Abu,tidak_berguna,,,1,neutral,0.6
nurinoelarasati,,5,0,2023-11-09T01:49:54+00:00,28357459,,Tas Laptop Backpack Ransel Casual Waterproof 14 15 16 inch USB Port,Ransel Pria,Abu,tidak_berguna,,,1,neutral,0.6
deiiutami93,,5,0,2023-11-24T18:07:01+00:00,6332752,,Tas Laptop Backpack Ransel Casual Waterproof 14 15 16 inch USB Port,Ransel Pria,Abu,tidak_berguna,,,1,neutral,0.6
ikhagdhee,,5,0,2023-11-03T10:34:53+00:00,56057365,,Tas Laptop Backpack Ransel Casual Waterproof 14 15 16 inch USB Port,Ransel Pria,Hitam,tidak_berguna,,,1,neutral,0.6
didik.d09,,5,0,2023-11-20T05:04:15+00:00,415889636,,Tas Laptop Backpack Ransel Casual Waterproof 14 15 16 inch USB Port,Ransel Pria,Abu,tidak_berguna,,,1,neutral,0.6
iman_2017,,5,0,2023-10-30T11:29:54+00:00,25577670,,Tas Laptop Backpack Ransel Casual Waterproof 14 15 16 inch USB Port,Ransel Pria,Hitam,tidak_berguna,,,1,neutral,0.6
noviani043,,5,0,2023-11-23T08:00:24+00:00,868364554,,Tas Laptop Backpack Ransel Casual Waterproof 14 15 16 inch USB Port,Ransel Pria,Hitam,tidak_berguna,,,1,neutral,0.6
h*****i,,5,0,2023-10-15T12:44:38+00:00,43321267,,Tas Laptop Backpack Ransel Casual Waterproof 14 15 16 inch USB Port,Ransel Pria,Hitam,tidak_berguna,,,1,neutral,0.6
mulaandreini,,5,0,2023-10-17T05:02:43+00:00,19250171,,Tas Laptop Backpack Ransel Casual Waterproof 14 15 16 inch USB Port,Ransel Pria,Hitam,tidak_berguna,,,1,neutral,0.6
mfarabi155,,5,0,2023-11-17T03:53:47+00:00,436181211,,Tas Laptop Backpack Ransel Casual Waterproof 14 15 16 inch USB Port,Ransel Pria,Hitam,tidak_berguna,,,1,neutral,0.6
razibghani,,5,0,2023-11-16T07:55:29+00:00,60204295,,Tas Laptop Backpack Ransel Casual Waterproof 14 15 16 inch USB Port,Ransel Pria,Abu,tidak_berguna,,,1,neutral,0.6
bigonri,,5,0,2023-11-15T14:28:43+00:00,760203529,,Tas Laptop Backpack Ransel Casual Waterproof 14 15 16 inch USB Port,Ransel Pria,Hitam,tidak_berguna,,,1,neutral,0.6
santiputriwicaksono,,5,0,2023-11-06T14:28:39+00:00,124383902,,Tas Laptop Backpack Ransel Casual Waterproof 14 15 16 inch USB Port,Ransel Pria,Abu,tidak_berguna,,,1,neutral,0.6
mirzami,,5,0,2023-10-12T03:57:35+00:00,71149888,,Tas Laptop Backpack Ransel Casual Waterproof 14 15 16 inch USB Port,Ransel Pria,Hitam,tidak_berguna,,,1,neutral,0.6
23kaylazahra,,5,0,2023-11-13T12:00:06+00:00,740560209,,Tas Laptop Backpack Ransel Casual Waterproof 14 15 16 inch USB Port,Ransel Pria,Hitam,tidak_berguna,,,1,neutral,0.6
indahmesty,,5,0,2023-10-16T07:48:15+00:00,24257617,,Tas Laptop Backpack Ransel Casual Waterproof 14 15 16 inch USB Port,Ransel Pria,Abu,tidak_berguna,,,1,neutral,0.6
iza9hbk9gv,,5,0,2023-11-13T05:19:20+00:00,543627024,,Tas Laptop Backpack Ransel Casual Waterproof 14 15 16 inch USB Port,Ransel Pria,Abu,tidak_berguna,,,1,neutral,0.6
arisongosodjie,,5,0,2023-10-28T08:11:11+00:00,144890592,,Tas Laptop Backpack Ransel Casual Waterproof 14 15 16 inch USB Port,Ransel Pria,Hitam,tidak_berguna,,,1,neutral,0.6
m*****i,,5,0,2023-11-11T22:12:03+00:00,291155289,,Tas Laptop Backpack Ransel Casual Waterproof 14 15 16 inch USB Port,Ransel Pria,Abu,tidak_berguna,,,1,neutral,0.6
intan.febrianty,,5,0,2023-11-12T07:16:11+00:00,1076323972,,Tas Laptop Backpack Ransel Casual Waterproof 14 15 16 inch USB Port,Ransel Pria,Hitam,tidak_berguna,,,1,neutral,0.6
dotfay03,,5,0,2023-11-10T12:20:12+00:00,837182214,,Tas Laptop Backpack Ransel Casual Waterproof 14 15 16 inch USB Port,Ransel Pria,Hitam,tidak_berguna,,,1,neutral,0.6
nina.ninu,,5,0,2023-11-03T08:51:37+00:00,31108919,,Tas Laptop Backpack Ransel Casual Waterproof 14 15 16 inch USB Port,Ransel Pria,Hitam,tidak_berguna,,,1,neutral,0.6
adindapuu,,5,0,2023-11-08T10:44:25+00:00,993937018,,Tas Laptop Backpack Ransel Casual Waterproof 14 15 16 inch USB Port,Ransel Pria,Abu,tidak_berguna,,,1,neutral,0.6
b*****k,,5,0,2023-09-14T10:08:58+00:00,163765749,,Tas Laptop Backpack Ransel Casual Waterproof 14 15 16 inch USB Port,Ransel Pria,Hitam,tidak_berguna,,,1,neutral,0.6
camillemaskjaksel,,5,0,2023-09-12T10:09:06+00:00,251852971,,Tas Laptop Backpack Ransel Casual Waterproof 14 15 16 inch USB Port,Ransel Pria,Hitam,tidak_berguna,,,1,neutral,0.6
d*****a,,5,0,2023-10-10T14:10:27+00:00,222736478,,Tas Laptop Backpack Ransel Casual Waterproof 14 15 16 inch USB Port,Ransel Pria,Hitam,tidak_berguna,,,1,neutral,0.6
mulia74,,5,0,2023-09-08T10:44:09+00:00,66021555,,Tas Laptop Backpack Ransel Casual Waterproof 14 15 16 inch USB Port,Ransel Pria,Abu,tidak_berguna,,,1,neutral,0.6
vitobintang1,,5,0,2023-11-03T02:59:34+00:00,240244081,,Tas Laptop Backpack Ransel Casual Waterproof 14 15 16 inch USB Port,Ransel Pria,Abu,tidak_berguna,,,1,neutral,0.6
ahock3486,,5,0,2023-08-29T15:02:09+00:00,52421560,,Tas Laptop Backpack Ransel Casual Waterproof 14 15 16 inch USB Port,Ransel Pria,Abu,tidak_berguna,,,1,neutral,0.6
trisnaanie,,5,0,2023-11-03T09:13:23+00:00,117169206,,Tas Laptop Backpack Ransel Casual Waterproof 14 15 16 inch USB Port,Ransel Pria,Hitam,tidak_berguna,,,1,neutral,0.6
nanakesya01,,5,0,2023-07-12T10:53:21+00:00,19512375,,Tas Laptop Backpack Ransel Casual Waterproof 14 15 16 inch USB Port,Ransel Pria,Abu,tidak_berguna,,,1,neutral,0.6
rizqaah_haf,,5,0,2023-07-06T01:28:07+00:00,49194187,,Tas Laptop Backpack Ransel Casual Waterproof 14 15 16 inch USB Port,Ransel Pria,Hitam,tidak_berguna,,,1,neutral,0.6
atungunartigunz,,5,0,2023-07-03T00:30:40+00:00,103896737,,Tas Laptop Backpack Ransel Casual Waterproof 14 15 16 inch USB Port,Ransel Pria,Hitam,tidak_berguna,,,1,neutral,0.6
idawatna,,5,0,2022-10-20T08:17:48+00:00,2602486,,Tas Laptop Backpack Ransel Casual Waterproof 14 15 16 inch USB Port,Ransel Pria,Hitam,tidak_berguna,,,1,neutral,0.6
f3n1_s,,5,0,2023-02-13T11:27:11+00:00,11000370,,Tas Laptop Backpack Ransel Casual Waterproof 14 15 16 inch USB Port,Ransel Pria,Hitam,tidak_berguna,,,1,neutral,0.6
isnabalweel,,5,0,2023-02-03T15:09:46+00:00,77833721,,Tas Laptop Backpack Ransel Casual Waterproof 14 15 16 inch USB Port,Ransel Pria,Abu,tidak_berguna,,,1,neutral,0.6
fitri_maisaroh,,5,0,2022-07-18T09:18:42+00:00,17268017,,Tas Laptop Backpack Ransel Casual Waterproof 14 15 16 inch USB Port,Ransel Pria,Abu,tidak_berguna,,,1,neutral,0.6
herlinaapriliani45,,5,0,2023-04-08T08:18:20+00:00,110077918,,Tas Laptop Backpack Ransel Casual Waterproof 14 15 16 inch USB Port,Ransel Pria,Hitam,tidak_berguna,,,1,neutral,0.6
queenesia18,,5,0,2022-11-24T07:34:43+00:00,57112744,,Tas Laptop Backpack Ransel Casual Waterproof 14 15 16 inch USB Port,Ransel Pria,Hitam,tidak_berguna,,,1,neutral,0.6
pinksyaneth,,5,0,2022-08-02T17:33:57+00:00,34553998,,Tas Laptop Backpack Ransel Casual Waterproof 14 15 16 inch USB Port,Ransel Pria,Abu,tidak_berguna,,,1,neutral,0.6
felicia12345678,,5,0,2020-07-22T10:20:02+00:00,11012996,,Tas Laptop Backpack Ransel Casual Waterproof 14 15 16 inch USB Port,Ransel Pria,Tas Laptop Backpack Ransel Casual Waterproof 14 15 16 inch USB Port,tidak_berguna,,,1,neutral,0.6
siput.trust,,5,0,2023-09-08T05:49:37+00:00,263571353,,Tas Laptop Backpack Ransel Casual Waterproof 14 15 16 inch USB Port,Ransel Pria,Hitam,tidak_berguna,,,1,neutral,0.6
moonsoull,,5,0,2023-10-03T02:48:07+00:00,265597809,,Tas Laptop Backpack Ransel Casual Waterproof 14 15 16 inch USB Port,Ransel Pria,Abu,tidak_berguna,,,1,neutral,0.6
m*****m,,5,0,2023-02-08T12:56:37+00:00,82317723,,Tas Laptop Backpack Ransel Casual Waterproof 14 15 16 inch USB Port,Ransel Pria,Abu,tidak_berguna,,,1,neutral,0.6
herryofficialll,,5,0,2023-10-30T04:31:30+00:00,475511247,,Tas Laptop Backpack Ransel Casual Waterproof 14 15 16 inch USB Port,Ransel Pria,Abu,tidak_berguna,,,1,neutral,0.6
sukmaanom119,,4,0,2023-07-10T15:24:00+00:00,67511201,,Tas Laptop Backpack Ransel Casual Waterproof 14 15 16 inch USB Port,Ransel Pria,Hitam,tidak_berguna,,,1,neutral,0.6
heryantiwahyupratama,,5,0,2022-10-10T05:30:32+00:00,42824113,,Tas Laptop Backpack Ransel Casual Waterproof 14 15 16 inch USB Port,Ransel Pria,Hitam,tidak_berguna,,,1,neutral,0.6
widya_wardoyo,,4,0,2023-07-11T12:58:52+00:00,5999339,,Tas Laptop Backpack Ransel Casual Waterproof 14 15 16 inch USB Port,Ransel Pria,Hitam,tidak_berguna,,,1,neutral,0.6
elisabethsn_29,,5,0,2022-10-05T11:21:39+00:00,325816058,,Tas Laptop Backpack Ransel Casual Waterproof 14 15 16 inch USB Port,Ransel Pria,Hitam,tidak_berguna,,,1,neutral,0.6
ismiindriyani_,,5,0,2023-10-10T22:58:51+00:00,159093075,,Tas Laptop Backpack Ransel Casual Waterproof 14 15 16 inch USB Port,Ransel Pria,Hitam,tidak_berguna,,,1,neutral,0.6
maghfiram.labido,,5,0,2023-02-14T13:15:16+00:00,14408966,,Tas Laptop Backpack Ransel Casual Waterproof 14 15 16 inch USB Port,Ransel Pria,Hitam,tidak_berguna,,,1,neutral,0.6
lipvv,,5,0,2023-07-12T06:29:36+00:00,333269525,,Tas Laptop Backpack Ransel Casual Waterproof 14 15 16 inch USB Port,Ransel Pria,Hitam,tidak_berguna,,,1,neutral,0.6
j*****r,,5,0,2022-09-30T23:01:13+00:00,201221550,,Tas Laptop Backpack Ransel Casual Waterproof 14 15 16 inch USB Port,Ransel Pria,Hitam,tidak_berguna,,,1,neutral,0.6
rose_2collection,,5,0,2023-10-10T10:40:07+00:00,367626981,,Tas Laptop Backpack Ransel Casual Waterproof 14 15 16 inch USB Port,Ransel Pria,Abu,tidak_berguna,,,1,neutral,0.6
zain_ardiansyah,,5,0,2023-02-26T11:39:27+00:00,73294650,,Tas Laptop Backpack Ransel Casual Waterproof 14 15 16 inch USB Port,Ransel Pria,Abu,tidak_berguna,,,1,neutral,0.6
by.numd,,5,0,2023-08-31T03:16:02+00:00,156943995,,Tas Laptop Backpack Ransel Casual Waterproof 14 15 16 inch USB Port,Ransel Pria,Abu,tidak_berguna,,,1,neutral,0.6
m*****o,,5,0,2022-07-27T11:56:48+00:00,89149322,,Tas Laptop Backpack Ransel Casual Waterproof 14 15 16 inch USB Port,Ransel Pria,Abu,tidak_berguna,,,1,neutral,0.6
wiwinsaputridaelidaeli,,3,0,2023-10-22T09:03:53+00:00,694549013,,Tas Laptop Backpack Ransel Casual Waterproof 14 15 16 inch USB Port,Ransel Pria,Abu,tidak_berguna,,,1,neutral,0.6
f*****a,,4,0,2023-07-11T06:15:45+00:00,117355621,,Tas Laptop Backpack Ransel Casual Waterproof 14 15 16 inch USB Port,Ransel Pria,Hitam,tidak_berguna,,,1,neutral,0.6
fegadalie,,5,0,2023-10-15T12:08:12+00:00,266715392,,Tas Laptop Backpack Ransel Casual Waterproof 14 15 16 inch USB Port,Ransel Pria,Hitam,tidak_berguna,,,1,neutral,0.6
lionelstore7,,4,0,2023-07-17T23:37:05+00:00,262687616,,Tas Laptop Backpack Ransel Casual Waterproof 14 15 16 inch USB Port,Ransel Pria,Hitam,tidak_berguna,,,1,neutral,0.6
nhnurhayati,,5,0,2023-01-05T00:03:21+00:00,39082006,,Tas Laptop Backpack Ransel Casual Waterproof 14 15 16 inch USB Port,Ransel Pria,Abu,tidak_berguna,,,1,neutral,0.6
azhar.nazhi,,5,0,2023-07-08T11:00:52+00:00,154072395,,Tas Laptop Backpack Ransel Casual Waterproof 14 15 16 inch USB Port,Ransel Pria,Abu,tidak_berguna,,,1,neutral,0.6
amieamiaa,,5,0,2023-10-12T09:58:51+00:00,366059856,,Tas Laptop Backpack Ransel Casual Waterproof 14 15 16 inch USB Port,Ransel Pria,Abu,tidak_berguna,,,1,neutral,0.6
chargen,,5,0,2023-08-16T06:56:56+00:00,18818227,,Tas Laptop Backpack Ransel Casual Waterproof 14 15 16 inch USB Port,Ransel Pria,Abu,tidak_berguna,,,1,neutral,0.6
mutiagstyy_,,5,0,2023-07-20T09:10:38+00:00,312382031,,Tas Laptop Backpack Ransel Casual Waterproof 14 15 16 inch USB Port,Ransel Pria,Hitam,tidak_berguna,,,1,neutral,0.6
wulandhanikusumaningrum,,5,0,2023-07-17T00:59:15+00:00,111606083,,Tas Laptop Backpack Ransel Casual Waterproof 14 15 16 inch USB Port,Ransel Pria,Abu,tidak_berguna,,,1,neutral,0.6
inuwisengsari,,5,0,2023-07-16T04:32:56+00:00,157582062,,Tas Laptop Backpack Ransel Casual Waterproof 14 15 16 inch USB Port,Ransel Pria,Hitam,tidak_berguna,,,1,neutral,0.6
i*****i,,5,0,2023-07-03T05:58:35+00:00,94388718,,Tas Laptop Backpack Ransel Casual Waterproof 14 15 16 inch USB Port,Ransel Pria,Hitam,tidak_berguna,,,1,neutral,0.6
irmalupita,,5,0,2020-06-12T14:41:02+00:00,33352259,,Tas Laptop Backpack Ransel Casual Waterproof 14 15 16 inch USB Port,Ransel Pria,Tas Laptop Backpack Ransel Casual Waterproof 14 15 16 inch USB Port,tidak_berguna,,,1,neutral,0.6
yuna_fashion123,,4,0,2023-07-17T22:35:33+00:00,306063367,,Tas Laptop Backpack Ransel Casual Waterproof 14 15 16 inch USB Port,Ransel Pria,Abu,tidak_berguna,,,1,neutral,0.6
87anggitya,,5,0,2023-07-15T07:34:45+00:00,196572055,,Tas Laptop Backpack Ransel Casual Waterproof 14 15 16 inch USB Port,Ransel Pria,Hitam,tidak_berguna,,,1,neutral,0.6
m1_4th0wu4,,5,0,2023-09-25T07:13:00+00:00,989022894,,Tas Laptop Backpack Ransel Casual Waterproof 14 15 16 inch USB Port,Ransel Pria,Hitam,tidak_berguna,,,1,neutral,0.6
labelladade,,5,0,2023-05-28T02:48:43+00:00,242635678,,Tas Laptop Backpack Ransel Casual Waterproof 14 15 16 inch USB Port,Ransel Pria,Hitam,tidak_berguna,,,1,neutral,0.6
waben070118,,5,0,2022-12-30T13:08:18+00:00,144077021,,Tas Laptop Backpack Ransel Casual Waterproof 14 15 16 inch USB Port,Ransel Pria,Hitam,tidak_berguna,,,1,neutral,0.6
_49nnkfmau,,5,0,2023-09-19T10:34:38+00:00,491080127,,Tas Laptop Backpack Ransel Casual Waterproof 14 15 16 inch USB Port,Ransel Pria,Abu,tidak_berguna,,,1,neutral,0.6
suryakolifa,,5,0,2023-08-10T20:21:59+00:00,201530209,,Tas Laptop Backpack Ransel Casual Waterproof 14 15 16 inch USB Port,Ransel Pria,Hitam,tidak_berguna,,,1,neutral,0.6
maskun017,,5,0,2023-09-15T04:13:02+00:00,354980343,,Tas Laptop Backpack Ransel Casual Waterproof 14 15 16 inch USB Port,Ransel Pria,Hitam,tidak_berguna,,,1,neutral,0.6
luqshop098,,5,0,2022-11-17T08:13:13+00:00,63612063,,Tas Laptop Backpack Ransel Casual Waterproof 14 15 16 inch USB Port,Ransel Pria,Hitam,tidak_berguna,,,1,neutral,0.6
adudulll,,4,0,2023-09-17T13:02:56+00:00,392444895,,Tas Laptop Backpack Ransel Casual Waterproof 14 15 16 inch USB Port,Ransel Pria,Hitam,tidak_berguna,,,1,neutral,0.6
b*****a,,5,0,2023-09-13T08:29:55+00:00,283844368,,Tas Laptop Backpack Ransel Casual Waterproof 14 15 16 inch USB Port,Ransel Pria,Hitam,tidak_berguna,,,1,neutral,0.6
7p79yrsqaw,,5,0,2023-09-13T09:53:21+00:00,687842825,,Tas Laptop Backpack Ransel Casual Waterproof 14 15 16 inch USB Port,Ransel Pria,Hitam,tidak_berguna,,,1,neutral,0.6
jayatriono,,3,0,2023-09-20T21:04:38+00:00,696302517,,Tas Laptop Backpack Ransel Casual Waterproof 14 15 16 inch USB Port,Ransel Pria,Hitam,tidak_berguna,,,1,neutral,0.6
desijuntak60,,5,0,2023-09-07T12:47:55+00:00,404264273,,Tas Laptop Backpack Ransel Casual Waterproof 14 15 16 inch USB Port,Ransel Pria,Hitam,tidak_berguna,,,1,neutral,0.6
rafikurnia2004,,4,0,2023-09-12T11:02:18+00:00,37767088,,Tas Laptop Backpack Ransel Casual Waterproof 14 15 16 inch USB Port,Ransel Pria,Abu,tidak_berguna,,,1,neutral,0.6
ninanaeemaakio,,5,0,2023-04-06T13:04:14+00:00,24256906,,Tas Laptop Backpack Ransel Casual Waterproof 14 15 16 inch USB Port,Ransel Pria,Hitam,tidak_berguna,,,1,neutral,0.6
ek4ecctkqw,,4,0,2023-09-11T08:01:57+00:00,1011000631,,Tas Laptop Backpack Ransel Casual Waterproof 14 15 16 inch USB Port,Ransel Pria,Hitam,tidak_berguna,,,1,neutral,0.6
bayukurniawan818,,5,0,2023-08-10T21:25:33+00:00,294732403,,Tas Laptop Backpack Ransel Casual Waterproof 14 15 16 inch USB Port,Ransel Pria,Abu,tidak_berguna,,,1,neutral,0.6
rhamiina,,5,0,2023-07-11T02:23:03+00:00,326106240,,Tas Laptop Backpack Ransel Casual Waterproof 14 15 16 inch USB Port,Ransel Pria,Hitam,tidak_berguna,,,1,neutral,0.6
zonialbab,,5,0,2022-09-30T06:51:09+00:00,196794859,,Tas Laptop Backpack Ransel Casual Waterproof 14 15 16 inch USB Port,Ransel Pria,Abu,tidak_berguna,,,1,neutral,0.6
suryo_saputro,,4,0,2023-09-03T10:12:12+00:00,96586780,,Tas Laptop Backpack Ransel Casual Waterproof 14 15 16 inch USB Port,Ransel Pria,Hitam,tidak_berguna,,,1,neutral,0.6
chintya_d.a,,5,0,2023-08-12T13:20:21+00:00,331718935,,Tas Laptop Backpack Ransel Casual Waterproof 14 15 16 inch USB Port,Ransel Pria,Abu,tidak_berguna,,,1,neutral,0.6
e*****3,,3,0,2022-10-07T14:54:43+00:00,237596475,,Tas Laptop Backpack Ransel Casual Waterproof 14 15 16 inch USB Port,Ransel Pria,Abu,tidak_berguna,,,1,neutral,0.6
dewiidewisrimulayni,,5,0,2023-08-10T21:25:46+00:00,980345268,,Tas Laptop Backpack Ransel Casual Waterproof 14 15 16 inch USB Port,Ransel Pria,Abu,tidak_berguna,,,1,neutral,0.6
evanza13,,5,0,2022-11-23T03:36:51+00:00,22494936,,Tas Laptop Backpack Ransel Casual Waterproof 14 15 16 inch USB Port,Ransel Pria,Hitam,tidak_berguna,,,1,neutral,0.6
f*****8,,5,0,2023-06-28T03:01:55+00:00,548314917,,Tas Laptop Backpack Ransel Casual Waterproof 14 15 16 inch USB Port,Ransel Pria,Abu,tidak_berguna,,,1,neutral,0.6
kerupukazizah,,5,0,2023-07-13T05:15:55+00:00,292051282,,Tas Laptop Backpack Ransel Casual Waterproof 14 15 16 inch USB Port,Ransel Pria,Hitam,tidak_berguna,,,1,neutral,0.6
mifzal05,,5,0,2023-07-21T00:04:31+00:00,329802053,,Tas Laptop Backpack Ransel Casual Waterproof 14 15 16 inch USB Port,Ransel Pria,Hitam,tidak_berguna,,,1,neutral,0.6
aghisnafinnurika,,5,0,2022-09-06T09:50:17+00:00,236260347,,Tas Laptop Backpack Ransel Casual Waterproof 14 15 16 inch USB Port,Ransel Pria,Abu,tidak_berguna,,,1,neutral,0.6
yategh,,5,0,2023-07-19T22:12:29+00:00,744110386,,Tas Laptop Backpack Ransel Casual Waterproof 14 15 16 inch USB Port,Ransel Pria,Abu,tidak_berguna,,,1,neutral,0.6
sevtasukm,,5,0,2023-07-15T11:50:56+00:00,433514879,,Tas Laptop Backpack Ransel Casual Waterproof 14 15 16 inch USB Port,Ransel Pria,Hitam,tidak_berguna,,,1,neutral,0.6
diniyuniasari18,,5,0,2023-07-15T07:25:49+00:00,509371498,,Tas Laptop Backpack Ransel Casual Waterproof 14 15 16 inch USB Port,Ransel Pria,Hitam,tidak_berguna,,,1,neutral,0.6
sanita.sianturi,,5,0,2023-07-15T03:21:59+00:00,881175410,,Tas Laptop Backpack Ransel Casual Waterproof 14 15 16 inch USB Port,Ransel Pria,Hitam,tidak_berguna,,,1,neutral,0.6
erinsalsabila155,,5,0,2023-07-14T05:04:41+00:00,798506136,,Tas Laptop Backpack Ransel Casual Waterproof 14 15 16 inch USB Port,Ransel Pria,Hitam,tidak_berguna,,,1,neutral,0.6
iismarlina410,,5,0,2023-07-10T15:11:17+00:00,576684824,,Tas Laptop Backpack Ransel Casual Waterproof 14 15 16 inch USB Port,Ransel Pria,Hitam,tidak_berguna,,,1,neutral,0.6
novian_tri_setyo_aji,,5,0,2023-06-05T09:18:20+00:00,208636559,,Tas Laptop Backpack Ransel Casual Waterproof 14 15 16 inch USB Port,Ransel Pria,Abu,tidak_berguna,,,1,neutral,0.6
fadiafebriyolanda,,5,0,2023-07-01T11:06:16+00:00,888108104,,Tas Laptop Backpack Ransel Casual Waterproof 14 15 16 inch USB Port,Ransel Pria,Hitam,tidak_berguna,,,1,neutral,0.6
imadeindra075,,5,0,2023-06-27T13:41:00+00:00,698213391,,Tas Laptop Backpack Ransel Casual Waterproof 14 15 16 inch USB Port,Ransel Pria,Hitam,tidak_berguna,,,1,neutral,0.6
e08utr3f96,,5,0,2023-06-27T06:47:57+00:00,719181995,,Tas Laptop Backpack Ransel Casual Waterproof 14 15 16 inch USB Port,Ransel Pria,Hitam,tidak_berguna,,,1,neutral,0.6
nursamsiskw,,4,0,2023-08-10T21:24:29+00:00,725660957,,Tas Laptop Backpack Ransel Casual Waterproof 14 15 16 inch USB Port,Ransel Pria,Abu,tidak_berguna,,,1,neutral,0.6
ayu_febriana1,,5,0,2023-06-12T08:57:07+00:00,718506343,,Tas Laptop Backpack Ransel Casual Waterproof 14 15 16 inch USB Port,Ransel Pria,Hitam,tidak_berguna,,,1,neutral,0.6
putrivebiramadhani,,5,0,2023-05-19T10:02:27+00:00,320100023,,Tas Laptop Backpack Ransel Casual Waterproof 14 15 16 inch USB Port,Ransel Pria,Abu,tidak_berguna,,,1,neutral,0.6
lalasumiyati,,5,0,2023-05-09T06:08:43+00:00,18865978,,Tas Laptop Backpack Ransel Casual Waterproof 14 15 16 inch USB Port,Ransel Pria,Abu,tidak_berguna,,,1,neutral,0.6
mahdiyana812,,5,0,2023-05-05T12:49:38+00:00,992499422,,Tas Laptop Backpack Ransel Casual Waterproof 14 15 16 inch USB Port,Ransel Pria,Abu,tidak_berguna,,,1,neutral,0.6
muhammad_noor_ilham,,5,0,2023-02-15T08:02:38+00:00,368807289,,Tas Laptop Backpack Ransel Casual Waterproof 14 15 16 inch USB Port,Ransel Pria,Hitam,tidak_berguna,,,1,neutral,0.6
pin38cipeng,,5,0,2023-03-17T12:53:04+00:00,481856977,,Tas Laptop Backpack Ransel Casual Waterproof 14 15 16 inch USB Port,Ransel Pria,Abu,tidak_berguna,,,1,neutral,0.6
lilisastuti663,,5,0,2022-12-06T21:59:57+00:00,721971350,,Tas Laptop Backpack Ransel Casual Waterproof 14 15 16 inch USB Port,Ransel Pria,Abu,tidak_berguna,,,1,neutral,0.6
mariyaulfah764,,5,0,2023-01-09T13:54:07+00:00,544610159,,Tas Laptop Backpack Ransel Casual Waterproof 14 15 16 inch USB Port,Ransel Pria,Hitam,tidak_berguna,,,1,neutral,0.6
,,5,0,2023-04-11T13:09:28+00:00,423630029,,Tas Laptop Backpack Ransel Casual Waterproof 14 15 16 inch USB Port,Ransel Pria,Hitam,tidak_berguna,,,1,neutral,0.6
ayulestarifatmo,,4,0,2023-06-30T05:04:20+00:00,535334747,,Tas Laptop Backpack Ransel Casual Waterproof 14 15 16 inch USB Port,Ransel Pria,Hitam,tidak_berguna,,,1,neutral,0.6
tulasih37,,4,0,2023-06-20T09:13:49+00:00,531310587,,Tas Laptop Backpack Ransel Casual Waterproof 14 15 16 inch USB Port,Ransel Pria,Hitam,tidak_berguna,,,1,neutral,0.6
m.khoirul.riski,,4,0,2022-08-26T10:38:50+00:00,227789517,,Tas Laptop Backpack Ransel Casual Waterproof 14 15 16 inch USB Port,Ransel Pria,Abu,tidak_berguna,,,1,neutral,0.6
,,4,0,2023-04-12T15:17:05+00:00,495232333,,Tas Laptop Backpack Ransel Casual Waterproof 14 15 16 inch USB Port,Ransel Pria,Hitam,tidak_berguna,,,1,neutral,0.6
r66q559hii,,3,0,2023-07-11T09:08:17+00:00,952908780,,Tas Laptop Backpack Ransel Casual Waterproof 14 15 16 inch USB Port,Ransel Pria,Hitam,tidak_berguna,,,1,neutral,0.6
jamal5669,,3,0,2023-02-21T11:39:36+00:00,642568571,,Tas Laptop Backpack Ransel Casual Waterproof 14 15 16 inch USB Port,Ransel Pria,Abu,tidak_berguna,,,1,neutral,0.6
1*****h,,2,0,2022-12-15T09:26:01+00:00,475818666,,Tas Laptop Backpack Ransel Casual Waterproof 14 15 16 inch USB Port,Ransel Pria,Abu,tidak_berguna,,,1,neutral,0.6
11adxh,,1,0,2023-02-02T21:02:58+00:00,475818666,,Tas Laptop Backpack Ransel Casual Waterproof 14 15 16 inch USB Port,Ransel Pria,Abu,tidak_berguna,,,1,neutral,0.6
fayzaparfume_,,5,0,2025-09-28T14:36:57+00:00,24078796,,Tas Laptop Backpack Ransel Casual Waterproof 14 15 16 inch USB Port,Ransel Pria,Hitam,tidak_berguna,,,1,neutral,0.6
lusyananuryhartati,,5,0,2025-06-28T07:24:00+00:00,57001577,,Tas Laptop Backpack Ransel Casual Waterproof 14 15 16 inch USB Port,Ransel Pria,Hitam,tidak_berguna,,,1,neutral,0.6
nilamsantika,,5,0,2025-07-19T23:53:23+00:00,132094844,,Tas Laptop Backpack Ransel Casual Waterproof 14 15 16 inch USB Port,Ransel Pria,Hitam,tidak_berguna,,,1,neutral,0.6
ericksyaputra234,,5,0,2025-05-28T10:56:16+00:00,225348721,,Tas Laptop Backpack Ransel Casual Waterproof 14 15 16 inch USB Port,Ransel Pria,Hitam,tidak_berguna,,,1,neutral,0.6
sukhem77,,5,0,2025-07-29T12:40:39+00:00,469859103,,Tas Laptop Backpack Ransel Casual Waterproof 14 15 16 inch USB Port,Ransel Pria,Hitam,tidak_berguna,,,1,neutral,0.6
yulifashihah,,5,0,2025-05-07T08:36:04+00:00,303708495,,Tas Laptop Backpack Ransel Casual Waterproof 14 15 16 inch USB Port,Ransel Pria,Hitam,tidak_berguna,,,1,neutral,0.6
ssri6708,,5,0,2025-07-24T00:20:13+00:00,34252235,,Tas Laptop Backpack Ransel Casual Waterproof 14 15 16 inch USB Port,Ransel Pria,Hitam,tidak_berguna,,,1,neutral,0.6
witatze21,,5,0,2025-06-08T14:21:22+00:00,458630118,,Tas Laptop Backpack Ransel Casual Waterproof 14 15 16 inch USB Port,Ransel Pria,Hitam,tidak_berguna,,,1,neutral,0.6
armanq57,,5,0,2025-05-29T06:41:48+00:00,487170669,,Tas Laptop Backpack Ransel Casual Waterproof 14 15 16 inch USB Port,Ransel Pria,Hitam,tidak_berguna,,,1,neutral,0.6
watiida14,,5,0,2025-07-09T06:30:59+00:00,206097282,,Tas Laptop Backpack Ransel Casual Waterproof 14 15 16 inch USB Port,Ransel Pria,Hitam,tidak_berguna,,,1,neutral,0.6
stefanusgonzalez,,5,0,2025-07-27T11:25:55+00:00,127019028,,Tas Laptop Backpack Ransel Casual Waterproof 14 15 16 inch USB Port,Ransel Pria,Abu,tidak_berguna,,,1,neutral,0.6
albagaz_10,,4,0,2025-07-18T15:18:59+00:00,251414644,,Tas Laptop Backpack Ransel Casual Waterproof 14 15 16 inch USB Port,Ransel Pria,Hitam,tidak_berguna,,,1,neutral,0.6
agus_prayitnoo,,5,0,2025-06-30T10:59:52+00:00,254245462,,Tas Laptop Backpack Ransel Casual Waterproof 14 15 16 inch USB Port,Ransel Pria,Hitam,tidak_berguna,,,1,neutral,0.6
siti_hajar2898,,5,0,2025-07-25T04:27:17+00:00,551506814,,Tas Laptop Backpack Ransel Casual Waterproof 14 15 16 inch USB Port,Ransel Pria,Hitam,tidak_berguna,,,1,neutral,0.6
jfqlxb4eno,,5,0,2025-03-28T02:26:39+00:00,808976948,,Tas Laptop Backpack Ransel Casual Waterproof 14 15 16 inch USB Port,Ransel Pria,Hitam,tidak_berguna,,,1,neutral,0.6
3qmgk6tu_l,,5,0,2025-08-20T22:09:10+00:00,1525807248,,Tas Laptop Backpack Ransel Casual Waterproof 14 15 16 inch USB Port,Ransel Pria,Hitam,tidak_berguna,,,1,neutral,0.6
riantyhanqn,,5,0,2025-08-21T02:01:03+00:00,436370493,,Tas Laptop Backpack Ransel Casual Waterproof 14 15 16 inch USB Port,Ransel Pria,Hitam,tidak_berguna,,,1,neutral,0.6
yenisurasmi67,,5,0,2025-09-03T06:25:41+00:00,329829807,,Tas Laptop Backpack Ransel Casual Waterproof 14 15 16 inch USB Port,Ransel Pria,Hitam,tidak_berguna,,,1,neutral,0.6
mei3lika,,5,0,2025-09-03T12:31:05+00:00,1159080499,,Tas Laptop Backpack Ransel Casual Waterproof 14 15 16 inch USB Port,Ransel Pria,Hitam,tidak_berguna,,,1,neutral,0.6
diegorafael299,,5,0,2025-09-02T09:02:40+00:00,1148626317,,Tas Laptop Backpack Ransel Casual Waterproof 14 15 16 inch USB Port,Ransel Pria,Abu,tidak_berguna,,,1,neutral,0.6
linasimanjuntak479,,5,0,2025-04-30T14:52:22+00:00,819465248,,Tas Laptop Backpack Ransel Casual Waterproof 14 15 16 inch USB Port,Ransel Pria,Hitam,tidak_berguna,,,1,neutral,0.6
ridhwanhanafi495,,5,0,2025-05-02T06:53:16+00:00,844443383,,Tas Laptop Backpack Ransel Casual Waterproof 14 15 16 inch USB Port,Ransel Pria,Abu,tidak_berguna,,,1,neutral,0.6
hmiddfauzi,,5,0,2025-07-03T05:36:31+00:00,1252651888,,Tas Laptop Backpack Ransel Casual Waterproof 14 15 16 inch USB Port,Ransel Pria,Hitam,tidak_berguna,,,1,neutral,0.6
evinuryanti01,,5,0,2025-07-07T04:24:13+00:00,1350978818,,Tas Laptop Backpack Ransel Casual Waterproof 14 15 16 inch USB Port,Ransel Pria,Abu,tidak_berguna,,,1,neutral,0.6
mafaselsafi,,5,0,2025-07-04T05:31:45+00:00,1065420286,,Tas Laptop Backpack Ransel Casual Waterproof 14 15 16 inch USB Port,Ransel Pria,Abu,tidak_berguna,,,1,neutral,0.6
uristiana15,,5,0,2025-07-06T02:21:15+00:00,1352384476,,Tas Laptop Backpack Ransel Casual Waterproof 14 15 16 inch USB Port,Ransel Pria,Hitam,tidak_berguna,,,1,neutral,0.6
agungsulaksono104,,5,0,2025-07-06T06:44:03+00:00,670009275,,Tas Laptop Backpack Ransel Casual Waterproof 14 15 16 inch USB Port,Ransel Pria,Abu,tidak_berguna,,,1,neutral,0.6
san.san.ka,,5,0,2025-07-09T09:38:00+00:00,1173764525,,Tas Laptop Backpack Ransel Casual Waterproof 14 15 16 inch USB Port,Ransel Pria,Abu,tidak_berguna,,,1,neutral,0.6
aliefr.14,,5,0,2025-08-03T07:18:08+00:00,101962333,,Tas Laptop Backpack Ransel Casual Waterproof 14 15 16 inch USB Port,Ransel Pria,Abu,tidak_berguna,,,1,neutral,0.6
ramawatiduri842,,5,0,2025-08-03T09:03:05+00:00,1406146155,,Tas Laptop Backpack Ransel Casual Waterproof 14 15 16 inch USB Port,Ransel Pria,Abu,tidak_berguna,,,1,neutral,0.6
hasbianoranor,,5,0,2025-08-03T14:08:01+00:00,1561187530,,Tas Laptop Backpack Ransel Casual Waterproof 14 15 16 inch USB Port,Ransel Pria,Abu,tidak_berguna,,,1,neutral,0.6
pfadillah,,5,0,2025-08-06T02:46:31+00:00,111547450,,Tas Laptop Backpack Ransel Casual Waterproof 14 15 16 inch USB Port,Ransel Pria,Hitam,tidak_berguna,,,1,neutral,0.6
amni080302,,5,0,2025-05-29T04:11:25+00:00,298840388,,Tas Laptop Backpack Ransel Casual Waterproof 14 15 16 inch USB Port,Ransel Pria,Hitam,tidak_berguna,,,1,neutral,0.6
naila215xk,,5,0,2025-06-26T09:41:17+00:00,1357616720,,Tas Laptop Backpack Ransel Casual Waterproof 14 15 16 inch USB Port,Ransel Pria,Abu,tidak_berguna,,,1,neutral,0.6
fathirwibawa,,5,0,2025-06-27T23:02:23+00:00,625221447,,Tas Laptop Backpack Ransel Casual Waterproof 14 15 16 inch USB Port,Ransel Pria,Abu,tidak_berguna,,,1,neutral,0.6
wuvk6m50ta,,5,0,2025-06-28T13:55:46+00:00,1414335790,,Tas Laptop Backpack Ransel Casual Waterproof 14 15 16 inch USB Port,Ransel Pria,Abu,tidak_berguna,,,1,neutral,0.6
malviderlena,,5,0,2025-07-10T03:16:58+00:00,672752204,,Tas Laptop Backpack Ransel Casual Waterproof 14 15 16 inch USB Port,Ransel Pria,Abu,tidak_berguna,,,1,neutral,0.6
yazidhafizalfaeyza,,5,0,2025-07-12T07:39:50+00:00,1065304649,,Tas Laptop Backpack Ransel Casual Waterproof 14 15 16 inch USB Port,Ransel Pria,Abu,tidak_berguna,,,1,neutral,0.6
hauzanalif465,,5,0,2025-07-13T16:02:03+00:00,1507857315,,Tas Laptop Backpack Ransel Casual Waterproof 14 15 16 inch USB Port,Ransel Pria,Hitam,tidak_berguna,,,1,neutral,0.6
m*****a,,5,0,2025-07-14T04:12:45+00:00,946197580,,Tas Laptop Backpack Ransel Casual Waterproof 14 15 16 inch USB Port,Ransel Pria,Abu,tidak_berguna,,,1,neutral,0.6
zizi.vana22,,5,0,2025-07-12T00:03:44+00:00,1209070467,,Tas Laptop Backpack Ransel Casual Waterproof 14 15 16 inch USB Port,Ransel Pria,Hitam,tidak_berguna,,,1,neutral,0.6
_*****w,,5,0,2025-07-15T15:00:28+00:00,1534616964,,Tas Laptop Backpack Ransel Casual Waterproof 14 15 16 inch USB Port,Ransel Pria,Hitam,tidak_berguna,,,1,neutral,0.6
g72qnebyyk,,5,0,2025-07-16T10:24:14+00:00,1577254353,,Tas Laptop Backpack Ransel Casual Waterproof 14 15 16 inch USB Port,Ransel Pria,Abu,tidak_berguna,,,1,neutral,0.6
b*****p,,5,0,2025-07-18T05:04:58+00:00,1018077420,,Tas Laptop Backpack Ransel Casual Waterproof 14 15 16 inch USB Port,Ransel Pria,Abu,tidak_berguna,,,1,neutral,0.6
dimassyahputra460,,5,0,2025-07-13T04:37:21+00:00,1149486233,,Tas Laptop Backpack Ransel Casual Waterproof 14 15 16 inch USB Port,Ransel Pria,Hitam,tidak_berguna,,,1,neutral,0.6
resizap,,5,0,2025-07-14T10:02:21+00:00,783006873,,Tas Laptop Backpack Ransel Casual Waterproof 14 15 16 inch USB Port,Ransel Pria,Hitam,tidak_berguna,,,1,neutral,0.6
arifai5608,,5,0,2025-07-10T11:54:31+00:00,280719702,,Tas Laptop Backpack Ransel Casual Waterproof 14 15 16 inch USB Port,Ransel Pria,Hitam,tidak_berguna,,,1,neutral,0.6
fyvfyfruf,,5,0,2025-08-02T12:21:48+00:00,303537586,,Tas Laptop Backpack Ransel Casual Waterproof 14 15 16 inch USB Port,Ransel Pria,Hitam,tidak_berguna,,,1,neutral,0.6
neng.91,,5,0,2025-08-08T06:10:29+00:00,1239058377,,Tas Laptop Backpack Ransel Casual Waterproof 14 15 16 inch USB Port,Ransel Pria,Abu,tidak_berguna,,,1,neutral,0.6
t*****o,,5,0,2025-09-10T13:09:32+00:00,90356257,,Tas Laptop Backpack Ransel Casual Waterproof 14 15 16 inch USB Port,Ransel Pria,Abu,tidak_berguna,,,1,neutral,0.6
theresa11hillda,,5,0,2025-09-12T16:28:13+00:00,1099424277,,Tas Laptop Backpack Ransel Casual Waterproof 14 15 16 inch USB Port,Ransel Pria,Hitam,tidak_berguna,,,1,neutral,0.6
revawista,,5,0,2025-09-26T02:50:54+00:00,1294655483,,Tas Laptop Backpack Ransel Casual Waterproof 14 15 16 inch USB Port,Ransel Pria,Hitam,tidak_berguna,,,1,neutral,0.6
hf4gd2bfkz,,5,0,2025-10-03T07:56:25+00:00,983322059,,Tas Laptop Backpack Ransel Casual Waterproof 14 15 16 inch USB Port,Ransel Pria,Abu,tidak_berguna,,,1,neutral,0.6
trimulyono329,,5,0,2025-03-03T15:35:42+00:00,1219766805,,Tas Laptop Backpack Ransel Casual Waterproof 14 15 16 inch USB Port,Ransel Pria,Hitam,tidak_berguna,,,1,neutral,0.6
wann0329,,5,0,2025-04-18T08:48:23+00:00,1343952967,,Tas Laptop Backpack Ransel Casual Waterproof 14 15 16 inch USB Port,Ransel Pria,Hitam,tidak_berguna,,,1,neutral,0.6
enny.08,,5,0,2025-08-08T11:03:49+00:00,55842543,,Tas Laptop Backpack Ransel Casual Waterproof 14 15 16 inch USB Port,Ransel Pria,Hitam,tidak_berguna,,,1,neutral,0.6
reyryuu,,5,0,2025-10-11T04:26:02+00:00,994444088,,Tas Laptop Backpack Ransel Casual Waterproof 14 15 16 inch USB Port,Ransel Pria,Abu,tidak_berguna,,,1,neutral,0.6
nuriatielinda129,,5,0,2025-10-15T03:39:46+00:00,728070005,,Tas Laptop Backpack Ransel Casual Waterproof 14 15 16 inch USB Port,Ransel Pria,Hitam,tidak_berguna,,,1,neutral,0.6
yomibramantio,,4,0,2025-08-25T08:38:30+00:00,1435785065,,Tas Laptop Backpack Ransel Casual Waterproof 14 15 16 inch USB Port,Ransel Pria,Hitam,tidak_berguna,,,1,neutral,0.6
dxxyy444,,4,0,2025-08-15T11:10:06+00:00,1328734880,,Tas Laptop Backpack Ransel Casual Waterproof 14 15 16 inch USB Port,Ransel Pria,Hitam,tidak_berguna,,,1,neutral,0.6
sikepiting301,,4,0,2025-05-16T16:42:35+00:00,612926423,,Tas Laptop Backpack Ransel Casual Waterproof 14 15 16 inch USB Port,Ransel Pria,Hitam,tidak_berguna,,,1,neutral,0.6
anggararifqi28,,4,0,2025-08-12T12:35:03+00:00,727444067,,Tas Laptop Backpack Ransel Casual Waterproof 14 15 16 inch USB Port,Ransel Pria,Abu,tidak_berguna,,,1,neutral,0.6
kriatianto2212,,3,0,2025-09-04T04:47:43+00:00,196833225,,Tas Laptop Backpack Ransel Casual Waterproof 14 15 16 inch USB Port,Ransel Pria,Hitam,tidak_berguna,,,1,neutral,0.6
