username,comment,rating,likes,create_time,comment_clean
s*****i,"Barangnya sampe dengan selamat sentosa. Packingnya aman, bubble wrap super duper banyak. Lecet dan sebagainya gada masalah. Speaker, trackpad, layar, keyboard juga aman. Udah dapet mouse sama tas lagi. Mantap sihhh! Apalagi adminnya fastrespon parah, ini best. 100000/10 😻👍🏻",5,277,1765872573,barangnya sampe dengan selamat sentosa packingnya aman bubble wrap super duper banyak lecet dan sebagainya gada masalah speaker trackpad layar keyboard juga aman udah dapet mouse sama tas lagi mantap sihhh apalagi adminnya fastrespon parah ini best 100000 10
,"Fungsi:normal
Kondisi Barang:msh sangat bagus
Spesifikasi:keren

Pertama kali beli barang elektronik secara online, awalnya agak ragu, tapi stlh barang kami terima dan dicoba pake, hasilnya sangat sangat puas....

Semoga awet...",5,281,1765814457,fungsi normal kondisi barang msh sangat bagus spesifikasi keren pertama kali beli barang elektronik secara online awalnya agak ragu tapi stlh barang kami terima dan dicoba pake hasilnya sangat sangat puas semoga awet
n*****s,"Fungsi:Sangat Baik
Kondisi Barang:Pemakaian normal
Spesifikasi:TOP

Nyari laptop 2jtan untuk nyusun skripsi, dan nemu mac ini. Awalnya ragu karena mac os lama (takut gak support banyak hal), tapi it's fine! Semua app yang kubutuhin bisa di install termasuk SPSS (meski pakai versi 25). 

Untuk browser, karena beberapa browser termasuk safari sudah tidak support mac os 10.13 untuk versi ter-updatenya. Aku pakai firefox dengan download firefox esr-nya, browser jadi lebih update.

Overall semua bagus, performa laptop kebut, keyboard ok, backlight nyala, trackpad oke, speaker oke, baterai masih oke untuk ukuran laptop second. Sudah diinstall Ms. Office juga sama seller, bonus adobe ps, dapet tas dan mouse juga.

Terima kasih atas pelayanan dan barangnya! sukses selalu untuk seller dan tokonya.",5,85,1765821173,fungsi sangat baik kondisi barang pemakaian normal spesifikasi top nyari laptop 2jtan untuk nyusun skripsi dan nemu mac ini awalnya ragu karena mac os lama takut gak support banyak hal tapi it s fine semua app yang kubutuhin bisa di install termasuk spss meski pakai versi 25 untuk browser karena beberapa browser termasuk safari sudah tidak support mac os 10 13 untuk versi ter updatenya aku pakai firefox dengan download firefox esr nya browser jadi lebih update overall semua bagus performa laptop kebut keyboard ok backlight nyala trackpad oke speaker oke baterai masih oke untuk ukuran laptop second sudah diinstall ms office juga sama seller bonus adobe ps dapet tas dan mouse juga terima kasih atas pelayanan dan barangnya sukses selalu untuk seller dan tokonya
elok.5667,"Fungsi:bekerja dengan baik
Kondisi Barang:mulus dan sesuai feskripsi
Spesifikasi:mantap dan penjualnya responsif

Apk di password dan penjual sangat respect. Kurir juga baik dg menginfokn barang yg diantarkan. Terima kasih semuanya dan semoga awet barangnya.",5,71,1765105764,fungsi bekerja dengan baik kondisi barang mulus dan sesuai feskripsi spesifikasi mantap dan penjualnya responsif apk di password dan penjual sangat respect kurir juga baik dg menginfokn barang yg diantarkan terima kasih semuanya dan semoga awet barangnya
d*****2,"Fungsi:berfungsi dengn baik
Kondisi Barang:mulussssss
Spesifikasi:good

Bagus muluss lecet dikit² mah wajar ya namanya second kalo ngak bener² di perhatiin ngak keliatan masih kayak baru dengan harga segini udah bagus banget sih
sellernya past respon minta di download in apk di download in dong, pas dateng langsung buat nugas alhamdulillah lancar semua berfungsi dengan baik dan semoga awet terimakasih seller",5,64,1765810350,fungsi berfungsi dengn baik kondisi barang mulussssss spesifikasi good bagus muluss lecet dikit mah wajar ya namanya second kalo ngak bener di perhatiin ngak keliatan masih kayak baru dengan harga segini udah bagus banget sih sellernya past respon minta di download in apk di download in dong pas dateng langsung buat nugas alhamdulillah lancar semua berfungsi dengan baik dan semoga awet terimakasih seller
m*****6,"Paket telah diterima dengan baik. Kualitas sesuai gambar, harga terjangkau, pengemasan rapi dan pengiriman tepat waktu. Recommended seller. Terima kasih atas servis yang memuaskan. Jadi langganan disini. Suka deh.",5,21,1764614717,paket telah diterima dengan baik kualitas sesuai gambar harga terjangkau pengemasan rapi dan pengiriman tepat waktu recommended seller terima kasih atas servis yang memuaskan jadi langganan disini suka deh
ikadanawati,"Fungsi:bekerja dengan baik
Kondisi Barang:Bagus
Spesifikasi:bagus

Meskipun keluaran 2011 tapi masih bisa di gunakan dengan baik , mantap, admin juga fast respon",5,22,1764516328,fungsi bekerja dengan baik kondisi barang bagus spesifikasi bagus meskipun keluaran 2011 tapi masih bisa di gunakan dengan baik mantap admin juga fast respon
chaniagorival27,"Kondisi Barang:masih mulus, walaupun masih ad dikit bekas goresan
Fungsi:bagus, cuma Keyboard di bagian huruf setelah L ga bisa di pakai
Spesifikasi:over all bagus semua",5,21,1765113089,kondisi barang masih mulus walaupun masih ad dikit bekas goresan fungsi bagus cuma keyboard di bagian huruf setelah l ga bisa di pakai spesifikasi over all bagus semua
cutanisyahnovira,"Bagus..
Walaupun barang keluaran tahun rendah tapi ini Second berkualitas..
Sompel & penyok dikit gak ngaruh..wajar juga karna barang second",5,14,1764604615,bagus walaupun barang keluaran tahun rendah tapi ini second berkualitas sompel penyok dikit gak ngaruh wajar juga karna barang second
enceps03041984,"Barang sudah saya terima dengan baik dan sangat membuat dengan kondisi barang yg sangat bagus sekali, mudah digunakannya awet",5,9,1763402922,barang sudah saya terima dengan baik dan sangat membuat dengan kondisi barang yg sangat bagus sekali mudah digunakannya awet
f*****a,"Fungsi:berfungsi dgn baik
Kondisi Barang:baik dan sesuai harapan
Kegunaan:sangat cocok buat kerja, kuliah, dll, sudah dicoba umumnya bagus berfungsi dgn baik, namun nnti dicek lgi muda2han tak ada kendala dan awet, best buat penjual semoga next bs order lgi",5,9,1765687877,fungsi berfungsi dgn baik kondisi barang baik dan sesuai harapan kegunaan sangat cocok buat kerja kuliah dll sudah dicoba umumnya bagus berfungsi dgn baik namun nnti dicek lgi muda2han tak ada kendala dan awet best buat penjual semoga next bs order lgi
nhzndc,"Fungsi:baik
Kondisi Barang:mulus
Kegunaan:baik

Sangat cocok untuk anak kuliah, bagus, elegan",5,12,1764196796,fungsi baik kondisi barang mulus kegunaan baik sangat cocok untuk anak kuliah bagus elegan
carisa_alunk,"Barang sudah sampai dengan selamat,kondisi baik,,thanks seler..",5,14,1763550981,barang sudah sampai dengan selamat kondisi baik thanks seler
ajo17111987,"Fungsi:Sangat baik
Kondisi Barang:Sesuai dengan permintaan
Kegunaan:Work

Barang bagus
Berfungsi dengan baik
Sangat rekomendasi
Cocok sekali
Sesuai dengan pesanan
Ramah dan bertanggung jawab",5,14,1763688695,fungsi sangat baik kondisi barang sesuai dengan permintaan kegunaan work barang bagus berfungsi dengan baik sangat rekomendasi cocok sekali sesuai dengan pesanan ramah dan bertanggung jawab
erwankrismawan,"Fungsi:Ok
Kondisi Barang:Ok
Desain:Ok

Brg mendarat dgn baik, dari brg datang sampe skrg ada notif update software, tp gagal trus saat mau diinstal, msh dlm progres update ulang yg ke 2 x nya",5,0,1764934750,fungsi ok kondisi barang ok desain ok brg mendarat dgn baik dari brg datang sampe skrg ada notif update software tp gagal trus saat mau diinstal msh dlm progres update ulang yg ke 2 x nya
phosshopmedan.1111,,5,57,1765893855,nan
princemitshop_,"Fungsi:beroperasi dengan sangat baik
Kondisi Barang:mulus no minus

Awalnya bingung cara pakai nya kyak gmna, tp sama admin di ajari dengan baik, barang ga ada cacat sama sekali, sukak bnget buat geser""ga lemot lelet, sat set deh pokok🥰 makasihh minn",5,0,1746437105,fungsi beroperasi dengan sangat baik kondisi barang mulus no minus awalnya bingung cara pakai nya kyak gmna tp sama admin di ajari dengan baik barang ga ada cacat sama sekali sukak bnget buat geser ga lemot lelet sat set deh pokok makasihh minn
myimmortals,"Kondisi Barang:ok
Fungsi:ok
Spesifikasi:ok

Seller ramah dan cepat pelayanan nya
Rekomendasi banget 
Belanja di toko ini 
👍👍👍👍👍",5,2,1755593633,kondisi barang ok fungsi ok spesifikasi ok seller ramah dan cepat pelayanan nya rekomendasi banget belanja di toko ini
t*****f,"Fungsi:perfectly work
Kondisi Barang:mulus
Spesifikasi:excellent

thanks a lot for merchant, Im very satisfied",5,15,1764014602,fungsi perfectly work kondisi barang mulus spesifikasi excellent thanks a lot for merchant im very satisfied
ell_anggraella,"Fungsi:ok
Kondisi Barang:mulus
Spesifikasi:mantap

Terima kasih kaa, barang masih mulus dan siap pakai. Mantap 🥳🙏🏼",5,4,1761649553,fungsi ok kondisi barang mulus spesifikasi mantap terima kasih kaa barang masih mulus dan siap pakai mantap
asti1401,"Fungsi:leptopnya hidup,fungsinya oke
Kondisi Barang:bekas tapi bagus,bisa dipake buat nugas dan kerja fungsinya oke lah
Desain:sangat menarik.walpun ada yang lecet penyot wkwk

Adaptornya rusak dan gak bisa ngrcas,tapi aku udah minta tolong adminya buat bantu kendala aku,dan syukur adminya ramah pool baik dan cepat respon.nanti kalau adaptor ku dikirim balik ke aku..aku baru up penilaian lagi",2,10,1765101780,fungsi leptopnya hidup fungsinya oke kondisi barang bekas tapi bagus bisa dipake buat nugas dan kerja fungsinya oke lah desain sangat menarik walpun ada yang lecet penyot wkwk adaptornya rusak dan gak bisa ngrcas tapi aku udah minta tolong adminya buat bantu kendala aku dan syukur adminya ramah pool baik dan cepat respon nanti kalau adaptor ku dikirim balik ke aku aku baru up penilaian lagi
hakim196,"laptop mendarat dengan baik, berfungsi ok respon admin oke, rekomended dan amanah",5,2,1753925441,laptop mendarat dengan baik berfungsi ok respon admin oke rekomended dan amanah
samudraaaa,"Fungsi:good l, ngebudd
Kondisi Barang:bagusss
Spesifikasi:sesuai

keluaran "" late  2011""",5,2,1757179925,fungsi good l ngebudd kondisi barang bagusss spesifikasi sesuai keluaran late 2011
d*****h,"Fungsi:semua komponen beroperasi dengan baik
Kondisi Barang:masih bagus
Desain:menarik

Respon penjual sangat baik",5,0,1764949750,fungsi semua komponen beroperasi dengan baik kondisi barang masih bagus desain menarik respon penjual sangat baik
h*****4,"Fungsi:normal sesuai dengan yang di harapkan
Kondisi Barang:yes this item is smooth
Desain:terlihat keren dan moderen

Mantap mose nya di kasih 2 dan tas nya di kasi 2 woy lah mantap lah🫵🏻",5,17,1763945751,fungsi normal sesuai dengan yang di harapkan kondisi barang yes this item is smooth desain terlihat keren dan moderen mantap mose nya di kasih 2 dan tas nya di kasi 2 woy lah mantap lah
kreatiftik,Fungsi:bekerja dengan baik barang normal dan mulus,5,2,1763551091,fungsi bekerja dengan baik barang normal dan mulus
ekasatriautama,"Fungsi:utk sementara fungsi berjalan lancar
Kondisi Barang:kondisi barang bagus seperti baru
Kegunaan:sementara cek baik

Puas dwngan kondisi laptop seperti baru, terima kasih seller",5,4,1762859772,fungsi utk sementara fungsi berjalan lancar kondisi barang kondisi barang bagus seperti baru kegunaan sementara cek baik puas dwngan kondisi laptop seperti baru terima kasih seller
rehanharizsi,"Fungsi:Sangat optimal untuk office dan game edukasi
Kondisi Barang:90% masih gress, cuma sedikit banget dent dan scratch
Desain:keren dan ga ketinggalan jaman

Buat body 90%, masih bagus banget terhitung dari umur Mac ini sih luar biasa, dan sedikit scratch tapi ga ngaruh Klo pakai cover.

Untuk fungsi sejauh saya coba sekarang masih oke banget untuk office, browsing, YouTube, music dan game edukasi ringan untuk toodler.

Suara masih jernih, layar ga ada white spot, aman sentosa.

Ty buat admin dan tokonya yg ga bosen jawab pertanyaan saya, sukses terus.

Puas banget",5,2,1763551935,fungsi sangat optimal untuk office dan game edukasi kondisi barang 90 masih gress cuma sedikit banget dent dan scratch desain keren dan ga ketinggalan jaman buat body 90 masih bagus banget terhitung dari umur mac ini sih luar biasa dan sedikit scratch tapi ga ngaruh klo pakai cover untuk fungsi sejauh saya coba sekarang masih oke banget untuk office browsing youtube music dan game edukasi ringan untuk toodler suara masih jernih layar ga ada white spot aman sentosa ty buat admin dan tokonya yg ga bosen jawab pertanyaan saya sukses terus puas banget
tri_wiyono,"Fungsi:bagus
Kondisi Barang:mulus
Spesifikasi:early 2011

Ternyata bukan MD101 tapi macbookpro 2011..barang mulus..dan normal..",5,7,1761184947,fungsi bagus kondisi barang mulus spesifikasi early 2011 ternyata bukan md101 tapi macbookpro 2011 barang mulus dan normal
satriamuhammad99,"Fungsi:baik
Kondisi Barang:mulus
Spesifikasi:baik

Dapat charger macbook seperti ini.. overall laptop second yang cukup bagus dan murah masih bisa digunakan untuk pekerjaan kantor",4,4,1763551097,fungsi baik kondisi barang mulus spesifikasi baik dapat charger macbook seperti ini overall laptop second yang cukup bagus dan murah masih bisa digunakan untuk pekerjaan kantor
rickyabraham,,5,2,1757341976,nan
alistamaharani18,"Mungkin karena murah, dikasih yg ga bagus.. 
Minimal yg ga ada kendala browsing ,walaupun body kurang bersih..",5,5,1747424679,mungkin karena murah dikasih yg ga bagus minimal yg ga ada kendala browsing walaupun body kurang bersih
r*****l,,5,2,1765851268,nan
a*****a,"Fungsi:beroperasi dengan baik
Kondisi Barang:datang dalam keadaan mulus dan aman

terimakasih kakak 🎀🫶🏼",5,0,1742699748,fungsi beroperasi dengan baik kondisi barang datang dalam keadaan mulus dan aman terimakasih kakak
l*****h,"Kondisi Barang:Baik

tapi kok saya gk bisa download apk word-nya yahh??? 
mohon bantuannya dong min🙏🏻",4,12,1765889583,kondisi barang baik tapi kok saya gk bisa download apk word nya yahh mohon bantuannya dong min
r*****i,"Fungsi:Beroperasi baik
Kondisi Barang:Mulus
Desain:Modern

Barang datang mulus dengan packing yang baik, berfungsi baik. Seller amanah, ramah dan fast respon. Sukses selalu seller. Terima kasih",5,3,1763375997,fungsi beroperasi baik kondisi barang mulus desain modern barang datang mulus dengan packing yang baik berfungsi baik seller amanah ramah dan fast respon sukses selalu seller terima kasih
wina8189,"Fungsi:berfungsi baik dan bagus
Kondisi Barang:packing aman dan baik
Desain:macbook pro asli tapi versi lama 2017 untuk download aplikasi tidak mendukung.. tapi masih digunakan untuk kita bekerja wa dan zoom bisa dipakai dan Microsoft Office lainnya..",5,2,1765574440,fungsi berfungsi baik dan bagus kondisi barang packing aman dan baik desain macbook pro asli tapi versi lama 2017 untuk download aplikasi tidak mendukung tapi masih digunakan untuk kita bekerja wa dan zoom bisa dipakai dan microsoft office lainnya
junio_desukasdo,"Kondisi Barang:Baik
Fungsi:Baik
Spesifikasi:Sesuai",5,5,1764266946,kondisi barang baik fungsi baik spesifikasi sesuai
devratt,,5,0,1752481610,nan
h*****l,"Fungsi:Berfungsi dengan bauk
Kondisi Barang:90%
Desain:Keren bangettt

Sebagai org yg blm pernah pke macbook, ini jadi pengalaman yang baik.Kondisi fisik bisa dibilang masih cukup oke ya guys! Mulus untuk macbook tahun segitu (dapet mp th mid 2012). Speaker kenceng, trackpad lancar, keyboard ga ada yg error. Pake os HighSierra yg diklaim paling stabil but I dont know. Batre masih aman kalo dipake 1-2jam. Ambil macbook ini buat kebutuhan kerja sama browsing. Moga dapet rejeki biar bs upgrade ke yg lebih baru! Makasih yaaa minnnn",5,2,1763129404,fungsi berfungsi dengan bauk kondisi barang 90 desain keren bangettt sebagai org yg blm pernah pke macbook ini jadi pengalaman yang baik kondisi fisik bisa dibilang masih cukup oke ya guys mulus untuk macbook tahun segitu dapet mp th mid 2012 speaker kenceng trackpad lancar keyboard ga ada yg error pake os highsierra yg diklaim paling stabil but i dont know batre masih aman kalo dipake 1 2jam ambil macbook ini buat kebutuhan kerja sama browsing moga dapet rejeki biar bs upgrade ke yg lebih baru makasih yaaa minnnn
mohhimen,"Fungsi:beroperasi dengan baik
Kondisi Barang:datang dengan keadaan mulus
Desain:terlihat keren dan modern

Barang original 
Barang second like new
Semoga awet dan tidak ada kendala sama sekali",5,1,1763772773,fungsi beroperasi dengan baik kondisi barang datang dengan keadaan mulus desain terlihat keren dan modern barang original barang second like new semoga awet dan tidak ada kendala sama sekali
rofiudinmuhammad769,"Fungsi:normal
Kondisi Barang:bagus

Bagus lancar, sesuai deskripsi",5,1,1762699487,fungsi normal kondisi barang bagus bagus lancar sesuai deskripsi
sutrisno0807,"Fungsi:sesuai harapan
Kondisi Barang:keadaan mulus like new
Desain:menarik pada masanya

Terimakasih Kaka MC udah datang dgn keadaan baik dan normal,di coba langsung juga lancar jaya.nex KLO ada kendala minta bantuan ya kak, hehe",5,0,1765117507,fungsi sesuai harapan kondisi barang keadaan mulus like new desain menarik pada masanya terimakasih kaka mc udah datang dgn keadaan baik dan normal di coba langsung juga lancar jaya nex klo ada kendala minta bantuan ya kak hehe
lusianakurniati533,Cager tidak bisa digunakan cepat panas,4,2,1760511265,cager tidak bisa digunakan cepat panas
dhimboc96,"Fungsi:mudah-mudahan awet
Kondisi Barang:bagus

Sesuai deskripsi",5,0,1744864277,fungsi mudah mudahan awet kondisi barang bagus sesuai deskripsi
nareyu,"Fungsi:beroperasi dengan baik
Kondisi Barang:barang 75 persen
Kegunaan:baik untuk digunakan keperluan sekolah

Barang ada yang penyok dibagian port HDMI kayak bekas ke timpa body kusam kurang perawatan mesin masih oke lancar jaya lumayan lah daripada lu manyun....",5,1,1759147004,fungsi beroperasi dengan baik kondisi barang barang 75 persen kegunaan baik untuk digunakan keperluan sekolah barang ada yang penyok dibagian port hdmi kayak bekas ke timpa body kusam kurang perawatan mesin masih oke lancar jaya lumayan lah daripada lu manyun
dheherman99,,5,3,1762693374,nan
puputven10,"Fungsi:sesuai
Kondisi Barang:bagus
Desain:sesuai

Bodi depan mulus bawahnya agak lecet dikit gpp lah cuman cepet banget panasnya baru di pake bntr dah panas its okay nama juga fersi lama suka deh semoga awet yah 🥰",5,4,1763818274,fungsi sesuai kondisi barang bagus desain sesuai bodi depan mulus bawahnya agak lecet dikit gpp lah cuman cepet banget panasnya baru di pake bntr dah panas its okay nama juga fersi lama suka deh semoga awet yah
siswantoindri010,"Fungsi:berfungsi dg baik
Kondisi Barang:kondisi mulus m baik

Semoga awet dan berguna",5,1,1763645860,fungsi berfungsi dg baik kondisi barang kondisi mulus m baik semoga awet dan berguna
japar97,"Fitur Terbaik:normal

Kondisi like new, sempat ada kendala tapi admin ramah & fast respon. Terbaik , semoga tetap amanah dan sukses. Aamiin",5,8,1765629363,fitur terbaik normal kondisi like new sempat ada kendala tapi admin ramah fast respon terbaik semoga tetap amanah dan sukses aamiin
tutiyulianti1994,"Fungsi:bekerja dengan baik
Kondisi Barang:baik bisa beroperasi
Desain:keren walaupun sedikit berat

Sangat puas sekali sesuai dengan yang di tawarkan. Saya dan suami sudah 2x beli sangat puas.

Toko nya pun amanah dan slalu cepat respon.
Semoga bermanfaat dan berkah untuk semuanya.

Terimakasih kak",5,8,1764844455,fungsi bekerja dengan baik kondisi barang baik bisa beroperasi desain keren walaupun sedikit berat sangat puas sekali sesuai dengan yang di tawarkan saya dan suami sudah 2x beli sangat puas toko nya pun amanah dan slalu cepat respon semoga bermanfaat dan berkah untuk semuanya terimakasih kak
t*****n,"Fungsi:Berfungsi dg baik
Kondisi Barang:Mulus dan empuk
Desain:elegan, tp berat

Alhamdulillah paket sdh nyampe, proses cpt, kondisi masih mulus, msh kokoh, daya tahan batre agak boros, ternyata hrus adaptasi ke macbook, setting2 lg, oya sdh request install apk tp blm di instalkan, mudah2an lancar dan awet, mkasih🙏🏻",5,0,1765248605,fungsi berfungsi dg baik kondisi barang mulus dan empuk desain elegan tp berat alhamdulillah paket sdh nyampe proses cpt kondisi masih mulus msh kokoh daya tahan batre agak boros ternyata hrus adaptasi ke macbook setting2 lg oya sdh request install apk tp blm di instalkan mudah2an lancar dan awet mkasih
faizalzamie,"Fungsi:berfungsi baik
Kondisi Barang:bisa lah
Desain:sesuai

Sesuailah dengan harga segini y ada minus2 dikit di body wajarlah namanya second hand, wort it lah yg penting sistem berjalan baik dan sesuai dengan permintaan rekomended banget buat toko ini amanah respon cepat memuaskan semoga awet😀",5,4,1764654501,fungsi berfungsi baik kondisi barang bisa lah desain sesuai sesuailah dengan harga segini y ada minus2 dikit di body wajarlah namanya second hand wort it lah yg penting sistem berjalan baik dan sesuai dengan permintaan rekomended banget buat toko ini amanah respon cepat memuaskan semoga awet
n*****i,"Fungsi:beroperasi dengan baik
Kondisi Barang:bagus , sedikit adapeyok fikit
Desain:menarik

Alhamdulillah datang dengan selamat, seusai . Ms word bisa excel bisa wa bisa semoga awet . Amin",5,0,1764674846,fungsi beroperasi dengan baik kondisi barang bagus sedikit adapeyok fikit desain menarik alhamdulillah datang dengan selamat seusai ms word bisa excel bisa wa bisa semoga awet amin
wahidhasanudin,"Amanah. Respon cepat. Ada kekurangan mau tanggung jawab. Nihh toko recomen kalo mau beli laptop. Cekout hari ini langsung di proses. 
Buat tokonya jangan bosen² jadi toko yg amanah.baik. good",5,1,1759758855,amanah respon cepat ada kekurangan mau tanggung jawab nihh toko recomen kalo mau beli laptop cekout hari ini langsung di proses buat tokonya jangan bosen jadi toko yg amanah baik good
i*****d,"Sepadan dengan Harga:sesuai
Fitur Terbaik:hardware tidak semulus baru, tapi keren recomended

Baru mau cek softwarenya
Moga awet. Trimakasih",5,2,1763468756,sepadan dengan harga sesuai fitur terbaik hardware tidak semulus baru tapi keren recomended baru mau cek softwarenya moga awet trimakasih
a*****i,"Fungsi:normal
Kondisi Barang:muluss
Desain:good

Mantap sesuai request dan kondisi bagus normal sekalii....semoga awett lah, thanks",5,2,1763830614,fungsi normal kondisi barang muluss desain good mantap sesuai request dan kondisi bagus normal sekalii semoga awett lah thanks
dederipaldo,"Fungsi:berpungsi dengan baik
Kondisi Barang:lumayan mulus
Desain:cantik

semoga awet...",5,0,1760710124,fungsi berpungsi dengan baik kondisi barang lumayan mulus desain cantik semoga awet
owhenkurniawan,"Fungsi:beroperasi dengan baik
Kondisi Barang:kondisi sedang
Spesifikasi:ok

Barang datang lama agak lama, kondisi laptop penyok depannya, selebihnya berfungsi normal.",3,8,1762421307,fungsi beroperasi dengan baik kondisi barang kondisi sedang spesifikasi ok barang datang lama agak lama kondisi laptop penyok depannya selebihnya berfungsi normal
u*****4,,5,0,1763545752,nan
astichintiafelice,"Fungsi:bagus
Kondisi Barang:lecet dikit tapi wajar",5,0,1763221154,fungsi bagus kondisi barang lecet dikit tapi wajar
ikka_lorensa,"Fungsi:berfungsi dengan baik
Kondisi Barang:bagus tapi keyboard sebelah kanannya bunyi bunyi di dalam
Desain:keren",5,1,1762783208,fungsi berfungsi dengan baik kondisi barang bagus tapi keyboard sebelah kanannya bunyi bunyi di dalam desain keren
rantatas,"Fungsi:semua berfungsi
Kondisi Barang:mulus. lumayan dengan harga terjangkau
Desain:sesuai bawaan aple",5,1,1762244128,fungsi semua berfungsi kondisi barang mulus lumayan dengan harga terjangkau desain sesuai bawaan aple
faridahrahmah95,,5,0,1747229239,nan
ekaariestanaagp,"Fungsi:berfungsi
Kondisi Barang:baik
Desain:baik

Paket sudah sampai dengan selamat dan lengkap, mohon pasword nya om.. terimakasih",5,0,1758082551,fungsi berfungsi kondisi barang baik desain baik paket sudah sampai dengan selamat dan lengkap mohon pasword nya om terimakasih
kiki_hartono77,"Fungsi:Sejauh ini berfungsi
Kondisi Barang:Alhamdulillah bagus
Desain:bagus",5,0,1760924836,fungsi sejauh ini berfungsi kondisi barang alhamdulillah bagus desain bagus
axalaja,,5,0,1760340363,nan
a*****n,"Fungsi:Okr
Kondisi Barang:Bagus
Desain:Oke

Sesuai deskripsi packing rapi dan mantap hanya saja ga sesuai request. Pdhal request pakai dual os. Tp okelah. Intinya seller rekomended",5,0,1764024368,fungsi okr kondisi barang bagus desain oke sesuai deskripsi packing rapi dan mantap hanya saja ga sesuai request pdhal request pakai dual os tp okelah intinya seller rekomended
j*****o,"Fungsi:ok
Kondisi Barang:seperti Hampir baru
Desain:bagus

Terimakasih banyak pesanan sudah diterima dengan baik pengemasan produk aman dengan bubble tebal produk aman terimakasih",5,1,1761924891,fungsi ok kondisi barang seperti hampir baru desain bagus terimakasih banyak pesanan sudah diterima dengan baik pengemasan produk aman dengan bubble tebal produk aman terimakasih
miminmintarsih180832,,5,0,1754916092,nan
akbarajiii,"barang mantap, minus di casan aja gak original
overall oke banget macbook ini",5,0,1760609880,barang mantap minus di casan aja gak original overall oke banget macbook ini
aziswkatamsi,"Fungsi:Puas, hanya bintang yang mewakili
Kondisi Barang:90% Mulus
Desain:puas

Walaupun saat awal booting agak lambat, tapi setelah masuki desktop semua aplikasi berjalan cepet. Koneksi internet kenceng, bateri CC205. TERIMA KASIH SELLER. Next akan ambil yang AIR",5,1,1758363609,fungsi puas hanya bintang yang mewakili kondisi barang 90 mulus desain puas walaupun saat awal booting agak lambat tapi setelah masuki desktop semua aplikasi berjalan cepet koneksi internet kenceng bateri cc205 terima kasih seller next akan ambil yang air
gideonbattu,"Kondisi Barang:aga lecet pemakaian sedikit di bagian bawah, tapi 95% mlus

Harap lebih ditingkatkan lagi pelayanannya, terlebih dlam merespon konsumen terkait konsultasi kendala unit.
Masih sangat kurang reponsif adminnya dlam mnyelesaikan kendala yng di alami konsumen.
Selebihnya smua sangat oke",5,2,1764598210,kondisi barang aga lecet pemakaian sedikit di bagian bawah tapi 95 mlus harap lebih ditingkatkan lagi pelayanannya terlebih dlam merespon konsumen terkait konsultasi kendala unit masih sangat kurang reponsif adminnya dlam mnyelesaikan kendala yng di alami konsumen selebihnya smua sangat oke
rays.77,,5,0,1760438970,nan
putraldebrano,,5,0,1755019026,nan
albarfaisalm,"Fungsi:dengan baik
Kondisi Barang:baguss lecet dikit wajar
Desain:aman semua bagus

Admin nya ramah dan bertanggung jawab",5,1,1765298440,fungsi dengan baik kondisi barang baguss lecet dikit wajar desain aman semua bagus admin nya ramah dan bertanggung jawab
naura2201,,5,2,1763830687,nan
atmayaa,"Fungsi:sudah di coba, berfungsi dengan baik 
Kondisi Barang:kondisi baik
Desain:semoga bisa berfungsi dengan baik

Awalnya kesusahan buat nyalain tapi di pandu admin nya dgn baik, sabar dan ramah, pokoknya ga nyesel belanja dsni, tokonya amanah,. Recommend.",5,0,1756107989,fungsi sudah di coba berfungsi dengan baik kondisi barang kondisi baik desain semoga bisa berfungsi dengan baik awalnya kesusahan buat nyalain tapi di pandu admin nya dgn baik sabar dan ramah pokoknya ga nyesel belanja dsni tokonya amanah recommend
b*****p,"Fungsi:ok
Kondisi Barang:datang dengan keadaan ok
Spesifikasi:siip",5,1,1748045723,fungsi ok kondisi barang datang dengan keadaan ok spesifikasi siip
it5peejyb0,,5,2,1763559112,nan
albiyanhassan,"Fungsi:oke
Kondisi Barang:mantap
Desain:menarik",5,0,1764951108,fungsi oke kondisi barang mantap desain menarik
,"Fungsi:bekerja dengan baik
Kondisi Barang:bagus

Sesuai",5,0,1746169720,fungsi bekerja dengan baik kondisi barang bagus sesuai
f*****4,"Fungsi:Sering mati-mati
Kondisi Barang:Cukup
Kegunaan:Tidak dapat digunakan karena sering mati hanya kurang dari 1 menit

Terimakasih",5,3,1759891416,fungsi sering mati mati kondisi barang cukup kegunaan tidak dapat digunakan karena sering mati hanya kurang dari 1 menit terimakasih
hendikelanajatidiri,,5,3,1763559136,nan
k*****s,"Fungsi:ok
Kondisi Barang:ok
Desain:ok

Alhamdulillah dateng dengan aman barang ok semoga bermanfaat dan awet, awalnya degdegan takut gk sesuai ternyata amanah Alhamdulillah sukses selalu tokonya",5,0,1754646971,fungsi ok kondisi barang ok desain ok alhamdulillah dateng dengan aman barang ok semoga bermanfaat dan awet awalnya degdegan takut gk sesuai ternyata amanah alhamdulillah sukses selalu tokonya
m*****b,"Kondisi Barang:MANTAP KEREN
Spesifikasi:SESUAI PESANAN

SUKSES SELALU",5,0,1743229823,kondisi barang mantap keren spesifikasi sesuai pesanan sukses selalu
yurlensalsabillah,"Fungsi:baik
Kondisi Barang:datang dlm keadaan mulus
Desain:terlihat keren

bagus banget❤️",5,0,1751038620,fungsi baik kondisi barang datang dlm keadaan mulus desain terlihat keren bagus banget
arifsidik39,"Fungsi:Normal
Kondisi Barang:Aman kondisi barang nya

Cuman setelah d pake, batre kurang dari 2 jam sudah habis. Maaf baru bikin penilaian, soalnya d coba dulu
Semoga awet",5,0,1753118751,fungsi normal kondisi barang aman kondisi barang nya cuman setelah d pake batre kurang dari 2 jam sudah habis maaf baru bikin penilaian soalnya d coba dulu semoga awet
andre5858,"Fungsi:beroperasi dgn baik
Kondisi Barang:bagus
Desain:menarik",5,0,1759672805,fungsi beroperasi dgn baik kondisi barang bagus desain menarik
mazkalmutho,"Fungsi:bekerja dengan baik
Kondisi Barang:bagus, hanya ada bercak2 goresan tipis
Desain:sesuai dengan modelnya, btw ini yang keluaran 2012",5,0,1759379162,fungsi bekerja dengan baik kondisi barang bagus hanya ada bercak2 goresan tipis desain sesuai dengan modelnya btw ini yang keluaran 2012
laelash0202,"Fungsi:berfungsi dengan baik
Kondisi Barang:bagus sesuai harga
Desain:oke

Suka sama respon adminnya sabar banget sama akuu yang banyak nanya huhu😭🫶🏻",5,1,1763688867,fungsi berfungsi dengan baik kondisi barang bagus sesuai harga desain oke suka sama respon adminnya sabar banget sama akuu yang banyak nanya huhu
thiorachman,Mantaapp bgtt,5,0,1761194756,mantaapp bgtt
a*****t,"Terimakasih, Dikirim sesuai orderan. smua berfungsi. Ada bekas jatuh kempot dan bengkok disudut  belakang display, sudah di lapisi skin. Batre agak boros. Sesuai harga.",1,7,1765881889,terimakasih dikirim sesuai orderan smua berfungsi ada bekas jatuh kempot dan bengkok disudut belakang display sudah di lapisi skin batre agak boros sesuai harga
bungadwi14,"Fungsi:Baik
Kondisi Barang:mulus karena diberi garskin
Desain:elegan",5,0,1755056361,fungsi baik kondisi barang mulus karena diberi garskin desain elegan
jefriafriwan123,"Fungsi:bekerja dengan baik
Kondisi Barang:kurang mulus
Desain:Lumayan",4,0,1762701295,fungsi bekerja dengan baik kondisi barang kurang mulus desain lumayan
d*****5,"Fungsi:rusak
Kondisi Barang:tidak layak pakai 
Desain:Oke

BARANG RONGSOKAN DIJUAL !!!!
KAPOKKKKKKK, TIDAK AMANAH ",1,23,1765881886,fungsi rusak kondisi barang tidak layak pakai desain oke barang rongsokan dijual kapokkkkkkk tidak amanah
indrisapitri_,,5,0,1754664465,nan
gunturgegar528,"ada kendala dan mau diperbaiki, tunggu nyampe baru dinilai lagii",3,0,1763448022,ada kendala dan mau diperbaiki tunggu nyampe baru dinilai lagii
maulsevic,"Fungsi:bwkerja dengan baij
Kondisi Barang:datang dalam keadaan mulus
Desain:keren",5,0,1759312957,fungsi bwkerja dengan baij kondisi barang datang dalam keadaan mulus desain keren
agus_saridana87,Fungsi:Normal sesuai dengan harapan,5,0,1764659063,fungsi normal sesuai dengan harapan
d*****h,,5,1,1759478475,nan
e*****u,"Barang Datang dengan kondisi baik, sesuai dengan yang di order. Penjual Ramah dan sangat fast respon.",5,0,1749438939,barang datang dengan kondisi baik sesuai dengan yang di order penjual ramah dan sangat fast respon
frandydaniel_02,"Sepadan dengan harga, hanya masukan untukntanda barang elektronik saat packing 
Dan boleh lah pengiriman area timur Indonesia lebih baik dengan JNT.",4,1,1762487139,sepadan dengan harga hanya masukan untukntanda barang elektronik saat packing dan boleh lah pengiriman area timur indonesia lebih baik dengan jnt
roniafron,Fungsi:bekerja dengan baik,5,1,1763627277,fungsi bekerja dengan baik
ariflukmanhakim767,"Fungsi:berfubgsu dengan sangat baik tidak ada cacat pada barang hanya goresan goresan khas pemakaian dan itupun juga sangat minim
Kondisi Barang:sangat bagus, dan mulus

Barang diterima dengan kondisi yang sangat baik, semua fungsi bekerja sesuai dengan fungsinya, yang perlu diperhatikan laptop ini late 2011 sehingga hanya bisa support hingga mac os high sierra. Untuk kebutuhan office mengetik, admin dan multimedia sangat bisa diandalkan.",5,4,1745113412,fungsi berfubgsu dengan sangat baik tidak ada cacat pada barang hanya goresan goresan khas pemakaian dan itupun juga sangat minim kondisi barang sangat bagus dan mulus barang diterima dengan kondisi yang sangat baik semua fungsi bekerja sesuai dengan fungsinya yang perlu diperhatikan laptop ini late 2011 sehingga hanya bisa support hingga mac os high sierra untuk kebutuhan office mengetik admin dan multimedia sangat bisa diandalkan
dr.2020,,5,1,1756961667,nan
entmartid,"Fungsi:bagus
Kondisi Barang:lumayan

Pengiriman cepat. Pelayanan ramah. Bakal langganan disini",5,0,1749016192,fungsi bagus kondisi barang lumayan pengiriman cepat pelayanan ramah bakal langganan disini
a*****_,"Kondisi Barang:mulusssss
Fungsi:sesuai harapan banget

rekomen banget sih ini, lain kali bakal langganan 👍🏻",5,0,1743264315,kondisi barang mulusssss fungsi sesuai harapan banget rekomen banget sih ini lain kali bakal langganan
iranisanalurita,"Fungsi:normal
Kondisi Barang:baik

Sejauh ini bisa di gunakan semoga awet,respon adminnya cepat dan sabar",5,0,1744341060,fungsi normal kondisi barang baik sejauh ini bisa di gunakan semoga awet respon adminnya cepat dan sabar
akdadang,"Fungsi:baik normal semua
Kondisi Barang:paking joss aman unit mantap
Spesifikasi:sesuai orderan

Mantap👍",5,1,1752114412,fungsi baik normal semua kondisi barang paking joss aman unit mantap spesifikasi sesuai orderan mantap
wisnuismail91,"Fungsi:bekerja dengan baik
Kondisi Barang:normal

Puas ... packingan nya aman ... buble warp nya berlapis-lapis ... bener-bener dijaga ... toko juga ramah dan fast response .. pokok nya puas ...",5,0,1762971228,fungsi bekerja dengan baik kondisi barang normal puas packingan nya aman buble warp nya berlapis lapis bener bener dijaga toko juga ramah dan fast response pokok nya puas
irhams77,"Terimakasih, pesanan telah sampai..",5,0,1757495936,terimakasih pesanan telah sampai
santosinagaa,"Minta cancel karena mau rubah pesanan tapi langsung ditolak sama toko khawatir pembeli ga jadi beli barang, secara barang oke2 aja tapi untuk pelayanan penjual mohon maaf sepertinya harus banyak diperbaiki kualitas pelayanannya, terimakasih",3,4,1751178668,minta cancel karena mau rubah pesanan tapi langsung ditolak sama toko khawatir pembeli ga jadi beli barang secara barang oke2 aja tapi untuk pelayanan penjual mohon maaf sepertinya harus banyak diperbaiki kualitas pelayanannya terimakasih
tghprt,"Kondisi Barang:lecet2 lumrah lah
Fungsi:ok
Spesifikasi:spesifikasi tdk sesuai. seharusnya 256. yg di pasang 128",3,14,1761545187,kondisi barang lecet2 lumrah lah fungsi ok spesifikasi spesifikasi tdk sesuai seharusnya 256 yg di pasang 128
msglow_beauty_center,"Fungsi:sofware baik
Kondisi Barang:fisik kurang bagus
Desain:jelek

penggunaan baterai cepat panas dan cepat habis",1,12,1765773736,fungsi sofware baik kondisi barang fisik kurang bagus desain jelek penggunaan baterai cepat panas dan cepat habis
anjasspd,,5,0,1763215242,nan
ayu_wandira001,,5,1,1758324000,nan
i*****4,"Kondisi Barang:ok
Fungsi:ok
Spesifikasi:ok",4,18,1758625275,kondisi barang ok fungsi ok spesifikasi ok
aaden78,mudah mudahan bisa awet,5,0,1764447487,mudah mudahan bisa awet
achad_furqon_sahbani12,"Fungsi:tidak layak jual
Kondisi Barang:tidak layak
Kegunaan:tidak layak pakai

Silahkan nilai sendiri .sedari awal barang dikirim tidak amanah baik dr tahun produksi tidak sesuai deskripsi dan baterai pun tidak sesuai info mereka .dia bilang wajar baterai 100% macbook habis dalam waktu 20-30 menit ..saya kira orang yang baru pertama beli macbook yang iyain kewajaran itu yang jelas baterai soak di kirim",1,43,1764976157,fungsi tidak layak jual kondisi barang tidak layak kegunaan tidak layak pakai silahkan nilai sendiri sedari awal barang dikirim tidak amanah baik dr tahun produksi tidak sesuai deskripsi dan baterai pun tidak sesuai info mereka dia bilang wajar baterai 100 macbook habis dalam waktu 20 30 menit saya kira orang yang baru pertama beli macbook yang iyain kewajaran itu yang jelas baterai soak di kirim
f*****5,"Fungsi:Baik
Kondisi Barang:Ada baret besar skali dibagian samping, Kondisi bodi sdh di Sticker atas bawah, bodi atas banyak penyok2 , kalau fungsi normal smua, pengiriman sangan mantap dan cepat",4,0,1744178339,fungsi baik kondisi barang ada baret besar skali dibagian samping kondisi bodi sdh di sticker atas bawah bodi atas banyak penyok2 kalau fungsi normal smua pengiriman sangan mantap dan cepat
timcanpy,Sejauh ini bagus banget,5,0,1763631797,sejauh ini bagus banget
adindasyaah,sampai dengan aman dan masih worth it,4,1,1755182823,sampai dengan aman dan masih worth it
avanmyidstudios,"Fungsi:ok
Kondisi Barang:kipas berisik, mesti dibersihin, update ke os sonoma sebelumnya high siera, cover depan di rapih²in",5,0,1764862294,fungsi ok kondisi barang kipas berisik mesti dibersihin update ke os sonoma sebelumnya high siera cover depan di rapih in
donza1919,"Barang bagus, berfungsi normal semua",5,0,1742911843,barang bagus berfungsi normal semua
bangsonet,Mulus lancar jaya. Cocok buat edit².,5,0,1749308328,mulus lancar jaya cocok buat edit
azamtujannah,,5,0,1748176636,nan
nursamsi88,"Macbook sudah saya coba berfungsi dengan baik, cas berfungsi dg baik ada bonus tas dan mouse. Body mulus.",5,0,1760782667,macbook sudah saya coba berfungsi dengan baik cas berfungsi dg baik ada bonus tas dan mouse body mulus
ahmadmadani033,Datang dalam keadaan mulus dan sampai ke tujuan dengan baik,5,0,1761135890,datang dalam keadaan mulus dan sampai ke tujuan dengan baik
l*****3,"Fungsi:berfungsi semua
Kondisi Barang:bagus
Desain:ok

Terimakasih min barangnya bagus,sorry kalo bawel hehehe,tapi admin responsif bangettt top dehh pokoknyaaa",5,0,1760758366,fungsi berfungsi semua kondisi barang bagus desain ok terimakasih min barangnya bagus sorry kalo bawel hehehe tapi admin responsif bangettt top dehh pokoknyaaa
wandiasf,"Kondisi Barang:lumayan 95%
Desain:keren mantap

Alhamdulillah akhirnya nyampe juga nih macbook.. sepadan dengan harga. Keypad mash empuk, kecepatan browsing dan buka app mantap. Batre dtng kondisi off. Jd blum keuji. Mudah²n awet normal. Recomended seller. Hanya saja jasa kirimnya yg buruk.",5,0,1757249101,kondisi barang lumayan 95 desain keren mantap alhamdulillah akhirnya nyampe juga nih macbook sepadan dengan harga keypad mash empuk kecepatan browsing dan buka app mantap batre dtng kondisi off jd blum keuji mudah n awet normal recomended seller hanya saja jasa kirimnya yg buruk
wahyu_zulkipar,"Alhamdulillah barangnya 95% masih oke. Memang apple build nya kuat dan tangguh

Terimakasih seller, sudah amanah dengan produknya.",5,0,1762945636,alhamdulillah barangnya 95 masih oke memang apple build nya kuat dan tangguh terimakasih seller sudah amanah dengan produknya
c*****2,"Fungsi:normal
Kondisi Barang:sedang
Desain:macbook pro

Saya order yg ram 16 gb tapi dikirim 8gb, gimana nih.....? ",5,0,1756382337,fungsi normal kondisi barang sedang desain macbook pro saya order yg ram 16 gb tapi dikirim 8gb gimana nih
sib0b,"Sudah diterima dg baik
Mudah2n awet utk kerjaan kantoran saja.",5,0,1753840183,sudah diterima dg baik mudah2n awet utk kerjaan kantoran saja
bang_mirhan08,"Fungsi:ada yg kurang trackpad tidak bisa di click
Kondisi Barang:bekas",4,0,1746360799,fungsi ada yg kurang trackpad tidak bisa di click kondisi barang bekas
n*****9,"Fungsi:sejauh ini bekerja dgn baik
Kondisi Barang:dtng dlm keadaan aman
Desain:bagus

smpt ada kendala tp untung admin gercep ngerspon nya",4,0,1763031559,fungsi sejauh ini bekerja dgn baik kondisi barang dtng dlm keadaan aman desain bagus smpt ada kendala tp untung admin gercep ngerspon nya
farizhendrawan123,Fungsi:berfungsi baik,5,0,1748167231,fungsi berfungsi baik
a*****0,"Bagus berfungsi dengan baik
-Charger yang di kirim rusak + kotor ( tapi penjual mau bertanggung jawab jadi gapapa ) 
-Macbook kotor banyak noda kayak oli gatau kenapa 
- Apk yang di request gak di instal samsek
Dah sih itu aja setelah di pakai kurang lebih beberapa minggu macbook nya berfungsi dengan baik tanpa kendala,, terimakasih",4,3,1764976277,bagus berfungsi dengan baik charger yang di kirim rusak kotor tapi penjual mau bertanggung jawab jadi gapapa macbook kotor banyak noda kayak oli gatau kenapa apk yang di request gak di instal samsek dah sih itu aja setelah di pakai kurang lebih beberapa minggu macbook nya berfungsi dengan baik tanpa kendala terimakasih
m*****i,"Fungsi:Baik
Kondisi Barang:Ada lecet. ya wajarlah
Spesifikasi:Bagus

Semoga awet",5,0,1746282297,fungsi baik kondisi barang ada lecet ya wajarlah spesifikasi bagus semoga awet
silviaeugene,"Bagian belakang agak bengkak, ada deng ujung kiri overall sih masih bagus semoga awet",5,0,1745887726,bagian belakang agak bengkak ada deng ujung kiri overall sih masih bagus semoga awet
a*****d,,4,0,1759934460,nan
arkarasyashop,"Fungsi:bagus
Kondisi Barang:mulus lecet pemakaian biasa.
Desain:apik",5,0,1756291717,fungsi bagus kondisi barang mulus lecet pemakaian biasa desain apik
hze_ri,"Fungsi:berfungsi dgn baik
Kondisi Barang:bagus dan mulus
Desain:bagus",5,0,1753071631,fungsi berfungsi dgn baik kondisi barang bagus dan mulus desain bagus
_2z631iscr,"Fungsi:baik
Kondisi Barang:normal
Desain:masi keren",5,0,1752144566,fungsi baik kondisi barang normal desain masi keren
ferihbibi,,5,0,1759039162,nan
imamzainalasrori,"Fungsi:semua berfungsi
Kondisi Barang:scont terasa baru
Desain:menarik perrhatian",5,0,1755313969,fungsi semua berfungsi kondisi barang scont terasa baru desain menarik perrhatian
a*****1,"Fungsi:baik
Kondisi Barang:bagus
Desain:bagus

Terima kasih",5,0,1759682617,fungsi baik kondisi barang bagus desain bagus terima kasih
ardian1975,"Fungsi:beroperasi dengan baik
Kondisi Barang:kondisi ok
Desain:sangat bagus",5,0,1760508604,fungsi beroperasi dengan baik kondisi barang kondisi ok desain sangat bagus
om_ferdy,"Fungsi:bagus
Kondisi Barang:baik
Desain:keren oi

Terimakasih ya seller",5,0,1754490450,fungsi bagus kondisi barang baik desain keren oi terimakasih ya seller
4n1fw,"Fungsi:beroperasi dengan baik
Kondisi Barang:sesuai harga
Desain:menarik",5,0,1763449347,fungsi beroperasi dengan baik kondisi barang sesuai harga desain menarik
intan.raviani.ogianto,"Fungsi:oke
Kondisi Barang:oke
Desain:oke

Pelayanan cepat tanggap.",5,0,1765404743,fungsi oke kondisi barang oke desain oke pelayanan cepat tanggap
fatimahfath622,"Fungsi:oke
Kondisi Barang:sedikit melantar
Desain:bagus

Respon baik sekalii",5,1,1753884713,fungsi oke kondisi barang sedikit melantar desain bagus respon baik sekalii
maxhavestudio,Waktu beli sudah isi dan diminta isi request program adobe  tapi di cek kemudian tdk ada adobe. Sptinya ini cat ulang,5,0,1761130367,waktu beli sudah isi dan diminta isi request program adobe tapi di cek kemudian tdk ada adobe sptinya ini cat ulang
sahuleka_aldi,ok bagus sesuai,5,0,1758458563,ok bagus sesuai
s*****8,"Fungsi:fungsi normal
Kondisi Barang:ada penyok di bagian belakang lcd",4,0,1748800852,fungsi fungsi normal kondisi barang ada penyok di bagian belakang lcd
funarnojuriadin.p,"Fungsi:berfungsi
Kondisi Barang:Namanya juga seccond. Lumayan
Desain:oke",4,0,1760264831,fungsi berfungsi kondisi barang namanya juga seccond lumayan desain oke
e*****s,barang sesuai dengan deskripsi produk semoga bermanfaat......,4,0,1761101967,barang sesuai dengan deskripsi produk semoga bermanfaat
m*****u,"Ok, tq",5,0,1760601049,ok tq
wbone85,"Panik karena laptopnya ga bisa nyalaaa
Pas di perbaiki lagi ditoko terdekat, alhamdulillah bisa",3,0,1761581761,panik karena laptopnya ga bisa nyalaaa pas di perbaiki lagi ditoko terdekat alhamdulillah bisa
andrewumboh7,Terbaik sangat profesional Zig zag. TUHAN berkati,5,0,1765275277,terbaik sangat profesional zig zag tuhan berkati
arjomfals,"Fungsi:gd
Kondisi Barang:ok
Desain:bg

Ok",4,0,1758154094,fungsi gd kondisi barang ok desain bg ok
ripai52,Kondisi Barang:rusak kecewa berat pokoknya,1,3,1763136646,kondisi barang rusak kecewa berat pokoknya
t*****1,"Fungsi:mulu
Kondisi Barang:baik
Desain:baik",5,0,1757513463,fungsi mulu kondisi barang baik desain baik
millahnwdtl53,"Barang diterima dengan kondisi baik, ada lecet di dekat keyboard sedikit tapi gapapa namanya jg second. Untuk trackpad berfungsi dengan baik, keyboard semua berfungsi tidak ada yg ngambek wkwk, untuk bagian memory sesuai pesanan, cuma minus dibagian layar macbook ada garis dibagian tengah lumayan panjang dan sebelak kiri tapi gapapa banget soalnya ga kelihatan saat dah nyala. Semoga panjang umurnya nih macbook murmer. Makasih seller baik hati, sukses selalu",5,0,1762748661,barang diterima dengan kondisi baik ada lecet di dekat keyboard sedikit tapi gapapa namanya jg second untuk trackpad berfungsi dengan baik keyboard semua berfungsi tidak ada yg ngambek wkwk untuk bagian memory sesuai pesanan cuma minus dibagian layar macbook ada garis dibagian tengah lumayan panjang dan sebelak kiri tapi gapapa banget soalnya ga kelihatan saat dah nyala semoga panjang umurnya nih macbook murmer makasih seller baik hati sukses selalu
yosef_osi_bnani,"Fungsi:komponen berfungsi. cuma belum tahu password utk buka 🙏
Kondisi Barang:kondisi barang baik.
Desain:baik

Semoga tahan lama. Belum coba adaptor. Semoga berfungsi dengan baik. Terimakasih 🙏",5,0,1758425742,fungsi komponen berfungsi cuma belum tahu password utk buka kondisi barang kondisi barang baik desain baik semoga tahan lama belum coba adaptor semoga berfungsi dengan baik terimakasih
novan4848,"Alhamdulillah sesuai dan befungsi baik, terima kasih seller",5,0,1758793501,alhamdulillah sesuai dan befungsi baik terima kasih seller
s*****1,"Fungsi:barang berfungsi dengan normal
Kondisi Barang:barang sesuai dgn deskripsi, bagus dengan harga terjangkau, seller fastrespon, mantapp next order lagi",5,0,1764765731,fungsi barang berfungsi dengan normal kondisi barang barang sesuai dgn deskripsi bagus dengan harga terjangkau seller fastrespon mantapp next order lagi
f*****3,"Fungsi:dengan baik
Kondisi Barang:sedikit lecet maklum barang secend tapi tetap ok
Desain:bagus",5,0,1761852546,fungsi dengan baik kondisi barang sedikit lecet maklum barang secend tapi tetap ok desain bagus
n*****a,"Fungsi:barang bekerja dengan baik
Kondisi Barang:datang dengan kondisi yang muluss
Desain:cakeppp bangettt kayaaa masihhh baruuu syukakkkkkkk😍❤️❤️❤️❤️",5,0,1757747669,fungsi barang bekerja dengan baik kondisi barang datang dengan kondisi yang muluss desain cakeppp bangettt kayaaa masihhh baruuu syukakkkkkkk
_6cntzzjif,"Fungsi:berfungsi dg baik
Kondisi Barang:bagus mulus gambar
Desain:Bagus

Rekom belanja di toko ini
Seller amanah, kalo tanya selalu di jawab dg cepat.",5,0,1765792884,fungsi berfungsi dg baik kondisi barang bagus mulus gambar desain bagus rekom belanja di toko ini seller amanah kalo tanya selalu di jawab dg cepat
5ttruyo_sg,"Alhamdulillah paketnya sudah tiba. Packing rapi, macebook nya dapat berfungsi dengan baik.Semoga awet. Tokonya mantap, semoga jaya dan lancar.",5,0,1760534408,alhamdulillah paketnya sudah tiba packing rapi macebook nya dapat berfungsi dengan baik semoga awet tokonya mantap semoga jaya dan lancar
heniyuliani289,"2minggu pakai bermasalah, barang sudah saya kembalikan. tukar unit tapi tidak kunjung dikirim...update penilaian kalau barang sudah dikirim lagi ke saya.",1,0,1765792284,2minggu pakai bermasalah barang sudah saya kembalikan tukar unit tapi tidak kunjung dikirim update penilaian kalau barang sudah dikirim lagi ke saya
sugengmaruf,"Fungsi:barang bekerja dengan baik
Kondisi Barang:datang dalam keadaan mulus
Desain:terlihat keren dan modern",5,0,1756635865,fungsi barang bekerja dengan baik kondisi barang datang dalam keadaan mulus desain terlihat keren dan modern
hayatunnira111,"Fungsi:bekerja dengan baik sesuai harapan
Kondisi Barang:mulus walaupun ada gores kecil
Desain:menarik",5,0,1761865438,fungsi bekerja dengan baik sesuai harapan kondisi barang mulus walaupun ada gores kecil desain menarik
dedirp26,"Fungsi:narang bekerja dengan baik
Kondisi Barang:barang mulus rahayu
Desain:ok mantep keren",5,0,1764733198,fungsi narang bekerja dengan baik kondisi barang barang mulus rahayu desain ok mantep keren
rudiapriadi864,"Fungsi:baik
Kondisi Barang:95% masih baik,  wajar lecet pemakaian

Mantap barangnya",5,0,1764568982,fungsi baik kondisi barang 95 masih baik wajar lecet pemakaian mantap barangnya
robianggara33,"Fungsi:lancar
Kondisi Barang:lumayan

lumayan lah gak jelek bgt beberapa titik ada dent tapi worth it lah buat harga sgitu . semoga awet",5,0,1762177097,fungsi lancar kondisi barang lumayan lumayan lah gak jelek bgt beberapa titik ada dent tapi worth it lah buat harga sgitu semoga awet
ahmadfauzi131195,"Produk sesuai deskripsi, kondisi visual 98% masih mulus",5,0,1761827568,produk sesuai deskripsi kondisi visual 98 masih mulus
lkmeddia,"Fungsi:semoga berfungsi dengan baik
Kondisi Barang:barang datang dalam kondisi baik, double packing
Desain:model bagus",5,0,1765693566,fungsi semoga berfungsi dengan baik kondisi barang barang datang dalam kondisi baik double packing desain model bagus
muhamadrafi1206,"Fungsi:bagus kok
Kondisi Barang:mulus

Kalo ada yg kurang konsultasi ke cs nya aja diarahkan bener2",5,0,1759320741,fungsi bagus kok kondisi barang mulus kalo ada yg kurang konsultasi ke cs nya aja diarahkan bener2
a*****m,"Fungsi:baik
Kondisi Barang:banyak lecet2
Desain:lumayan",5,0,1763616906,fungsi baik kondisi barang banyak lecet2 desain lumayan
25v4dp4ma3,"Fungsi:berfungsi baik
Kondisi Barang:bagus
Desain:bagus n rapih",5,0,1755623928,fungsi berfungsi baik kondisi barang bagus desain bagus n rapih
moncipdaster,"gimana ini quality control nya parah, pengiriman lama, kurang teliti , ga ada bautnya, udh nunggu lama
kecewa di toko ini ga bakal balek lagi!",1,1,1764966012,gimana ini quality control nya parah pengiriman lama kurang teliti ga ada bautnya udh nunggu lama kecewa di toko ini ga bakal balek lagi
n*****7,"Fungsi:bekerja dengan baik
Kondisi Barang:masih muluss, baret dikit ga keliatan
Desain:macbook pada umumnya

Bagus banget, dengan harga segitu worth it to buy. Jangan ragu yah beli di toko ini, ada garansinya juga.",5,0,1751563316,fungsi bekerja dengan baik kondisi barang masih muluss baret dikit ga keliatan desain macbook pada umumnya bagus banget dengan harga segitu worth it to buy jangan ragu yah beli di toko ini ada garansinya juga
adrianalomang,"Fungsi:bekerja dgn baik
Kondisi Barang:agak 3 titik dent tapi tidak masalah
Desain:bagus dan tidak mengecewakan,

Belanja di toko ini tidak mengecewakan, trima kasih",5,0,1751638064,fungsi bekerja dgn baik kondisi barang agak 3 titik dent tapi tidak masalah desain bagus dan tidak mengecewakan belanja di toko ini tidak mengecewakan trima kasih
l*****u,"Fungsi:iya berfungsi meskipun selalu ada tulisan updet aja
Kondisi Barang:agak besret sedikit tapi bagus lah
Desain:suka desainnya

Baguss",5,1,1765062530,fungsi iya berfungsi meskipun selalu ada tulisan updet aja kondisi barang agak besret sedikit tapi bagus lah desain suka desainnya baguss
nurfajarsepyanto_23,"Fungsi:sesuai dengan deskripsi
Kondisi Barang:kondisi 98% masih bagus
Desain:sesuai deskripsi

Recomended untuk belajar dan kerja",5,0,1751410289,fungsi sesuai dengan deskripsi kondisi barang kondisi 98 masih bagus desain sesuai deskripsi recomended untuk belajar dan kerja
adrianalomang,"Fungsi:berfungsi dgn baik
Kondisi Barang:mulus
Desain:menarik dan tidak mengecewakan",5,0,1751637876,fungsi berfungsi dgn baik kondisi barang mulus desain menarik dan tidak mengecewakan
vmubvev8m8,"Fungsi:baik
Kondisi Barang:mulus cakep
Desain:bagus

cuma ga di install sama yg saya minta pdhl mereka sendiri yg suruh tulis sesuai request sih. ya tapi yaudahlah. barangnya bagus masih mulus  , berfungsi dengan baik",5,0,1751184241,fungsi baik kondisi barang mulus cakep desain bagus cuma ga di install sama yg saya minta pdhl mereka sendiri yg suruh tulis sesuai request sih ya tapi yaudahlah barangnya bagus masih mulus berfungsi dengan baik
p*****0,"Fungsi:tidak berfungsi
Kondisi Barang:tidak bisa di pakai

Perdana mesen di seller ini. Sebelumnya saya selalu repeat order di beberapa seller lain, karna saya juga buat dagang.
Pertama dtng 1 unit itu tidak berfungsi speker dan sensor nya. Jika di tutup dan di buka layar tdk nyala
Di live di bilang CC btre kecil. Saat sampai ternyata udh gede banget 890
2 hari berjalan. Unit yg satu lgi juga bermasalah. LCD nya suka goyang saat pemakaian. Sprti longgar 
Alhasil ke 2 unit yg saya pesan smua rusak. Tpi satu yg saya kembalikan. Krna yg satu lgi saya perbaiki sndri
Saya return yg 1 unit dengan pengembalian dana. 
Tpi seller kekeuh gnti barang. Dengan alasan yg saya pikir ngk masuk akal. Dengan bbrpa bukti yg saya lampirkan di kolom komplen. Akirnya dana balik
Terakir deh order sma seller ini",1,4,1765796284,fungsi tidak berfungsi kondisi barang tidak bisa di pakai perdana mesen di seller ini sebelumnya saya selalu repeat order di beberapa seller lain karna saya juga buat dagang pertama dtng 1 unit itu tidak berfungsi speker dan sensor nya jika di tutup dan di buka layar tdk nyala di live di bilang cc btre kecil saat sampai ternyata udh gede banget 890 2 hari berjalan unit yg satu lgi juga bermasalah lcd nya suka goyang saat pemakaian sprti longgar alhasil ke 2 unit yg saya pesan smua rusak tpi satu yg saya kembalikan krna yg satu lgi saya perbaiki sndri saya return yg 1 unit dengan pengembalian dana tpi seller kekeuh gnti barang dengan alasan yg saya pikir ngk masuk akal dengan bbrpa bukti yg saya lampirkan di kolom komplen akirnya dana balik terakir deh order sma seller ini
fuadibachrulielmy,"Fungsi:normal
Kondisi Barang:mulus
Permukaan:mulus

Bagus mudah2an awet",5,0,1749790554,fungsi normal kondisi barang mulus permukaan mulus bagus mudah2an awet
hds1113n,"Fungsi:berfungsi dengan baik
Kondisi Barang:bagus
Permukaan:mulus

Semoga awet... Berkah buat tokonya",4,0,1749904283,fungsi berfungsi dengan baik kondisi barang bagus permukaan mulus semoga awet berkah buat tokonya
eltonmayor048,"Fungsi:berfungsi dengan sangat cepat dan baik ttp
Kondisi Barang:datang dengan sangat mulus walaupun hanya second tpi, original 98%
Desain:bagus dan menarik

Awal mau order ragu"" karna t4 sya di Papua,PROV Papua Barat Daya, kota Sorong TPI, begitu leptopnya datang smpai dirumah dengan kurir yg menggunakan mobil . Sya merasa sangat puass skli, bgtu juga dengan pengirimannya bgtu cepat dan adminnya ramah trima kasih bnyak atas barang orderannya sya merasa sangat puasss..🤩🙏🏼 semoga leptopnya awet dan tahan lama",5,1,1765362694,fungsi berfungsi dengan sangat cepat dan baik ttp kondisi barang datang dengan sangat mulus walaupun hanya second tpi original 98 desain bagus dan menarik awal mau order ragu karna t4 sya di papua prov papua barat daya kota sorong tpi begitu leptopnya datang smpai dirumah dengan kurir yg menggunakan mobil sya merasa sangat puass skli bgtu juga dengan pengirimannya bgtu cepat dan adminnya ramah trima kasih bnyak atas barang orderannya sya merasa sangat puasss semoga leptopnya awet dan tahan lama
romanrichardosibuea,"Fungsi:ok
Kondisi Barang:bagus
Kegunaan:ok

Bagus, semuanya berfungsi. Pokoknya keren dan rekomen beli disini",5,0,1748778944,fungsi ok kondisi barang bagus kegunaan ok bagus semuanya berfungsi pokoknya keren dan rekomen beli disini
justiaganang,"Fungsi:bejala baik
Kondisi Barang:minus di trackpad sama keyboard bersamalah di tombol O&L",3,0,1750653792,fungsi bejala baik kondisi barang minus di trackpad sama keyboard bersamalah di tombol o l
j*****t,"Fungsi:oke
Kondisi Barang:barang bagus
Spesifikasi:sesuai deskripsi",5,1,1747931881,fungsi oke kondisi barang barang bagus spesifikasi sesuai deskripsi
oktorio191919,"Fungsi:bekerja dengan baik
Kondisi Barang:datang dalam keadaan bagus",4,2,1744731619,fungsi bekerja dengan baik kondisi barang datang dalam keadaan bagus
sevinaalzahra227,"Fungsi:baik
Kondisi Barang:sangat mulus

Alhamdulillah sudah sampai dengan aman, untuk saat ini masih aman” aja semoga ttp aman kedepannya🙏🏻",5,0,1744347539,fungsi baik kondisi barang sangat mulus alhamdulillah sudah sampai dengan aman untuk saat ini masih aman aja semoga ttp aman kedepannya
n*****b,"Sumpaahh layarnya kayak mau copott...
Awalnya Pengen ngasih Nilai bagus tp koook lama kelamaan di bagian layar pas mau dibuka kayak abis bongkar pasang gitu..mau copot 😓😭
Mana mau di tuker juga udah gabisa 
Nambah Uang 100 rb via Tf katanya mau di Download in  SPSS jg ga di downlload iin

Huuhh..maaf min..Agak kecewa si aslinyaaa",3,2,1760666847,sumpaahh layarnya kayak mau copott awalnya pengen ngasih nilai bagus tp koook lama kelamaan di bagian layar pas mau dibuka kayak abis bongkar pasang gitu mau copot mana mau di tuker juga udah gabisa nambah uang 100 rb via tf katanya mau di download in spss jg ga di downlload iin huuhh maaf min agak kecewa si aslinyaaa
k*****o,"Fungsi:berfungsi dengan baik
Kondisi Barang:baik
Permukaan:ada penyok2 sedikit, tapi wajar untuk barang bekas

Belum sepenuhnya memakai (nanti kita update), tapi setelah dicoba cukup puas dengan barangnya, menurut saya barang sangat bagus untuk sebuah laptop seken",5,1,1763627346,fungsi berfungsi dengan baik kondisi barang baik permukaan ada penyok2 sedikit tapi wajar untuk barang bekas belum sepenuhnya memakai nanti kita update tapi setelah dicoba cukup puas dengan barangnya menurut saya barang sangat bagus untuk sebuah laptop seken
dhsonlineshop,"Fungsi:Nyala
Kondisi Barang:95% like new
Spesifikasi:sesuai deskripsi

Good Job",5,1,1758363770,fungsi nyala kondisi barang 95 like new spesifikasi sesuai deskripsi good job
anpass567,Kondisi Barang:batre bocor,1,0,1764342743,kondisi barang batre bocor
c*****i,"Fungsi:sesuai
Kondisi Barang:bagus
Desain:menarik",5,0,1758974724,fungsi sesuai kondisi barang bagus desain menarik
l*****o,"Fungsi:Normal
Kondisi Barang:95% mulus",5,0,1765779762,fungsi normal kondisi barang 95 mulus
id2363_71677,"Mantap, berfungsi dgn baik, ",5,0,1761831910,mantap berfungsi dgn baik
tim.jagurrr,"Fungsi:sesuai kegunaan
Kondisi Barang:mulus",5,0,1765726125,fungsi sesuai kegunaan kondisi barang mulus
kurniawanbonang,Semoga awet,5,0,1763966949,semoga awet
bagus_ir.id,Mantap,5,0,1757233015,mantap
r*****9,,5,0,1756652358,nan
c*****8,brg oke bagusss,5,0,1765621600,brg oke bagusss
kasrinih,,5,0,1761055526,nan
penghulumuda860,,5,0,1765539488,nan
pujias1,,5,0,1764200829,nan
wahyudoankaj,,5,0,1765362721,nan
zainalfanani271,,5,1,1764653178,nan
k*****s,Burukk,1,3,1764696496,burukk
mamathnizam700,,5,1,1765362780,nan
ramategarhartanto,,5,0,1765362808,nan
mulkymubarak136,,5,0,1740635865,nan
r*****i,,5,0,1742641152,nan
konartokho,,5,0,1741917572,nan
ollafee,,5,0,1745838158,nan
yulleeee,,5,0,1746186103,nan
seno129,,5,0,1762382656,nan
karpet_terkini,,5,0,1760932008,nan
dwengunawan,,5,0,1761157153,nan
sinarti_kedawung,,5,0,1743171841,nan
ahad8122,,5,0,1750924971,nan
sendhyhariswan,,5,0,1753262456,nan
ardirijal,,5,0,1763705606,nan
siska123777,,5,0,1764314920,nan
a*****i,,5,0,1761220103,nan
luqman.lucid,,4,0,1744632689,nan
ayahnya_zio,,4,0,1760697615,nan
darmawanangkasa,,5,0,1763826457,nan
aangko1611,,5,0,1762513757,nan
s*****a,,4,0,1747847381,nan
rudigautama,,5,0,1745441316,nan
jayagiriban99,,5,0,1762215083,nan
febriansadegaa,,5,0,1760961109,nan
bamsq07,,5,0,1749027373,nan
ref_sablon,,4,0,1746687041,nan
affandi906,,5,0,1749742153,nan
trivania_17,,4,0,1753537919,nan
adisolihin79,,5,0,1759325985,nan
letiapermatasari,,5,0,1743687984,nan
akbaryakin,,5,0,1743825164,nan
sukrizam,,5,0,1759473391,nan
maryan_ody,,5,0,1742032349,nan
adeirmarfs,,5,0,1763600913,nan
msubroto1234,,5,0,1744197578,nan
cipto108,,5,0,1753252898,nan
arrymotion,,5,0,1749187534,nan
beningcolisa,,5,0,1764679345,nan
emiliafifianaf,,5,0,1760665036,nan
alisudrajat6695,,5,0,1751994981,nan
fitra_dian,,5,0,1765065660,nan
alfinfarel,,5,0,1759719345,nan
haryanto.photo,,5,0,1748500511,nan
ridwanarief.234,,5,0,1747829200,nan
andiaz80,,5,0,1741782333,nan
liyawanindra2,,5,0,1764378992,nan
r0d3.t,,5,0,1762236967,nan
demirza01,,5,0,1749959285,nan
ekaharmuny,,5,0,1764420837,nan
danichandrap,,5,0,1761975241,nan
umenproduct14,,5,0,1748063068,nan
margarethsgt,,5,0,1743317348,nan
gutunubai,,5,0,1762518900,nan
jaw.calls,,5,0,1763298990,nan
rony.stark,,5,0,1761304871,nan
bawadi.foods,,5,0,1746448426,nan
hafid71,,5,0,1759897954,nan
anandashinta0,,5,0,1753963653,nan
anugrah_surya_dewata,,5,0,1762432722,nan
anugrah_surya_dewata,,5,0,1763267543,nan
denmas.media,,5,0,1751454585,nan
a*****p,,5,0,1740717996,nan
ridwanjekil,,5,0,1759394994,nan
bustanulamri22,,5,0,1753421945,nan
syafriemalau2903,,5,0,1759871045,nan
aarifhamam,,5,0,1749264051,nan
e*****0,,5,0,1746405125,nan
fahlupi,,5,0,1746764843,nan
ema_irma,,5,0,1761970892,nan
kastar_sianturi,,3,0,1763952292,nan
nuryanaindra,,5,0,1761232565,nan
adannst,,5,0,1748056307,nan
fiqrisaputrasibuea,,5,0,1749643817,nan
the_gunawans,,5,0,1765624777,nan
salit10,,5,0,1745970826,nan
hidayatyaseen,,5,0,1746593933,nan
kamanya12_,,5,0,1763446785,nan
allans1406,,5,0,1748149775,nan
hanz1309,,5,0,1764085368,nan
khaira.nimra,,5,0,1765526791,nan
j4d3r7_fp_,,5,0,1763007784,nan
denis.prayogaa,,4,0,1752627170,nan
supriadianto,,5,0,1760875738,nan
al_liwa_09,,5,0,1765019789,nan
rivcyzeen,,5,0,1761825020,nan
okkeshop5758,,5,0,1761193210,nan
arie_leuser95,,5,0,1763988166,nan
bijijeruuk,,5,0,1744636306,nan
herurosaria,,5,0,1744601968,nan
rasadanke,,5,0,1742313333,nan
_zhanapustaka21,,5,0,1741330997,nan
izk254us63,,5,0,1741310108,nan
indrawiryawan560,,5,0,1741073709,nan
ptjtncgps2,,5,0,1742012179,nan
sayuroyongs,,5,0,1745277578,nan
yudohandono,,5,0,1746061647,nan
adewasih09,,5,0,1746713647,nan
abdwhd92,,5,0,1746270197,nan
kimey8591,,5,0,1762768017,nan
sirjanfaozi,,5,0,1762765770,nan
sdp80,,5,0,1762826913,nan
ronaldo28,,5,0,1763288038,nan
meldaria09,,5,0,1762997900,nan
joelhasian,,5,0,1760604518,nan
syaefurrahman939,,5,0,1760710863,nan
ediwd,,5,0,1761027902,nan
doni220692,,5,0,1743501131,nan
okkyndayu,,5,0,1744025503,nan
intanalghifarimunawar,,5,0,1743857771,nan
alipsetiawanzaskia,,5,0,1751362343,nan
fvalfmb2i2,,5,0,1751861747,nan
muhamadibnukhosyim,,5,0,1757537387,nan
halimah.hs,,5,0,1757025479,nan
indrarevo,,5,0,1757191010,nan
j*****a,,5,0,1757033796,nan
ivandermch,,5,0,1757338474,nan
24v51tk8em,,5,0,1757687751,nan
ivanmpang,,5,0,1757817391,nan
danielrakapermana,,5,0,1757608921,nan
nhoveal_ranaldi,,5,0,1758530338,nan
hygwyn27,,5,0,1760078829,nan
zaenalhorisona,,5,0,1759752772,nan
sarahmaniezz,,5,0,1759810707,nan
labnaamayyadah,,5,0,1760143773,nan
ketti_18,,5,0,1760424288,nan
kdyudi18,,5,0,1760172944,nan
stevanusharysupriyanto,,5,0,1761558082,nan
siti.fatika85,,5,0,1761662407,nan
puspa_ofc,,5,0,1761709758,nan
teungkunovasariadi,,5,0,1761631002,nan
16okebanget,,5,0,1743158145,nan
veneziachristinee,,5,0,1747146054,nan
nawangwiyanti93,,5,0,1747507198,nan
paullowe,,5,0,1748816567,nan
aa_app.id,,5,0,1748969621,nan
bancexkediri,,5,0,1749366095,nan
cutcabela,,5,0,1750117409,nan
intaaanayul333,,5,0,1751039842,nan
wakadia81,,5,0,1752019325,nan
yogaarya14,,5,0,1752450424,nan
irvandawisnu3,,5,0,1752820061,nan
ahmad_abubakar_1971,,5,0,1753058881,nan
cael10,,5,0,1753370756,nan
adamkiki,,5,0,1753463734,nan
syahud80,,5,0,1756141570,nan
wulanfarhanahania,,5,0,1756218228,nan
saumsuargana11,,5,0,1756289492,nan
c*****e,,5,0,1755408323,nan
salamun94,,5,0,1756371458,nan
arisjuefry77,,5,0,1756395475,nan
joelhasian,,5,0,1760604518,nan
syaefurrahman939,,5,0,1760710863,nan
ediwd,,5,0,1761027902,nan
stevanusharysupriyanto,,5,0,1761558082,nan
teungkunovasariadi,,5,0,1761631002,nan
siti.fatika85,,5,0,1761662407,nan
puspa_ofc,,5,0,1761709758,nan
sirjanfaozi,,5,0,1762765770,nan
kimey8591,,5,0,1762768017,nan
sdp80,,5,0,1762826913,nan
meldaria09,,5,0,1762997900,nan
ronaldo28,,5,0,1763288038,nan
puputnovitasari341,,5,0,1763805554,nan
intandewdew10,,5,0,1763576828,nan
dedisaya,,5,0,1764015093,nan
awalalfar123,,5,0,1764121747,nan
marketglobal92,,5,0,1764826782,nan
dewa_komet,,5,0,1764928532,nan
adhitya.anggit,,5,0,1764150901,nan
dadiutomo17,,5,0,1764227225,nan
mboizsf07,,5,0,1764474238,nan
a*****3,,5,0,1765271666,nan
budybuday24,,5,0,1765021059,nan
yunitafitriyani209,,5,0,1763776281,nan
8mfyia6gg6,,5,0,1763795687,nan
gayuhpurnama05,,5,0,1765379942,nan
hiolasamad,,5,0,1765885599,nan
piutata,,4,0,1744385127,nan
pinoyprincess,,4,0,1741683599,nan
thries93995,,4,0,1742285096,nan
bemm_3l,,4,0,1758977790,nan
e*****5,,4,0,1760019830,nan
ali.mustain_76,,4,0,1751340801,nan
ibnubae839,,4,0,1756016606,nan
fikritiana13,,4,0,1761297895,nan
rodiansyahrodiansyah,,4,0,1761784855,nan
yoke_29bdg,,4,0,1765149256,nan
fiqihnrchy,,3,0,1744990944,nan
anggabangun485,,3,0,1760827495,nan
l*****y,,3,0,1754909837,nan
z*****e,,3,0,1762399835,nan
7j1x5eujon,,3,0,1764555363,nan
4zyy771,,2,0,1764827444,nan
jjnd7owzyt,,5,0,1749555687,nan
aryawirayudha2006,,5,0,1760511364,nan
maseya94,,5,0,1747136075,nan
aryantosalem88,,3,0,1762982423,nan
planet_motor1,,5,1,1763101560,nan
william181016,,5,1,1754879525,nan
wenirahmah,,3,0,1761382091,nan
ali_indonesia,,1,1,1763136656,nan
wandi_qori12,,1,1,1765593366,nan
s*****1,,1,2,1763136655,nan
ex3r7957fb,,1,1,1763136653,nan
