username,comment,rating,likes,create_time,userid,orderid,product_name,product_type,product_label,comment_usefulness
c*****r,"Tampilan:bagus
Warna:abu

Bahan bagus dan tebal. Ada busa dibagian laptop sehingga terasa aman kl kebentur. desain nya okay dan ad dpt kabel utk slot charging yg ad di tas. Jahitan rapi dan packing juga rapi.",5,32,2025-09-29T11:35:25,126498215,,Tas Laptop Backpack Ransel Casual Waterproof 14 15 16 inch USB Port,Ransel Pria,Abu,berguna
w*****s,"Kak, tasnya bagus bgt. Sepadan dg harga. Kualitas dijamin bgt. Pengemasan dan pengiriman aman dan cepat. Thanks kak. Laris terus",5,22,2025-10-02T06:05:04,146039137,,Tas Laptop Backpack Ransel Casual Waterproof 14 15 16 inch USB Port,Ransel Pria,Abu,berguna
w*****i,"Tampilan:keren
Warna:cantikkk

bahannya oke, banyak kantongnya buat naro barang🥰",5,23,2025-09-11T10:23:36,567642253,,Tas Laptop Backpack Ransel Casual Waterproof 14 15 16 inch USB Port,Ransel Pria,Abu,berguna
ucup02081996,"Saran Tampilan:tampilan menarik
Pas untuk Acara:heeling. kerja
Styling:mantap",5,1,2023-08-17T02:12:49,397350952,,Tas Laptop Backpack Ransel Casual Waterproof 14 15 16 inch USB Port,Ransel Pria,Abu,berguna
e*****a,"Tampilan:Good
Warna:Gray

Tasnya bagus gak kecewa cuma lumayan lama pengiriman nya tapi selain itu bagus,muat laptop 15 inch juga worth it sih ini...",5,1,2025-09-07T13:18:24,1145521967,,Tas Laptop Backpack Ransel Casual Waterproof 14 15 16 inch USB Port,Ransel Pria,Abu,berguna
fitriyantiyully,"Tampilan:real pict
Warna:bagus dan cantik

Tasnya bagus, bahannya halus dan cocok banget untuk yang kerja bawaannya banyak. Responnya cepet dan pengirimannya juga cepet.",5,1,2023-11-11T03:49:10,88811239,,Tas Laptop Backpack Ransel Casual Waterproof 14 15 16 inch USB Port,Ransel Pria,Abu,berguna
galihalpatih549,"Desain:tampilannya bagus
Warna:abu abu
Ketebalan:tebal kuat dan nyaman

Bagus mudahan bisa awet solnya saya selalu bawa barang berat",5,1,2024-07-19T03:40:33,1255421911,,Tas Laptop Backpack Ransel Casual Waterproof 14 15 16 inch USB Port,Ransel Pria,Abu,berguna
rafkazafrankafabihi,"Tampilan:Bagus sesuai pesanan
Warna:Pas

Sangat baik...pengiriman cepat...bahan halus",5,7,2025-09-12T04:37:49,414149650,,Tas Laptop Backpack Ransel Casual Waterproof 14 15 16 inch USB Port,Ransel Pria,Hitam,berguna
bagoes_prayoga,"Warna:abu""
Tampilan:oke

Respon cepat,, ramah dan amanah...
Pengiriman cepat.. tetap pertahankan...",5,6,2025-07-17T19:02:56,114800890,,Tas Laptop Backpack Ransel Casual Waterproof 14 15 16 inch USB Port,Ransel Pria,Abu,berguna
,"Warna:abu-abu
Tampilan:bagus untuk cewek/cowok, simple

Gantungan kunci gak termasuk ya😂👍",5,0,2024-01-20T01:17:29,77882701,,Tas Laptop Backpack Ransel Casual Waterproof 14 15 16 inch USB Port,Ransel Pria,Abu,berguna
arifitrians23,Kualitas bagus. Realpict dan keren ini aku berdua sm pacar aku. Jd bisa buat cwk atau cwk wkwkwkwk mantep pokoknya ,5,7,2023-12-09T12:52:30,25712683,,Tas Laptop Backpack Ransel Casual Waterproof 14 15 16 inch USB Port,Ransel Pria,Tas Laptop Backpack Ransel Casual Waterproof 14 15 16 inch USB Port,berguna
riestar,Bahan luarnya bagus bangettt... Suka... Banyak tempat penyimpanan... tempat untuk laptop ada busa.. Tp sayang antara bagian dalam dan bagian saku hanya ada pelapis tipis aja ga ada busa lagi..,5,3,2025-10-14T15:13:55,32413027,,Tas Laptop Backpack Ransel Casual Waterproof 14 15 16 inch USB Port,Ransel Pria,Hitam,berguna
j*****i,"Desain:simpel dan elegaan
Warna:warna sesuai ekspetasi

Gaa usah ragu buat beli ini taas yaa 
harga sangat cocok  di kantong pelajar 
bisa  banget buat bawa banyak banrang , termasuk bawa laptop",5,4,2025-10-14T15:13:27,728557356,,Tas Laptop Backpack Ransel Casual Waterproof 14 15 16 inch USB Port,Ransel Pria,Abu,berguna
muhammad121501faris,"Desain:bagus
Warna:sangat bagus
Ketebalan:barang juga tebal

Ada perlu perbaikan kerpian pada produk pada jahitan didalam tasnya dan juga pada lubang cash",5,0,2024-08-25T14:36:34,233094181,,Tas Laptop Backpack Ransel Casual Waterproof 14 15 16 inch USB Port,Ransel Pria,Abu,berguna
i*****_,"Tampilan:cukup bagus

Lumayan sih, agak tipis yah, terus jg ada yg sobek, yg paling ga ngerti fungsi yg disamping itu buat apa ya? Buat hiasan doang kah? Soalnya ga sesuai sama yg di gambar, ga bisa buat ngecas itu, bingung jg dpt kabel tp mau dicolokin kemana 😂 agak kecewa sih dg harga segitu tp dpt barang nya yg kayak begini.",3,5,2025-09-14T00:45:16,794584496,,Tas Laptop Backpack Ransel Casual Waterproof 14 15 16 inch USB Port,Ransel Pria,Hitam,berguna
novia.arsyadimadja,Tampilan:bagus cukup worth it untuk harga segitu bnyak space nya.. bahan cukup bagus,5,0,2024-03-29T00:47:46,334615856,,Tas Laptop Backpack Ransel Casual Waterproof 14 15 16 inch USB Port,Ransel Pria,Abu,berguna
fafayunata,"Desain:keren,
Warna:sesuai dgn katalog dan ekspektasi
Ketebalan:tebal

word it dgn harga..
tasnya kekinian.
sarannya adakan dong produk impor biar resnya lebih tebal lagi.
pada umumnya keren, bagus. suami suka",4,1,2025-09-14T00:45:50,1169071886,,Tas Laptop Backpack Ransel Casual Waterproof 14 15 16 inch USB Port,Ransel Pria,Abu,berguna
s*****7,tasnya bahan parasut gitu tp ternyata lumayan bgs!! lumayan agak sedeng gak bessr ga kecil tp muat banyak. ga nyesel deh kerennnn!!,5,1,2020-11-13T13:49:13,133189383,,Tas Laptop Backpack Ransel Casual Waterproof 14 15 16 inch USB Port,Ransel Pria,Tas Laptop Backpack Ransel Casual Waterproof 14 15 16 inch USB Port,berguna
m*****r,"Desain:bagus
Warna:hitam
Ketebalan:cukup

Ada harga ada kualitas",5,0,2025-10-02T06:06:26,1055442216,,Tas Laptop Backpack Ransel Casual Waterproof 14 15 16 inch USB Port,Ransel Pria,Hitam,berguna
7*****5,,5,1,2025-10-09T14:19:45,238777958,,Tas Laptop Backpack Ransel Casual Waterproof 14 15 16 inch USB Port,Ransel Pria,Abu,tidak_berguna
y*****a,"Kapasitas:full banyak kantong
Styling:oc good
Sepadan dengan Uang:oc sesuai

Paket diterima dengan baik dan bagus tasnya tks reseler amanah....",5,0,2023-05-07T05:53:42,725868271,,Tas Laptop Backpack Ransel Casual Waterproof 14 15 16 inch USB Port,Ransel Pria,Abu,berguna
ritafer_,"Tampilan:ok
Warna:ok

Busanya tebal, ukuran besar.",5,1,2023-06-27T02:16:29,79192916,,Tas Laptop Backpack Ransel Casual Waterproof 14 15 16 inch USB Port,Ransel Pria,Hitam,berguna
b*****9,"Barangnya bagus.. pengirimanya cepat, sukses terus kak!",5,1,2024-06-30T12:04:28,423262225,,Tas Laptop Backpack Ransel Casual Waterproof 14 15 16 inch USB Port,Ransel Pria,Hitam,berguna
qdz75gada8,"Desain:ok
Warna:abu
Ketebalan:tebal

Semoga tasnya awet",5,1,2025-08-29T05:39:43,829228163,,Tas Laptop Backpack Ransel Casual Waterproof 14 15 16 inch USB Port,Ransel Pria,Abu,berguna
wahyuliliuszen669,Tampilan:bagus,5,1,2025-09-14T00:47:45,738171802,,Tas Laptop Backpack Ransel Casual Waterproof 14 15 16 inch USB Port,Ransel Pria,Abu,berguna
y*****8,"Sbnernya Dr awal saya Emang krg suka, krna menurutq dgn harga hampir 200rb tpi kyaknya biasa aja, krna permintaan anakq yg Uda sma maunya model itu, ya gmn lagi, jdi beli deh, wes pkok anakq suka, mamanya ikut aja",3,1,2024-07-21T14:03:16,537579743,,Tas Laptop Backpack Ransel Casual Waterproof 14 15 16 inch USB Port,Ransel Pria,Hitam,berguna
urielili,"baguss tasnya... keren, harga jg sangat terjangkau
makasihh",5,1,2023-06-27T02:14:35,10799887,,Tas Laptop Backpack Ransel Casual Waterproof 14 15 16 inch USB Port,Ransel Pria,Tas Laptop Backpack Ransel Casual Waterproof 14 15 16 inch USB Port,berguna
e*****e,"Desain:bagus
Warna:bagus
Ketebalan:bagus

Barang diterima dengan baik sesuai pesanan sangat bagus Terima kasih seller Terima kasih abang kurir",5,1,2025-08-08T05:51:19,696473404,,Tas Laptop Backpack Ransel Casual Waterproof 14 15 16 inch USB Port,Ransel Pria,Hitam,berguna
s*****d,"Tampilan:real pict
Warna:baguss

Tasnya realpict banget. Bahannya juga bagus lembut. Ga recommend buat yg laptopnya 15inch ++ apalagi 16inch. Kekecilan, kasian laptop klean gais. Busanya juga kurang aman karna tipiss.
But buat yg laptopnya kecil ini tas bagooss bangett harus beli. Bagus juga buat main",4,11,2024-07-17T02:58:22,56509781,,Tas Laptop Backpack Ransel Casual Waterproof 14 15 16 inch USB Port,Ransel Pria,Abu,berguna
e*****3,"Desain:bagus
Warna:hitam
Ketebalan:tebal

Pengirimannya cepat sampai barang sesuai pesanan terimakasih",5,0,2025-06-23T08:13:42,74022055,,Tas Laptop Backpack Ransel Casual Waterproof 14 15 16 inch USB Port,Ransel Pria,Hitam,berguna
t*****i,,5,0,2024-07-18T16:17:43,181861649,,Tas Laptop Backpack Ransel Casual Waterproof 14 15 16 inch USB Port,Ransel Pria,Abu,tidak_berguna
s*****a,Trima kasih,5,0,2024-05-29T09:20:53,103399312,,Tas Laptop Backpack Ransel Casual Waterproof 14 15 16 inch USB Port,Ransel Pria,Abu,berguna
g*****a,"Tampilan:oke, ganteng
Warna:oke

Rekomendasi.. gaisss",5,0,2023-07-16T01:46:42,158866888,,Tas Laptop Backpack Ransel Casual Waterproof 14 15 16 inch USB Port,Ransel Pria,Hitam,berguna
_yofgh0zrp,"Desain:bagus
Warna:hitam
Ketebalan:agak tipis tapi tapi gpp",5,0,2025-07-20T10:53:22,1402219067,,Tas Laptop Backpack Ransel Casual Waterproof 14 15 16 inch USB Port,Ransel Pria,Hitam,berguna
thonifarrelfaeza,"Sepadan dengan Uang:bagus cuma gapake kardus tas jd kesannya kaya tas yg di jual di pasar2 gitu.
Kapasitas:lumayan",5,2,2023-10-13T18:08:24,82247204,,Tas Laptop Backpack Ransel Casual Waterproof 14 15 16 inch USB Port,Ransel Pria,Hitam,berguna
dinayarif,,5,0,2024-04-15T01:07:01,282710266,,Tas Laptop Backpack Ransel Casual Waterproof 14 15 16 inch USB Port,Ransel Pria,Hitam,tidak_berguna
nazla_rubiana,,5,1,2023-01-30T08:20:54,59212186,,Tas Laptop Backpack Ransel Casual Waterproof 14 15 16 inch USB Port,Ransel Pria,Abu,tidak_berguna
aburaza202,Desain:bagus,5,0,2025-07-12T09:59:23,1206961837,,Tas Laptop Backpack Ransel Casual Waterproof 14 15 16 inch USB Port,Ransel Pria,Abu,berguna
yanimulyani734,"Desain:simple
Warna:hitam
Ketebalan:gak tebal soalnya bahan nya waterproof, tapi gak tipis murahan, ini sih barangnya bagus cocok untuk anak sekolahan dan dewasa",4,0,2024-07-31T09:01:49,804990847,,Tas Laptop Backpack Ransel Casual Waterproof 14 15 16 inch USB Port,Ransel Pria,Hitam,berguna
seliaaaaahhhapriliya,"Warna:sesuai
Tampilan:baguss

Barangnya sangat bagus saudara saya sangat suka sesuai di foto juga di deskripsi, tasnya benaran anti air pokoknya mantap kualitasnya. Maaf ga sempat foto sudah di ambil saudara soalnya",5,0,2023-07-16T12:05:52,290121602,,Tas Laptop Backpack Ransel Casual Waterproof 14 15 16 inch USB Port,Ransel Pria,Hitam,berguna
safrinabdrazak,"Desain:keren
Warna:sesuai dengan pesanan
Ketebalan:sangat tebal",5,0,2025-08-09T08:34:07,1136585389,,Tas Laptop Backpack Ransel Casual Waterproof 14 15 16 inch USB Port,Ransel Pria,Hitam,berguna
yunita0517,,5,0,2023-12-28T11:21:53,68769038,,Tas Laptop Backpack Ransel Casual Waterproof 14 15 16 inch USB Port,Ransel Pria,Abu,tidak_berguna
dwirahmayuni10,,5,0,2024-06-18T11:16:00,394840620,,Tas Laptop Backpack Ransel Casual Waterproof 14 15 16 inch USB Port,Ransel Pria,Hitam,tidak_berguna
bunda.kiki23,Baguss,5,0,2023-07-09T08:35:10,222645127,,Tas Laptop Backpack Ransel Casual Waterproof 14 15 16 inch USB Port,Ransel Pria,Hitam,berguna
,"Warna:abu
Tampilan:oke

Tasnya ringan jadi ga pegal bawanya",4,1,2024-04-12T10:27:02,1117797417,,Tas Laptop Backpack Ransel Casual Waterproof 14 15 16 inch USB Port,Ransel Pria,Abu,berguna
rafala123,,5,0,2023-02-25T04:54:28,121745885,,Tas Laptop Backpack Ransel Casual Waterproof 14 15 16 inch USB Port,Ransel Pria,Hitam,tidak_berguna
nurifah141,,5,0,2024-08-07T09:28:35,560111396,,Tas Laptop Backpack Ransel Casual Waterproof 14 15 16 inch USB Port,Ransel Pria,Hitam,tidak_berguna
dini_srfh,"Warna:sesuai
Tampilan:keren

Mantap",5,0,2023-11-30T12:56:43,627591445,,Tas Laptop Backpack Ransel Casual Waterproof 14 15 16 inch USB Port,Ransel Pria,Hitam,berguna
adinhaidar,Bagus. Rekomendasi banget,5,0,2025-07-19T07:11:56,48800108,,Tas Laptop Backpack Ransel Casual Waterproof 14 15 16 inch USB Port,Ransel Pria,Abu,berguna
5vt4fegf4o,,5,0,2025-07-31T03:45:50,1451880321,,Tas Laptop Backpack Ransel Casual Waterproof 14 15 16 inch USB Port,Ransel Pria,Hitam,tidak_berguna
r*****_,"tas nya bagus, bahan tasnya bagus. pokoknya suka",5,0,2023-06-06T04:46:52,143060214,,Tas Laptop Backpack Ransel Casual Waterproof 14 15 16 inch USB Port,Ransel Pria,Hitam,berguna
wpgxai0ur9,"Desain:bagus
Warna:hitam
Ketebalan:lumayan

Tasnya bagus ketebalan ny jg lumayan untuk harga segitu",5,0,2024-05-04T14:05:19,1071101352,,Tas Laptop Backpack Ransel Casual Waterproof 14 15 16 inch USB Port,Ransel Pria,Hitam,berguna
miaamalia12345,Keren tas nya bagus bgt terimakasih sukses terus buat toko nya the best,5,0,2023-10-06T07:34:36,83763635,,Tas Laptop Backpack Ransel Casual Waterproof 14 15 16 inch USB Port,Ransel Pria,Abu,berguna
aulianissa165,"Desain:bagus
Warna:cerah
Ketebalan:bagus

Pertama kali beli di toko ini barangnya bagus seller ramah dan fast respon...tks",5,0,2024-07-28T07:13:15,988914854,,Tas Laptop Backpack Ransel Casual Waterproof 14 15 16 inch USB Port,Ransel Pria,Hitam,berguna
aryosetosatrio,"Desain:ok
Warna:sesuai
Ketebalan:tebal dan halus

Dah sampai ka tasnya... Bagus halus bahannya.... Makasih ka.",5,0,2024-05-26T11:29:25,138709006,,Tas Laptop Backpack Ransel Casual Waterproof 14 15 16 inch USB Port,Ransel Pria,Hitam,berguna
oki_pradipa,Tasnya bagus. Serius. Bahannya juga enak. Semoga awet jahitannya. Pengiriman cepat. Sehari sampai,5,0,2023-03-31T04:40:59,787210874,,Tas Laptop Backpack Ransel Casual Waterproof 14 15 16 inch USB Port,Ransel Pria,Hitam,berguna
ramosriakay,Ketebalan tas kurang memuaskan. Tks.,3,0,2025-09-10T11:11:59,261044617,,Tas Laptop Backpack Ransel Casual Waterproof 14 15 16 inch USB Port,Ransel Pria,Hitam,berguna
amirruddin007,Mantap,5,0,2024-09-07T11:42:21,889340748,,Tas Laptop Backpack Ransel Casual Waterproof 14 15 16 inch USB Port,Ransel Pria,Abu,berguna
a74yxqq3k4,Bagus suka banget,5,0,2023-07-13T10:51:40,838737614,,Tas Laptop Backpack Ransel Casual Waterproof 14 15 16 inch USB Port,Ransel Pria,Hitam,berguna
onedra1,bagus bagus bagus bagus,5,0,2023-07-15T01:00:06,11967324,,Tas Laptop Backpack Ransel Casual Waterproof 14 15 16 inch USB Port,Ransel Pria,Abu,berguna
dikiwahyudi154,Bagussss,5,0,2024-07-08T13:16:50,652990338,,Tas Laptop Backpack Ransel Casual Waterproof 14 15 16 inch USB Port,Ransel Pria,Abu,berguna
udin_batubata,"Desain:keren dan modis
Warna:sangat bagus dan keren
Ketebalan:lumayan tebal",5,0,2025-05-06T01:47:52,1238885077,,Tas Laptop Backpack Ransel Casual Waterproof 14 15 16 inch USB Port,Ransel Pria,Abu,berguna
8p22xlztkk,Tampilan:Bagus banget bahannya,5,0,2024-02-28T09:38:39,821760106,,Tas Laptop Backpack Ransel Casual Waterproof 14 15 16 inch USB Port,Ransel Pria,Hitam,berguna
m*****a,"Warna:hitam
Tampilan:best

Bagus banget anjayyyy, recommended siii",5,0,2023-01-15T07:42:29,276971494,,Tas Laptop Backpack Ransel Casual Waterproof 14 15 16 inch USB Port,Ransel Pria,Hitam,berguna
naf1208,,5,0,2024-03-13T06:35:47,620804576,,Tas Laptop Backpack Ransel Casual Waterproof 14 15 16 inch USB Port,Ransel Pria,Abu,tidak_berguna
welemulyabu,"Tampilan:mantul realpict
Warna:sesuai

Bahan halus anti air",5,0,2023-12-16T11:10:26,652522040,,Tas Laptop Backpack Ransel Casual Waterproof 14 15 16 inch USB Port,Ransel Pria,Abu,berguna
masuqis,"Desain:elegan
Warna:sesuai pesanan
Ketebalan:tebal",5,0,2024-07-29T10:20:15,277368659,,Tas Laptop Backpack Ransel Casual Waterproof 14 15 16 inch USB Port,Ransel Pria,Hitam,berguna
2670hy2mqu,Desain:bagus,5,0,2024-07-14T06:34:04,458564681,,Tas Laptop Backpack Ransel Casual Waterproof 14 15 16 inch USB Port,Ransel Pria,Hitam,berguna
nur_m123,Desain:keren,5,0,2024-09-14T12:33:41,130575040,,Tas Laptop Backpack Ransel Casual Waterproof 14 15 16 inch USB Port,Ransel Pria,Abu,berguna
bundagayatri,"Warna:hitam
Tampilan:bagus,elegan

Pokoknya bagus",5,0,2023-06-24T12:53:39,769280507,,Tas Laptop Backpack Ransel Casual Waterproof 14 15 16 inch USB Port,Ransel Pria,Hitam,berguna
zqv08o9xln,"Tampilan:bagus..
Warna:Sesuai

Bahannya tebal dan nggak kasar.. Good",5,0,2023-07-09T12:36:56,491977752,,Tas Laptop Backpack Ransel Casual Waterproof 14 15 16 inch USB Port,Ransel Pria,Hitam,berguna
bayur_na,"Paking bagus aman sampai tujuan
No minus , masih baru
Belum di coba",5,0,2024-01-26T04:50:12,444978569,,Tas Laptop Backpack Ransel Casual Waterproof 14 15 16 inch USB Port,Ransel Pria,Hitam,berguna
h*****6,"Desain:sederhana namun elegan
Warna:sangat bagus sesuai dengan foto
Ketebalan:barang tebal tidak seperti kerupuk",5,0,2025-07-19T07:14:23,1487546058,,Tas Laptop Backpack Ransel Casual Waterproof 14 15 16 inch USB Port,Ransel Pria,Abu,berguna
a*****a,"Desain:pas
Warna:ok
Ketebalan:tipis

Jaitan talinya kurang yakin bisa kuat 
Harus d tambah tali tambahan",5,0,2025-09-08T11:20:20,133428588,,Tas Laptop Backpack Ransel Casual Waterproof 14 15 16 inch USB Port,Ransel Pria,Hitam,berguna
bundadipo,,4,0,2023-06-22T11:22:23,243770956,,Tas Laptop Backpack Ransel Casual Waterproof 14 15 16 inch USB Port,Ransel Pria,Abu,tidak_berguna
supriatiethi,"Desain:oke
Warna:oke
Ketebalan:lumayan",5,0,2024-06-05T09:37:29,193907225,,Tas Laptop Backpack Ransel Casual Waterproof 14 15 16 inch USB Port,Ransel Pria,Abu,berguna
sigitarinugroho82,"Tampilan:okkkk
Warna:baguss

Terima.kaaih.. .",5,0,2023-12-27T03:04:22,148684910,,Tas Laptop Backpack Ransel Casual Waterproof 14 15 16 inch USB Port,Ransel Pria,Abu,berguna
sugiati_ahnaf,Untuk anakku yg kelas 6 kurang gede dikit tapi bahan oke bagus bngt,4,0,2025-07-18T11:22:04,300630021,,Tas Laptop Backpack Ransel Casual Waterproof 14 15 16 inch USB Port,Ransel Pria,Hitam,berguna
17z_3ummqh,"Pertimbangan lagi klo mau beli,tidak bisa di batalkan, penjualnya juga tidak respon chat ,nyesel saya beli di sini karena ada kesalahan alamat mau ganti,tidak di respon alhasil paket ngilang, thanks punjul ramah",2,0,2025-07-11T08:50:34,945139764,,Tas Laptop Backpack Ransel Casual Waterproof 14 15 16 inch USB Port,Ransel Pria,Abu,berguna
rezzzz812,Desain:hi bagus sekali tas nya,4,0,2024-07-22T12:25:27,1125296378,,Tas Laptop Backpack Ransel Casual Waterproof 14 15 16 inch USB Port,Ransel Pria,Hitam,berguna
egafarendi,"Desain:bagus
Warna:bagus
Ketebalan:tebel",5,0,2025-09-11T12:50:23,918223923,,Tas Laptop Backpack Ransel Casual Waterproof 14 15 16 inch USB Port,Ransel Pria,Abu,berguna
ov95zas_of,Kecil,1,0,2023-09-30T21:47:18,923543206,,Tas Laptop Backpack Ransel Casual Waterproof 14 15 16 inch USB Port,Ransel Pria,Hitam,berguna
budisan1009,"Desain:bagus
Warna:sesuai
Ketebalan:coll",4,0,2024-08-14T07:28:48,209097107,,Tas Laptop Backpack Ransel Casual Waterproof 14 15 16 inch USB Port,Ransel Pria,Abu,berguna
mira3a1,,3,0,2022-07-25T04:21:48,96838019,,Tas Laptop Backpack Ransel Casual Waterproof 14 15 16 inch USB Port,Ransel Pria,Hitam,tidak_berguna
hakdhwjksdhh,,3,0,2023-12-13T10:30:21,473263694,,Tas Laptop Backpack Ransel Casual Waterproof 14 15 16 inch USB Port,Ransel Pria,Hitam,tidak_berguna
fvoot9msv0,"Warna:hitam
Tampilan:bagus

Lumayan",4,0,2023-09-14T13:49:08,798163373,,Tas Laptop Backpack Ransel Casual Waterproof 14 15 16 inch USB Port,Ransel Pria,Hitam,berguna
ika_dodo.070599,Ketebalan:mantap,4,0,2024-06-29T00:27:29,320283205,,Tas Laptop Backpack Ransel Casual Waterproof 14 15 16 inch USB Port,Ransel Pria,Hitam,berguna
tonykurniawan0,Tidak sesuai yg di gambar yg Dateng malah beda,1,0,2024-09-29T06:11:59,428856056,,Tas Laptop Backpack Ransel Casual Waterproof 14 15 16 inch USB Port,Ransel Pria,Hitam,berguna
v*****n,"Resleting nya nggak kuat, belum apa² udah patah",3,0,2024-07-02T09:35:16,221684476,,Tas Laptop Backpack Ransel Casual Waterproof 14 15 16 inch USB Port,Ransel Pria,Abu,berguna
sikunwe,"Desain:sangat baik
Warna:hitam, sesuai yg diinginkan
Ketebalan:cukup tebal

Paket dah diterima, packing bisa tapi aman.
Trimakasih",5,0,2025-08-10T13:56:49,111397774,,Tas Laptop Backpack Ransel Casual Waterproof 14 15 16 inch USB Port,Ransel Pria,Hitam,berguna
udin_batubata,"Desain:mantap jiwa
Warna:sangat keren dan bahan nya bagus
Ketebalan:barang bagus dan lumayan tebal",5,0,2025-10-01T02:10:09,1238885077,,Tas Laptop Backpack Ransel Casual Waterproof 14 15 16 inch USB Port,Ransel Pria,Hitam,berguna
lo5wij3y_e,"Desain:tampilan bagus
Warna:sesuai
Ketebalan:kurang tebal

Lumanyan worth itu untuk harga segitu. Hanya untuk busa, kurang tebal sedikit. Tapi nggak apa2. Secara keseluruhan, bagus. Mudah2han awet untuk mondok nanti. Pengiriman cepat. Kurir ramah. Bagus secara keseluruhan.",5,0,2025-07-01T23:17:53,1080650188,,Tas Laptop Backpack Ransel Casual Waterproof 14 15 16 inch USB Port,Ransel Pria,Hitam,berguna
zunun683,"Desain:bagus
Warna:bagus tapi harus hati-hati soalnya warna abu jadi gampang kotor
Ketebalan:tebal

Bagus semoga awet ya Allah",5,0,2025-06-29T10:46:48,1052088458,,Tas Laptop Backpack Ransel Casual Waterproof 14 15 16 inch USB Port,Ransel Pria,Abu,berguna
l*****e,"Warna:hitam
Tampilan:eksklusive

Ranselnya bagus, banyak tempat untuk menyimpan barang kecil yang diperlukan . Bahan ransel tidak basah saat kena air.",5,0,2023-11-02T09:09:06,47831264,,Tas Laptop Backpack Ransel Casual Waterproof 14 15 16 inch USB Port,Ransel Pria,Hitam,berguna
r*****t,pesanan sudah sampai dengan selamat dan sesuai dengan pesanan,5,1,2025-07-02T03:04:16,30859686,,Tas Laptop Backpack Ransel Casual Waterproof 14 15 16 inch USB Port,Ransel Pria,Hitam,berguna
galerifbcreative,"Warna:Bagus bgt
Tampilan:ok

Terima kasih seller sudah kirim sesuai pesanan",5,0,2024-04-29T06:00:38,6851761,,Tas Laptop Backpack Ransel Casual Waterproof 14 15 16 inch USB Port,Ransel Pria,Abu,berguna
talitazahran17,"Kepala resletingna pecah, udh kita buat komplen, tetapi hrga pngembaliannya tdk sesuai dgn hrga toko. Rugiii d daya klw gt.. 😔😔😔😔",2,1,2024-07-17T06:02:08,172593974,,Tas Laptop Backpack Ransel Casual Waterproof 14 15 16 inch USB Port,Ransel Pria,Hitam,berguna
alfanasayoga,"Warna:Hitam
Tampilan:Mantap👍

Ok makasih gak nyesel dah beli lumayan bahan nyaman untuk harga segitu sih worth it pengiriman pun cepet makasih seller",5,0,2023-09-16T12:38:13,493984864,,Tas Laptop Backpack Ransel Casual Waterproof 14 15 16 inch USB Port,Ransel Pria,Hitam,berguna
venynoviyanti928,"Desain:tampilanya keren tidak pasaran
Warna:sesuai yang dipesan
Ketebalan:sesuai harga bagussss

The best lah sesuai harga kualitasya",5,0,2024-06-05T10:13:14,879064893,,Tas Laptop Backpack Ransel Casual Waterproof 14 15 16 inch USB Port,Ransel Pria,Abu,berguna
syahrulsaja218,"Warna:Abu
Tampilan:Mantap

Sesuai dengan yang diharapkan😃, pengiriman juga cepat tasnya juga muat buat nyimpan laptop. 
Terbaik dah🔥",5,0,2024-03-29T13:17:32,1177683591,,Tas Laptop Backpack Ransel Casual Waterproof 14 15 16 inch USB Port,Ransel Pria,Abu,berguna
nurhermanwati,Bahannya halus lembut... Bagus pkoknya👍👍👍,5,0,2024-07-18T04:29:07,56526477,,Tas Laptop Backpack Ransel Casual Waterproof 14 15 16 inch USB Port,Ransel Pria,Hitam,berguna
amirruddin007,Mantap,5,0,2024-12-29T10:17:47,889340748,,Tas Laptop Backpack Ransel Casual Waterproof 14 15 16 inch USB Port,Ransel Pria,Abu,berguna
yulierafli,,5,0,2024-06-15T07:29:38,32190143,,Tas Laptop Backpack Ransel Casual Waterproof 14 15 16 inch USB Port,Ransel Pria,Hitam,tidak_berguna
uxyswqur9r,"Desain:ok
Warna:ok
Ketebalan:ok",5,0,2024-06-02T07:27:47,537854625,,Tas Laptop Backpack Ransel Casual Waterproof 14 15 16 inch USB Port,Ransel Pria,Abu,berguna
jesikamanurung924,,5,0,2024-07-16T05:19:26,1087423990,,Tas Laptop Backpack Ransel Casual Waterproof 14 15 16 inch USB Port,Ransel Pria,Hitam,tidak_berguna
evy_suyenti,,5,0,2024-06-25T01:56:07,4195965,,Tas Laptop Backpack Ransel Casual Waterproof 14 15 16 inch USB Port,Ransel Pria,Hitam,tidak_berguna
yuliaayu06,,5,0,2024-06-29T00:29:54,43529619,,Tas Laptop Backpack Ransel Casual Waterproof 14 15 16 inch USB Port,Ransel Pria,Hitam,tidak_berguna
nesalesthare,,5,0,2024-07-06T09:45:36,115509292,,Tas Laptop Backpack Ransel Casual Waterproof 14 15 16 inch USB Port,Ransel Pria,Abu,tidak_berguna
yenidwiseptiana98,,5,0,2024-07-07T06:38:44,310045525,,Tas Laptop Backpack Ransel Casual Waterproof 14 15 16 inch USB Port,Ransel Pria,Abu,tidak_berguna
mischa2024,,5,0,2024-08-12T08:40:45,116704201,,Tas Laptop Backpack Ransel Casual Waterproof 14 15 16 inch USB Port,Ransel Pria,Abu,tidak_berguna
inayzuzu,,5,0,2024-08-10T11:16:53,36873127,,Tas Laptop Backpack Ransel Casual Waterproof 14 15 16 inch USB Port,Ransel Pria,Abu,tidak_berguna
yayankheryani,,5,0,2024-07-13T10:46:09,81050186,,Tas Laptop Backpack Ransel Casual Waterproof 14 15 16 inch USB Port,Ransel Pria,Hitam,tidak_berguna
hasriani_07,,5,0,2024-09-22T12:44:41,11766787,,Tas Laptop Backpack Ransel Casual Waterproof 14 15 16 inch USB Port,Ransel Pria,Abu,tidak_berguna
ayeshatily,,5,0,2024-08-11T05:14:12,28141886,,Tas Laptop Backpack Ransel Casual Waterproof 14 15 16 inch USB Port,Ransel Pria,Abu,tidak_berguna
titique83,,5,0,2024-07-24T11:56:45,13811305,,Tas Laptop Backpack Ransel Casual Waterproof 14 15 16 inch USB Port,Ransel Pria,Abu,tidak_berguna
ernawati_agha,,5,0,2024-05-30T20:49:50,17604379,,Tas Laptop Backpack Ransel Casual Waterproof 14 15 16 inch USB Port,Ransel Pria,Hitam,tidak_berguna
qanitanature,,5,0,2024-04-20T07:01:01,64180500,,Tas Laptop Backpack Ransel Casual Waterproof 14 15 16 inch USB Port,Ransel Pria,Abu,tidak_berguna
makcalisdunkz,,4,0,2024-08-17T07:45:26,15744024,,Tas Laptop Backpack Ransel Casual Waterproof 14 15 16 inch USB Port,Ransel Pria,Abu,tidak_berguna
rosfitahariyadi,,5,0,2024-07-04T12:04:03,26468704,,Tas Laptop Backpack Ransel Casual Waterproof 14 15 16 inch USB Port,Ransel Pria,Abu,tidak_berguna
a*****7,,5,0,2024-08-09T04:53:57,280956507,,Tas Laptop Backpack Ransel Casual Waterproof 14 15 16 inch USB Port,Ransel Pria,Abu,tidak_berguna
vivielvihera,,5,0,2024-07-06T08:04:24,19194474,,Tas Laptop Backpack Ransel Casual Waterproof 14 15 16 inch USB Port,Ransel Pria,Abu,tidak_berguna
surya_dwi13,,5,0,2024-06-06T00:31:51,106572149,,Tas Laptop Backpack Ransel Casual Waterproof 14 15 16 inch USB Port,Ransel Pria,Hitam,tidak_berguna
sriwatyxie,,4,0,2024-07-10T23:05:46,62439539,,Tas Laptop Backpack Ransel Casual Waterproof 14 15 16 inch USB Port,Ransel Pria,Hitam,tidak_berguna
yulizar3081,,4,0,2024-07-16T22:18:58,177362532,,Tas Laptop Backpack Ransel Casual Waterproof 14 15 16 inch USB Port,Ransel Pria,Hitam,tidak_berguna
viviclaudia07,,5,0,2024-05-21T22:53:27,158303951,,Tas Laptop Backpack Ransel Casual Waterproof 14 15 16 inch USB Port,Ransel Pria,Abu,tidak_berguna
shelma199,,5,0,2024-04-26T01:19:45,269713234,,Tas Laptop Backpack Ransel Casual Waterproof 14 15 16 inch USB Port,Ransel Pria,Abu,tidak_berguna
h*****3,,5,0,2024-06-14T16:17:47,165297253,,Tas Laptop Backpack Ransel Casual Waterproof 14 15 16 inch USB Port,Ransel Pria,Abu,tidak_berguna
leli_yanisafitri,,5,0,2024-06-11T03:14:53,66505473,,Tas Laptop Backpack Ransel Casual Waterproof 14 15 16 inch USB Port,Ransel Pria,Abu,tidak_berguna
zazuk12,,5,0,2024-09-29T05:08:10,190337291,,Tas Laptop Backpack Ransel Casual Waterproof 14 15 16 inch USB Port,Ransel Pria,Hitam,tidak_berguna
latifahazarialatifahazaria,,5,0,2024-11-08T11:06:38,48765398,,Tas Laptop Backpack Ransel Casual Waterproof 14 15 16 inch USB Port,Ransel Pria,Hitam,tidak_berguna
paisal_anggara18,,5,0,2024-10-28T03:29:02,329945099,,Tas Laptop Backpack Ransel Casual Waterproof 14 15 16 inch USB Port,Ransel Pria,Hitam,tidak_berguna
pito_san29,,5,0,2024-05-08T17:06:51,315850290,,Tas Laptop Backpack Ransel Casual Waterproof 14 15 16 inch USB Port,Ransel Pria,Hitam,tidak_berguna
wahayu_ramadhan33,,5,0,2024-05-14T09:31:52,158101274,,Tas Laptop Backpack Ransel Casual Waterproof 14 15 16 inch USB Port,Ransel Pria,Hitam,tidak_berguna
rizky_9984,,5,0,2024-06-27T03:03:28,209032478,,Tas Laptop Backpack Ransel Casual Waterproof 14 15 16 inch USB Port,Ransel Pria,Hitam,tidak_berguna
i*****9,,5,0,2024-07-22T11:41:37,170027541,,Tas Laptop Backpack Ransel Casual Waterproof 14 15 16 inch USB Port,Ransel Pria,Hitam,tidak_berguna
fif2112,,5,0,2024-09-05T09:56:28,238053765,,Tas Laptop Backpack Ransel Casual Waterproof 14 15 16 inch USB Port,Ransel Pria,Abu,tidak_berguna
syukur.18_212,,5,0,2024-06-02T12:26:11,70427527,,Tas Laptop Backpack Ransel Casual Waterproof 14 15 16 inch USB Port,Ransel Pria,Abu,tidak_berguna
wensi_paat,,4,0,2024-07-18T03:34:33,73996133,,Tas Laptop Backpack Ransel Casual Waterproof 14 15 16 inch USB Port,Ransel Pria,Abu,tidak_berguna
ekap82,,5,0,2024-06-29T09:13:54,157114910,,Tas Laptop Backpack Ransel Casual Waterproof 14 15 16 inch USB Port,Ransel Pria,Hitam,tidak_berguna
42motor.sparepart,,5,0,2024-07-15T11:45:31,311536986,,Tas Laptop Backpack Ransel Casual Waterproof 14 15 16 inch USB Port,Ransel Pria,Abu,tidak_berguna
danielbintangpratamagoni,,5,0,2024-07-11T02:34:37,113764934,,Tas Laptop Backpack Ransel Casual Waterproof 14 15 16 inch USB Port,Ransel Pria,Abu,tidak_berguna
ninazailaok,,5,0,2024-09-02T05:56:34,175436705,,Tas Laptop Backpack Ransel Casual Waterproof 14 15 16 inch USB Port,Ransel Pria,Abu,tidak_berguna
gunawansetio84,,4,0,2024-08-04T07:46:58,129117440,,Tas Laptop Backpack Ransel Casual Waterproof 14 15 16 inch USB Port,Ransel Pria,Hitam,tidak_berguna
0838erna,,5,0,2024-07-02T05:37:45,325652451,,Tas Laptop Backpack Ransel Casual Waterproof 14 15 16 inch USB Port,Ransel Pria,Abu,tidak_berguna
zulfanv16,,5,0,2024-07-28T01:24:52,437471850,,Tas Laptop Backpack Ransel Casual Waterproof 14 15 16 inch USB Port,Ransel Pria,Hitam,tidak_berguna
ahmadmaliki011,,5,0,2025-01-18T07:27:30,221058643,,Tas Laptop Backpack Ransel Casual Waterproof 14 15 16 inch USB Port,Ransel Pria,Abu,tidak_berguna
fajerin55,,5,0,2024-06-19T03:30:49,342137590,,Tas Laptop Backpack Ransel Casual Waterproof 14 15 16 inch USB Port,Ransel Pria,Abu,tidak_berguna
r*****r,,5,0,2024-04-20T01:17:10,241265691,,Tas Laptop Backpack Ransel Casual Waterproof 14 15 16 inch USB Port,Ransel Pria,Hitam,tidak_berguna
deni_husaeni,,5,0,2024-07-17T04:05:24,92050332,,Tas Laptop Backpack Ransel Casual Waterproof 14 15 16 inch USB Port,Ransel Pria,Hitam,tidak_berguna
dinaindriya1,,4,0,2024-07-16T01:53:56,497193551,,Tas Laptop Backpack Ransel Casual Waterproof 14 15 16 inch USB Port,Ransel Pria,Hitam,tidak_berguna
princess_indah,,5,0,2024-07-10T04:13:35,417566999,,Tas Laptop Backpack Ransel Casual Waterproof 14 15 16 inch USB Port,Ransel Pria,Hitam,tidak_berguna
sayyidaalfa_,,5,0,2024-07-19T03:30:46,403395829,,Tas Laptop Backpack Ransel Casual Waterproof 14 15 16 inch USB Port,Ransel Pria,Hitam,tidak_berguna
kevinsoghi,,5,0,2024-09-24T14:07:09,233509478,,Tas Laptop Backpack Ransel Casual Waterproof 14 15 16 inch USB Port,Ransel Pria,Hitam,tidak_berguna
hendy_16,,4,0,2024-07-29T13:00:13,456601629,,Tas Laptop Backpack Ransel Casual Waterproof 14 15 16 inch USB Port,Ransel Pria,Hitam,tidak_berguna
ipah1508,,5,0,2024-07-15T00:00:51,341389772,,Tas Laptop Backpack Ransel Casual Waterproof 14 15 16 inch USB Port,Ransel Pria,Hitam,tidak_berguna
soorarla,,5,0,2024-10-07T15:42:49,404728310,,Tas Laptop Backpack Ransel Casual Waterproof 14 15 16 inch USB Port,Ransel Pria,Abu,tidak_berguna
vincenciuslarins30,,5,0,2024-10-11T08:28:49,514311264,,Tas Laptop Backpack Ransel Casual Waterproof 14 15 16 inch USB Port,Ransel Pria,Abu,tidak_berguna
srirazan,,5,0,2024-07-14T07:35:40,148453132,,Tas Laptop Backpack Ransel Casual Waterproof 14 15 16 inch USB Port,Ransel Pria,Hitam,tidak_berguna
jaymdn,,5,0,2024-05-13T01:09:54,70480897,,Tas Laptop Backpack Ransel Casual Waterproof 14 15 16 inch USB Port,Ransel Pria,Abu,tidak_berguna
nezzjuu,,5,0,2024-08-06T06:45:26,380891434,,Tas Laptop Backpack Ransel Casual Waterproof 14 15 16 inch USB Port,Ransel Pria,Abu,tidak_berguna
selpiana1512,,4,0,2024-07-23T08:23:23,543393909,,Tas Laptop Backpack Ransel Casual Waterproof 14 15 16 inch USB Port,Ransel Pria,Hitam,tidak_berguna
theresiakolo527,,5,0,2024-07-18T03:46:11,1072957308,,Tas Laptop Backpack Ransel Casual Waterproof 14 15 16 inch USB Port,Ransel Pria,Hitam,tidak_berguna
enjum1982,,5,0,2024-07-15T01:46:32,965752370,,Tas Laptop Backpack Ransel Casual Waterproof 14 15 16 inch USB Port,Ransel Pria,Hitam,tidak_berguna
kangleong097,,5,0,2024-07-17T11:26:01,1037366048,,Tas Laptop Backpack Ransel Casual Waterproof 14 15 16 inch USB Port,Ransel Pria,Abu,tidak_berguna
6yaej7fap5,,5,0,2024-07-24T13:32:08,1094708769,,Tas Laptop Backpack Ransel Casual Waterproof 14 15 16 inch USB Port,Ransel Pria,Abu,tidak_berguna
ggdfhy,,5,0,2024-07-24T11:09:52,416549449,,Tas Laptop Backpack Ransel Casual Waterproof 14 15 16 inch USB Port,Ransel Pria,Abu,tidak_berguna
elfiyandi256,,5,0,2024-07-30T13:16:05,976218716,,Tas Laptop Backpack Ransel Casual Waterproof 14 15 16 inch USB Port,Ransel Pria,Hitam,tidak_berguna
kai_san01,,5,0,2024-06-10T06:56:25,779146128,,Tas Laptop Backpack Ransel Casual Waterproof 14 15 16 inch USB Port,Ransel Pria,Abu,tidak_berguna
3l2wdib3ol,,5,0,2024-06-20T06:58:29,465883869,,Tas Laptop Backpack Ransel Casual Waterproof 14 15 16 inch USB Port,Ransel Pria,Abu,tidak_berguna
pne0n32ath,,5,0,2024-06-25T06:10:51,436563738,,Tas Laptop Backpack Ransel Casual Waterproof 14 15 16 inch USB Port,Ransel Pria,Abu,tidak_berguna
reza.gumilah,,5,0,2024-07-12T09:38:03,602043811,,Tas Laptop Backpack Ransel Casual Waterproof 14 15 16 inch USB Port,Ransel Pria,Hitam,tidak_berguna
noviitasyari,,5,0,2024-07-12T10:37:24,98421647,,Tas Laptop Backpack Ransel Casual Waterproof 14 15 16 inch USB Port,Ransel Pria,Abu,tidak_berguna
dyahyasman555,,5,0,2024-07-10T10:21:19,1080038831,,Tas Laptop Backpack Ransel Casual Waterproof 14 15 16 inch USB Port,Ransel Pria,Abu,tidak_berguna
ivansimbolon675,,5,0,2024-07-11T00:04:03,1066134045,,Tas Laptop Backpack Ransel Casual Waterproof 14 15 16 inch USB Port,Ransel Pria,Abu,tidak_berguna
melysary,,5,0,2024-07-11T03:10:34,825475782,,Tas Laptop Backpack Ransel Casual Waterproof 14 15 16 inch USB Port,Ransel Pria,Abu,tidak_berguna
rendynj13,,5,0,2024-07-07T05:01:46,685990271,,Tas Laptop Backpack Ransel Casual Waterproof 14 15 16 inch USB Port,Ransel Pria,Hitam,tidak_berguna
a.zaynul.r,,5,0,2024-08-07T11:20:24,780698401,,Tas Laptop Backpack Ransel Casual Waterproof 14 15 16 inch USB Port,Ransel Pria,Abu,tidak_berguna
rahmatfatturrahman872,,5,0,2024-08-09T07:01:43,914764434,,Tas Laptop Backpack Ransel Casual Waterproof 14 15 16 inch USB Port,Ransel Pria,Hitam,tidak_berguna
b2okf4t4ks,,5,0,2024-08-24T00:55:12,1265083961,,Tas Laptop Backpack Ransel Casual Waterproof 14 15 16 inch USB Port,Ransel Pria,Hitam,tidak_berguna
r8tp7pq72k,,5,0,2024-04-18T09:06:56,676160521,,Tas Laptop Backpack Ransel Casual Waterproof 14 15 16 inch USB Port,Ransel Pria,Hitam,tidak_berguna
nurhandayani918,,5,0,2024-07-16T07:12:53,1294836926,,Tas Laptop Backpack Ransel Casual Waterproof 14 15 16 inch USB Port,Ransel Pria,Abu,tidak_berguna
vo97wg0h4x,,5,0,2024-07-14T22:42:49,755426520,,Tas Laptop Backpack Ransel Casual Waterproof 14 15 16 inch USB Port,Ransel Pria,Hitam,tidak_berguna
irhamubaidillah127,,5,0,2024-07-24T07:45:01,1150726491,,Tas Laptop Backpack Ransel Casual Waterproof 14 15 16 inch USB Port,Ransel Pria,Abu,tidak_berguna
muhammadfebriansyah828,,5,0,2024-05-23T12:36:06,1258443913,,Tas Laptop Backpack Ransel Casual Waterproof 14 15 16 inch USB Port,Ransel Pria,Abu,tidak_berguna
muhammadfebriansyah828,,5,0,2024-05-23T12:36:22,1258443913,,Tas Laptop Backpack Ransel Casual Waterproof 14 15 16 inch USB Port,Ransel Pria,Hitam,tidak_berguna
hafid_03,,5,0,2024-05-31T10:29:16,452611062,,Tas Laptop Backpack Ransel Casual Waterproof 14 15 16 inch USB Port,Ransel Pria,Hitam,tidak_berguna
mydiana402,,5,0,2024-06-02T14:40:54,968622064,,Tas Laptop Backpack Ransel Casual Waterproof 14 15 16 inch USB Port,Ransel Pria,Abu,tidak_berguna
mydiana402,,5,0,2024-06-02T14:40:37,968622064,,Tas Laptop Backpack Ransel Casual Waterproof 14 15 16 inch USB Port,Ransel Pria,Hitam,tidak_berguna
ratuuu00,,5,0,2024-06-02T17:53:50,821981731,,Tas Laptop Backpack Ransel Casual Waterproof 14 15 16 inch USB Port,Ransel Pria,Hitam,tidak_berguna
poejakaalmurinda,,5,0,2024-06-06T10:14:09,1152450854,,Tas Laptop Backpack Ransel Casual Waterproof 14 15 16 inch USB Port,Ransel Pria,Hitam,tidak_berguna
quinbhi08,,5,0,2024-07-14T06:16:56,1041902023,,Tas Laptop Backpack Ransel Casual Waterproof 14 15 16 inch USB Port,Ransel Pria,Abu,tidak_berguna
farezawardhana,,5,0,2024-07-12T02:19:04,677364941,,Tas Laptop Backpack Ransel Casual Waterproof 14 15 16 inch USB Port,Ransel Pria,Hitam,tidak_berguna
gubvifqj25,,5,0,2024-07-04T14:43:24,1109527172,,Tas Laptop Backpack Ransel Casual Waterproof 14 15 16 inch USB Port,Ransel Pria,Abu,tidak_berguna
syl5s_91_q,,5,0,2024-06-30T07:52:33,988265225,,Tas Laptop Backpack Ransel Casual Waterproof 14 15 16 inch USB Port,Ransel Pria,Hitam,tidak_berguna
lijalija577,,5,0,2024-07-09T15:02:25,1247109500,,Tas Laptop Backpack Ransel Casual Waterproof 14 15 16 inch USB Port,Ransel Pria,Hitam,tidak_berguna
rizki_batim,,5,0,2024-07-10T11:11:40,499474688,,Tas Laptop Backpack Ransel Casual Waterproof 14 15 16 inch USB Port,Ransel Pria,Abu,tidak_berguna
tuti_maryan1,,5,0,2024-05-11T07:14:52,911615996,,Tas Laptop Backpack Ransel Casual Waterproof 14 15 16 inch USB Port,Ransel Pria,Abu,tidak_berguna
jimmy_9929,,5,0,2024-05-08T08:22:17,994243239,,Tas Laptop Backpack Ransel Casual Waterproof 14 15 16 inch USB Port,Ransel Pria,Hitam,tidak_berguna
eamfhd881o,,5,0,2024-05-14T19:58:30,919192726,,Tas Laptop Backpack Ransel Casual Waterproof 14 15 16 inch USB Port,Ransel Pria,Hitam,tidak_berguna
aryasptraaaa_,,5,0,2024-08-03T09:50:19,572396221,,Tas Laptop Backpack Ransel Casual Waterproof 14 15 16 inch USB Port,Ransel Pria,Abu,tidak_berguna
auliaputtry,,5,0,2024-08-05T09:57:24,133312634,,Tas Laptop Backpack Ransel Casual Waterproof 14 15 16 inch USB Port,Ransel Pria,Abu,tidak_berguna
saefullahaditya,,5,0,2024-08-03T02:09:36,778087867,,Tas Laptop Backpack Ransel Casual Waterproof 14 15 16 inch USB Port,Ransel Pria,Hitam,tidak_berguna
dianmariyani29,,5,0,2025-02-26T06:47:34,374740036,,Tas Laptop Backpack Ransel Casual Waterproof 14 15 16 inch USB Port,Ransel Pria,Hitam,tidak_berguna
ifsallimanauw,,5,0,2024-08-27T03:17:10,957914734,,Tas Laptop Backpack Ransel Casual Waterproof 14 15 16 inch USB Port,Ransel Pria,Abu,tidak_berguna
and_on,,5,0,2024-09-20T16:07:47,587211829,,Tas Laptop Backpack Ransel Casual Waterproof 14 15 16 inch USB Port,Ransel Pria,Abu,tidak_berguna
atanasius_123,,5,0,2024-09-23T10:03:50,468316551,,Tas Laptop Backpack Ransel Casual Waterproof 14 15 16 inch USB Port,Ransel Pria,Hitam,tidak_berguna
bllshop,,5,0,2024-09-29T08:40:32,423861068,,Tas Laptop Backpack Ransel Casual Waterproof 14 15 16 inch USB Port,Ransel Pria,Abu,tidak_berguna
seniraraykhana,,5,0,2024-10-15T02:09:38,543717273,,Tas Laptop Backpack Ransel Casual Waterproof 14 15 16 inch USB Port,Ransel Pria,Abu,tidak_berguna
enrsmuxk8j,,5,0,2024-11-09T04:35:36,365266727,,Tas Laptop Backpack Ransel Casual Waterproof 14 15 16 inch USB Port,Ransel Pria,Abu,tidak_berguna
miarlihartamulyanah,,5,0,2024-11-24T23:19:25,140499753,,Tas Laptop Backpack Ransel Casual Waterproof 14 15 16 inch USB Port,Ransel Pria,Hitam,tidak_berguna
ktsdiera,,4,0,2024-07-20T10:33:02,656229402,,Tas Laptop Backpack Ransel Casual Waterproof 14 15 16 inch USB Port,Ransel Pria,Abu,tidak_berguna
dzakizz,,4,0,2024-07-13T05:48:32,770122826,,Tas Laptop Backpack Ransel Casual Waterproof 14 15 16 inch USB Port,Ransel Pria,Abu,tidak_berguna
mutiarapertiwi13_,,4,0,2024-05-06T01:31:43,314151641,,Tas Laptop Backpack Ransel Casual Waterproof 14 15 16 inch USB Port,Ransel Pria,Abu,tidak_berguna
adjienugroho309,,4,0,2024-07-16T22:54:07,1030608559,,Tas Laptop Backpack Ransel Casual Waterproof 14 15 16 inch USB Port,Ransel Pria,Abu,tidak_berguna
ju91p7w_s5,,4,0,2024-06-22T13:16:48,1183747914,,Tas Laptop Backpack Ransel Casual Waterproof 14 15 16 inch USB Port,Ransel Pria,Abu,tidak_berguna
a*****a,,4,0,2024-07-14T09:01:14,1136416731,,Tas Laptop Backpack Ransel Casual Waterproof 14 15 16 inch USB Port,Ransel Pria,Hitam,tidak_berguna
jalemanbonifasiussimanju,,4,0,2024-08-07T14:13:03,1197244595,,Tas Laptop Backpack Ransel Casual Waterproof 14 15 16 inch USB Port,Ransel Pria,Hitam,tidak_berguna
fathusururi,,4,0,2024-09-11T11:46:21,705145164,,Tas Laptop Backpack Ransel Casual Waterproof 14 15 16 inch USB Port,Ransel Pria,Hitam,tidak_berguna
a*****1,,4,0,2025-01-21T13:59:03,121533617,,Tas Laptop Backpack Ransel Casual Waterproof 14 15 16 inch USB Port,Ransel Pria,Abu,tidak_berguna
hermansht,,4,0,2025-02-14T09:46:45,907799137,,Tas Laptop Backpack Ransel Casual Waterproof 14 15 16 inch USB Port,Ransel Pria,Hitam,tidak_berguna
wafamamul900,,3,0,2024-07-20T04:58:19,1036740632,,Tas Laptop Backpack Ransel Casual Waterproof 14 15 16 inch USB Port,Ransel Pria,Abu,tidak_berguna
yogaharianja867,,3,0,2024-09-23T02:54:54,1179663258,,Tas Laptop Backpack Ransel Casual Waterproof 14 15 16 inch USB Port,Ransel Pria,Abu,tidak_berguna
a*****h,,3,0,2024-09-23T13:28:53,348102058,,Tas Laptop Backpack Ransel Casual Waterproof 14 15 16 inch USB Port,Ransel Pria,Abu,tidak_berguna
rafiealfarizkykhairunnis,,2,0,2024-04-27T23:57:48,893657877,,Tas Laptop Backpack Ransel Casual Waterproof 14 15 16 inch USB Port,Ransel Pria,Hitam,tidak_berguna
kangbelanja.2,,5,0,2024-08-21T05:12:18,445332780,,Tas Laptop Backpack Ransel Casual Waterproof 14 15 16 inch USB Port,Ransel Pria,Hitam,tidak_berguna
kadafii09,,5,1,2024-07-09T11:55:31,1013126957,,Tas Laptop Backpack Ransel Casual Waterproof 14 15 16 inch USB Port,Ransel Pria,Abu,tidak_berguna
hamzahalvadil476,,5,0,2024-03-26T12:19:18,868044420,,Tas Laptop Backpack Ransel Casual Waterproof 14 15 16 inch USB Port,Ransel Pria,Hitam,tidak_berguna
febiodimas,,5,0,2024-03-25T04:49:00,101261317,,Tas Laptop Backpack Ransel Casual Waterproof 14 15 16 inch USB Port,Ransel Pria,Hitam,tidak_berguna
shelvvyprichilliaa,,5,0,2024-03-21T15:30:51,104188314,,Tas Laptop Backpack Ransel Casual Waterproof 14 15 16 inch USB Port,Ransel Pria,Abu,tidak_berguna
palemlestari08,,5,0,2024-03-19T04:20:22,116348338,,Tas Laptop Backpack Ransel Casual Waterproof 14 15 16 inch USB Port,Ransel Pria,Hitam,tidak_berguna
rev64an,,5,1,2024-09-25T11:26:31,131593141,,Tas Laptop Backpack Ransel Casual Waterproof 14 15 16 inch USB Port,Ransel Pria,Hitam,tidak_berguna
n*****y,,5,0,2024-03-11T15:26:22,104657144,,Tas Laptop Backpack Ransel Casual Waterproof 14 15 16 inch USB Port,Ransel Pria,Abu,tidak_berguna
alexpratama288,,4,0,2024-03-09T16:44:19,1039974375,,Tas Laptop Backpack Ransel Casual Waterproof 14 15 16 inch USB Port,Ransel Pria,Hitam,tidak_berguna
santy576,,5,0,2024-02-28T10:01:31,297484851,,Tas Laptop Backpack Ransel Casual Waterproof 14 15 16 inch USB Port,Ransel Pria,Hitam,tidak_berguna
amrym29,,5,0,2024-02-29T22:41:38,858730378,,Tas Laptop Backpack Ransel Casual Waterproof 14 15 16 inch USB Port,Ransel Pria,Abu,tidak_berguna
husnatulaini460,,5,0,2024-02-29T02:15:32,749577974,,Tas Laptop Backpack Ransel Casual Waterproof 14 15 16 inch USB Port,Ransel Pria,Abu,tidak_berguna
zakihisyam914,,5,0,2024-02-24T13:58:00,1000631194,,Tas Laptop Backpack Ransel Casual Waterproof 14 15 16 inch USB Port,Ransel Pria,Abu,tidak_berguna
toko_jualankuu,,5,0,2024-02-23T00:09:47,527639634,,Tas Laptop Backpack Ransel Casual Waterproof 14 15 16 inch USB Port,Ransel Pria,Abu,tidak_berguna
yohanesjefrianusn.m,,5,0,2024-02-20T06:34:29,654851625,,Tas Laptop Backpack Ransel Casual Waterproof 14 15 16 inch USB Port,Ransel Pria,Abu,tidak_berguna
rohmawatyrohmawaty737,,5,0,2024-02-17T01:19:26,1000481587,,Tas Laptop Backpack Ransel Casual Waterproof 14 15 16 inch USB Port,Ransel Pria,Hitam,tidak_berguna
bw9gce64nr,,4,0,2024-02-17T10:41:39,1186937252,,Tas Laptop Backpack Ransel Casual Waterproof 14 15 16 inch USB Port,Ransel Pria,Hitam,tidak_berguna
sigitbudiprabowo99,,5,0,2024-02-11T10:09:39,226030261,,Tas Laptop Backpack Ransel Casual Waterproof 14 15 16 inch USB Port,Ransel Pria,Abu,tidak_berguna
tonykurniawan0,,3,0,2024-02-01T09:26:12,428856056,,Tas Laptop Backpack Ransel Casual Waterproof 14 15 16 inch USB Port,Ransel Pria,Hitam,tidak_berguna
irwansbll,,5,0,2024-01-27T11:11:35,614723135,,Tas Laptop Backpack Ransel Casual Waterproof 14 15 16 inch USB Port,Ransel Pria,Abu,tidak_berguna
muhamadaditiyaaliefjanat,,5,0,2024-01-26T04:06:27,1162055826,,Tas Laptop Backpack Ransel Casual Waterproof 14 15 16 inch USB Port,Ransel Pria,Hitam,tidak_berguna
rosanitita,,5,0,2024-01-15T01:11:14,93536499,,Tas Laptop Backpack Ransel Casual Waterproof 14 15 16 inch USB Port,Ransel Pria,Abu,tidak_berguna
o5xxni8_s7,,4,0,2024-01-21T14:44:27,1032976638,,Tas Laptop Backpack Ransel Casual Waterproof 14 15 16 inch USB Port,Ransel Pria,Hitam,tidak_berguna
akunbaru320,,2,0,2024-01-21T23:53:07,657254854,,Tas Laptop Backpack Ransel Casual Waterproof 14 15 16 inch USB Port,Ransel Pria,Hitam,tidak_berguna
yulianaeka180,,5,0,2024-01-10T04:26:07,554195445,,Tas Laptop Backpack Ransel Casual Waterproof 14 15 16 inch USB Port,Ransel Pria,Abu,tidak_berguna
abdussalamrais,,4,0,2024-01-07T22:09:41,645555127,,Tas Laptop Backpack Ransel Casual Waterproof 14 15 16 inch USB Port,Ransel Pria,Hitam,tidak_berguna
jaslim2206,,5,0,2024-01-04T21:26:20,477638635,,Tas Laptop Backpack Ransel Casual Waterproof 14 15 16 inch USB Port,Ransel Pria,Hitam,tidak_berguna
fiiiiaaaa,,5,0,2023-12-23T09:39:32,242268511,,Tas Laptop Backpack Ransel Casual Waterproof 14 15 16 inch USB Port,Ransel Pria,Hitam,tidak_berguna
inne210590,,5,0,2023-12-14T06:43:24,111600966,,Tas Laptop Backpack Ransel Casual Waterproof 14 15 16 inch USB Port,Ransel Pria,Hitam,tidak_berguna
hikmat2000,,5,0,2023-12-21T08:49:42,1051112850,,Tas Laptop Backpack Ransel Casual Waterproof 14 15 16 inch USB Port,Ransel Pria,Hitam,tidak_berguna
otre78,,5,0,2023-12-20T09:39:42,340029236,,Tas Laptop Backpack Ransel Casual Waterproof 14 15 16 inch USB Port,Ransel Pria,Hitam,tidak_berguna
margono_1974,,5,0,2023-12-16T04:53:06,501916316,,Tas Laptop Backpack Ransel Casual Waterproof 14 15 16 inch USB Port,Ransel Pria,Abu,tidak_berguna
2f6e_t3f7m,,5,0,2023-12-13T09:32:54,942555333,,Tas Laptop Backpack Ransel Casual Waterproof 14 15 16 inch USB Port,Ransel Pria,Hitam,tidak_berguna
82zhandgpk,,5,0,2023-12-14T14:27:49,1130457019,,Tas Laptop Backpack Ransel Casual Waterproof 14 15 16 inch USB Port,Ransel Pria,Abu,tidak_berguna
clara._.98,,5,0,2023-12-08T03:30:19,439760426,,Tas Laptop Backpack Ransel Casual Waterproof 14 15 16 inch USB Port,Ransel Pria,Abu,tidak_berguna
kenzieoalem,,4,0,2023-12-08T09:22:03,634782152,,Tas Laptop Backpack Ransel Casual Waterproof 14 15 16 inch USB Port,Ransel Pria,Abu,tidak_berguna
alidzaky,,5,0,2023-11-16T23:39:30,34386350,,Tas Laptop Backpack Ransel Casual Waterproof 14 15 16 inch USB Port,Ransel Pria,Hitam,tidak_berguna
meirisapuspita23,,5,0,2023-11-23T13:01:18,32811828,,Tas Laptop Backpack Ransel Casual Waterproof 14 15 16 inch USB Port,Ransel Pria,Hitam,tidak_berguna
lta096qxr0,,4,0,2023-12-04T07:26:49,1115402313,,Tas Laptop Backpack Ransel Casual Waterproof 14 15 16 inch USB Port,Ransel Pria,Hitam,tidak_berguna
alansuherlan1310,,5,0,2023-12-02T11:45:13,94235737,,Tas Laptop Backpack Ransel Casual Waterproof 14 15 16 inch USB Port,Ransel Pria,Abu,tidak_berguna
nurinoelarasati,,5,0,2023-11-09T01:49:54,28357459,,Tas Laptop Backpack Ransel Casual Waterproof 14 15 16 inch USB Port,Ransel Pria,Abu,tidak_berguna
deiiutami93,,5,0,2023-11-24T18:07:01,6332752,,Tas Laptop Backpack Ransel Casual Waterproof 14 15 16 inch USB Port,Ransel Pria,Abu,tidak_berguna
ikhagdhee,,5,0,2023-11-03T10:34:53,56057365,,Tas Laptop Backpack Ransel Casual Waterproof 14 15 16 inch USB Port,Ransel Pria,Hitam,tidak_berguna
didik.d09,,5,0,2023-11-20T05:04:15,415889636,,Tas Laptop Backpack Ransel Casual Waterproof 14 15 16 inch USB Port,Ransel Pria,Abu,tidak_berguna
iman_2017,,5,0,2023-10-30T11:29:54,25577670,,Tas Laptop Backpack Ransel Casual Waterproof 14 15 16 inch USB Port,Ransel Pria,Hitam,tidak_berguna
noviani043,,5,0,2023-11-23T08:00:24,868364554,,Tas Laptop Backpack Ransel Casual Waterproof 14 15 16 inch USB Port,Ransel Pria,Hitam,tidak_berguna
h*****i,,5,0,2023-10-15T12:44:38,43321267,,Tas Laptop Backpack Ransel Casual Waterproof 14 15 16 inch USB Port,Ransel Pria,Hitam,tidak_berguna
mulaandreini,,5,0,2023-10-17T05:02:43,19250171,,Tas Laptop Backpack Ransel Casual Waterproof 14 15 16 inch USB Port,Ransel Pria,Hitam,tidak_berguna
mfarabi155,,5,0,2023-11-17T03:53:47,436181211,,Tas Laptop Backpack Ransel Casual Waterproof 14 15 16 inch USB Port,Ransel Pria,Hitam,tidak_berguna
razibghani,,5,0,2023-11-16T07:55:29,60204295,,Tas Laptop Backpack Ransel Casual Waterproof 14 15 16 inch USB Port,Ransel Pria,Abu,tidak_berguna
bigonri,,5,0,2023-11-15T14:28:43,760203529,,Tas Laptop Backpack Ransel Casual Waterproof 14 15 16 inch USB Port,Ransel Pria,Hitam,tidak_berguna
santiputriwicaksono,,5,0,2023-11-06T14:28:39,124383902,,Tas Laptop Backpack Ransel Casual Waterproof 14 15 16 inch USB Port,Ransel Pria,Abu,tidak_berguna
mirzami,,5,0,2023-10-12T03:57:35,71149888,,Tas Laptop Backpack Ransel Casual Waterproof 14 15 16 inch USB Port,Ransel Pria,Hitam,tidak_berguna
23kaylazahra,,5,0,2023-11-13T12:00:06,740560209,,Tas Laptop Backpack Ransel Casual Waterproof 14 15 16 inch USB Port,Ransel Pria,Hitam,tidak_berguna
indahmesty,,5,0,2023-10-16T07:48:15,24257617,,Tas Laptop Backpack Ransel Casual Waterproof 14 15 16 inch USB Port,Ransel Pria,Abu,tidak_berguna
iza9hbk9gv,,5,0,2023-11-13T05:19:20,543627024,,Tas Laptop Backpack Ransel Casual Waterproof 14 15 16 inch USB Port,Ransel Pria,Abu,tidak_berguna
arisongosodjie,,5,0,2023-10-28T08:11:11,144890592,,Tas Laptop Backpack Ransel Casual Waterproof 14 15 16 inch USB Port,Ransel Pria,Hitam,tidak_berguna
m*****i,,5,0,2023-11-11T22:12:03,291155289,,Tas Laptop Backpack Ransel Casual Waterproof 14 15 16 inch USB Port,Ransel Pria,Abu,tidak_berguna
intan.febrianty,,5,0,2023-11-12T07:16:11,1076323972,,Tas Laptop Backpack Ransel Casual Waterproof 14 15 16 inch USB Port,Ransel Pria,Hitam,tidak_berguna
dotfay03,,5,0,2023-11-10T12:20:12,837182214,,Tas Laptop Backpack Ransel Casual Waterproof 14 15 16 inch USB Port,Ransel Pria,Hitam,tidak_berguna
nina.ninu,,5,0,2023-11-03T08:51:37,31108919,,Tas Laptop Backpack Ransel Casual Waterproof 14 15 16 inch USB Port,Ransel Pria,Hitam,tidak_berguna
adindapuu,,5,0,2023-11-08T10:44:25,993937018,,Tas Laptop Backpack Ransel Casual Waterproof 14 15 16 inch USB Port,Ransel Pria,Abu,tidak_berguna
b*****k,,5,0,2023-09-14T10:08:58,163765749,,Tas Laptop Backpack Ransel Casual Waterproof 14 15 16 inch USB Port,Ransel Pria,Hitam,tidak_berguna
camillemaskjaksel,,5,0,2023-09-12T10:09:06,251852971,,Tas Laptop Backpack Ransel Casual Waterproof 14 15 16 inch USB Port,Ransel Pria,Hitam,tidak_berguna
d*****a,,5,0,2023-10-10T14:10:27,222736478,,Tas Laptop Backpack Ransel Casual Waterproof 14 15 16 inch USB Port,Ransel Pria,Hitam,tidak_berguna
mulia74,,5,0,2023-09-08T10:44:09,66021555,,Tas Laptop Backpack Ransel Casual Waterproof 14 15 16 inch USB Port,Ransel Pria,Abu,tidak_berguna
vitobintang1,,5,0,2023-11-03T02:59:34,240244081,,Tas Laptop Backpack Ransel Casual Waterproof 14 15 16 inch USB Port,Ransel Pria,Abu,tidak_berguna
ahock3486,,5,0,2023-08-29T15:02:09,52421560,,Tas Laptop Backpack Ransel Casual Waterproof 14 15 16 inch USB Port,Ransel Pria,Abu,tidak_berguna
trisnaanie,,5,0,2023-11-03T09:13:23,117169206,,Tas Laptop Backpack Ransel Casual Waterproof 14 15 16 inch USB Port,Ransel Pria,Hitam,tidak_berguna
nanakesya01,,5,0,2023-07-12T10:53:21,19512375,,Tas Laptop Backpack Ransel Casual Waterproof 14 15 16 inch USB Port,Ransel Pria,Abu,tidak_berguna
rizqaah_haf,,5,0,2023-07-06T01:28:07,49194187,,Tas Laptop Backpack Ransel Casual Waterproof 14 15 16 inch USB Port,Ransel Pria,Hitam,tidak_berguna
atungunartigunz,,5,0,2023-07-03T00:30:40,103896737,,Tas Laptop Backpack Ransel Casual Waterproof 14 15 16 inch USB Port,Ransel Pria,Hitam,tidak_berguna
idawatna,,5,0,2022-10-20T08:17:48,2602486,,Tas Laptop Backpack Ransel Casual Waterproof 14 15 16 inch USB Port,Ransel Pria,Hitam,tidak_berguna
f3n1_s,,5,0,2023-02-13T11:27:11,11000370,,Tas Laptop Backpack Ransel Casual Waterproof 14 15 16 inch USB Port,Ransel Pria,Hitam,tidak_berguna
isnabalweel,,5,0,2023-02-03T15:09:46,77833721,,Tas Laptop Backpack Ransel Casual Waterproof 14 15 16 inch USB Port,Ransel Pria,Abu,tidak_berguna
fitri_maisaroh,,5,0,2022-07-18T09:18:42,17268017,,Tas Laptop Backpack Ransel Casual Waterproof 14 15 16 inch USB Port,Ransel Pria,Abu,tidak_berguna
herlinaapriliani45,,5,0,2023-04-08T08:18:20,110077918,,Tas Laptop Backpack Ransel Casual Waterproof 14 15 16 inch USB Port,Ransel Pria,Hitam,tidak_berguna
queenesia18,,5,0,2022-11-24T07:34:43,57112744,,Tas Laptop Backpack Ransel Casual Waterproof 14 15 16 inch USB Port,Ransel Pria,Hitam,tidak_berguna
pinksyaneth,,5,0,2022-08-02T17:33:57,34553998,,Tas Laptop Backpack Ransel Casual Waterproof 14 15 16 inch USB Port,Ransel Pria,Abu,tidak_berguna
felicia12345678,,5,0,2020-07-22T10:20:02,11012996,,Tas Laptop Backpack Ransel Casual Waterproof 14 15 16 inch USB Port,Ransel Pria,Tas Laptop Backpack Ransel Casual Waterproof 14 15 16 inch USB Port,tidak_berguna
siput.trust,,5,0,2023-09-08T05:49:37,263571353,,Tas Laptop Backpack Ransel Casual Waterproof 14 15 16 inch USB Port,Ransel Pria,Hitam,tidak_berguna
moonsoull,,5,0,2023-10-03T02:48:07,265597809,,Tas Laptop Backpack Ransel Casual Waterproof 14 15 16 inch USB Port,Ransel Pria,Abu,tidak_berguna
m*****m,,5,0,2023-02-08T12:56:37,82317723,,Tas Laptop Backpack Ransel Casual Waterproof 14 15 16 inch USB Port,Ransel Pria,Abu,tidak_berguna
herryofficialll,,5,0,2023-10-30T04:31:30,475511247,,Tas Laptop Backpack Ransel Casual Waterproof 14 15 16 inch USB Port,Ransel Pria,Abu,tidak_berguna
sukmaanom119,,4,0,2023-07-10T15:24:00,67511201,,Tas Laptop Backpack Ransel Casual Waterproof 14 15 16 inch USB Port,Ransel Pria,Hitam,tidak_berguna
heryantiwahyupratama,,5,0,2022-10-10T05:30:32,42824113,,Tas Laptop Backpack Ransel Casual Waterproof 14 15 16 inch USB Port,Ransel Pria,Hitam,tidak_berguna
widya_wardoyo,,4,0,2023-07-11T12:58:52,5999339,,Tas Laptop Backpack Ransel Casual Waterproof 14 15 16 inch USB Port,Ransel Pria,Hitam,tidak_berguna
elisabethsn_29,,5,0,2022-10-05T11:21:39,325816058,,Tas Laptop Backpack Ransel Casual Waterproof 14 15 16 inch USB Port,Ransel Pria,Hitam,tidak_berguna
ismiindriyani_,,5,0,2023-10-10T22:58:51,159093075,,Tas Laptop Backpack Ransel Casual Waterproof 14 15 16 inch USB Port,Ransel Pria,Hitam,tidak_berguna
maghfiram.labido,,5,0,2023-02-14T13:15:16,14408966,,Tas Laptop Backpack Ransel Casual Waterproof 14 15 16 inch USB Port,Ransel Pria,Hitam,tidak_berguna
lipvv,,5,0,2023-07-12T06:29:36,333269525,,Tas Laptop Backpack Ransel Casual Waterproof 14 15 16 inch USB Port,Ransel Pria,Hitam,tidak_berguna
j*****r,,5,0,2022-09-30T23:01:13,201221550,,Tas Laptop Backpack Ransel Casual Waterproof 14 15 16 inch USB Port,Ransel Pria,Hitam,tidak_berguna
rose_2collection,,5,0,2023-10-10T10:40:07,367626981,,Tas Laptop Backpack Ransel Casual Waterproof 14 15 16 inch USB Port,Ransel Pria,Abu,tidak_berguna
zain_ardiansyah,,5,0,2023-02-26T11:39:27,73294650,,Tas Laptop Backpack Ransel Casual Waterproof 14 15 16 inch USB Port,Ransel Pria,Abu,tidak_berguna
by.numd,,5,0,2023-08-31T03:16:02,156943995,,Tas Laptop Backpack Ransel Casual Waterproof 14 15 16 inch USB Port,Ransel Pria,Abu,tidak_berguna
m*****o,,5,0,2022-07-27T11:56:48,89149322,,Tas Laptop Backpack Ransel Casual Waterproof 14 15 16 inch USB Port,Ransel Pria,Abu,tidak_berguna
wiwinsaputridaelidaeli,,3,0,2023-10-22T09:03:53,694549013,,Tas Laptop Backpack Ransel Casual Waterproof 14 15 16 inch USB Port,Ransel Pria,Abu,tidak_berguna
f*****a,,4,0,2023-07-11T06:15:45,117355621,,Tas Laptop Backpack Ransel Casual Waterproof 14 15 16 inch USB Port,Ransel Pria,Hitam,tidak_berguna
fegadalie,,5,0,2023-10-15T12:08:12,266715392,,Tas Laptop Backpack Ransel Casual Waterproof 14 15 16 inch USB Port,Ransel Pria,Hitam,tidak_berguna
lionelstore7,,4,0,2023-07-17T23:37:05,262687616,,Tas Laptop Backpack Ransel Casual Waterproof 14 15 16 inch USB Port,Ransel Pria,Hitam,tidak_berguna
nhnurhayati,,5,0,2023-01-05T00:03:21,39082006,,Tas Laptop Backpack Ransel Casual Waterproof 14 15 16 inch USB Port,Ransel Pria,Abu,tidak_berguna
azhar.nazhi,,5,0,2023-07-08T11:00:52,154072395,,Tas Laptop Backpack Ransel Casual Waterproof 14 15 16 inch USB Port,Ransel Pria,Abu,tidak_berguna
amieamiaa,,5,0,2023-10-12T09:58:51,366059856,,Tas Laptop Backpack Ransel Casual Waterproof 14 15 16 inch USB Port,Ransel Pria,Abu,tidak_berguna
chargen,,5,0,2023-08-16T06:56:56,18818227,,Tas Laptop Backpack Ransel Casual Waterproof 14 15 16 inch USB Port,Ransel Pria,Abu,tidak_berguna
mutiagstyy_,,5,0,2023-07-20T09:10:38,312382031,,Tas Laptop Backpack Ransel Casual Waterproof 14 15 16 inch USB Port,Ransel Pria,Hitam,tidak_berguna
wulandhanikusumaningrum,,5,0,2023-07-17T00:59:15,111606083,,Tas Laptop Backpack Ransel Casual Waterproof 14 15 16 inch USB Port,Ransel Pria,Abu,tidak_berguna
inuwisengsari,,5,0,2023-07-16T04:32:56,157582062,,Tas Laptop Backpack Ransel Casual Waterproof 14 15 16 inch USB Port,Ransel Pria,Hitam,tidak_berguna
i*****i,,5,0,2023-07-03T05:58:35,94388718,,Tas Laptop Backpack Ransel Casual Waterproof 14 15 16 inch USB Port,Ransel Pria,Hitam,tidak_berguna
irmalupita,,5,0,2020-06-12T14:41:02,33352259,,Tas Laptop Backpack Ransel Casual Waterproof 14 15 16 inch USB Port,Ransel Pria,Tas Laptop Backpack Ransel Casual Waterproof 14 15 16 inch USB Port,tidak_berguna
yuna_fashion123,,4,0,2023-07-17T22:35:33,306063367,,Tas Laptop Backpack Ransel Casual Waterproof 14 15 16 inch USB Port,Ransel Pria,Abu,tidak_berguna
87anggitya,,5,0,2023-07-15T07:34:45,196572055,,Tas Laptop Backpack Ransel Casual Waterproof 14 15 16 inch USB Port,Ransel Pria,Hitam,tidak_berguna
m1_4th0wu4,,5,0,2023-09-25T07:13:00,989022894,,Tas Laptop Backpack Ransel Casual Waterproof 14 15 16 inch USB Port,Ransel Pria,Hitam,tidak_berguna
labelladade,,5,0,2023-05-28T02:48:43,242635678,,Tas Laptop Backpack Ransel Casual Waterproof 14 15 16 inch USB Port,Ransel Pria,Hitam,tidak_berguna
waben070118,,5,0,2022-12-30T13:08:18,144077021,,Tas Laptop Backpack Ransel Casual Waterproof 14 15 16 inch USB Port,Ransel Pria,Hitam,tidak_berguna
_49nnkfmau,,5,0,2023-09-19T10:34:38,491080127,,Tas Laptop Backpack Ransel Casual Waterproof 14 15 16 inch USB Port,Ransel Pria,Abu,tidak_berguna
suryakolifa,,5,0,2023-08-10T20:21:59,201530209,,Tas Laptop Backpack Ransel Casual Waterproof 14 15 16 inch USB Port,Ransel Pria,Hitam,tidak_berguna
maskun017,,5,0,2023-09-15T04:13:02,354980343,,Tas Laptop Backpack Ransel Casual Waterproof 14 15 16 inch USB Port,Ransel Pria,Hitam,tidak_berguna
luqshop098,,5,0,2022-11-17T08:13:13,63612063,,Tas Laptop Backpack Ransel Casual Waterproof 14 15 16 inch USB Port,Ransel Pria,Hitam,tidak_berguna
adudulll,,4,0,2023-09-17T13:02:56,392444895,,Tas Laptop Backpack Ransel Casual Waterproof 14 15 16 inch USB Port,Ransel Pria,Hitam,tidak_berguna
b*****a,,5,0,2023-09-13T08:29:55,283844368,,Tas Laptop Backpack Ransel Casual Waterproof 14 15 16 inch USB Port,Ransel Pria,Hitam,tidak_berguna
7p79yrsqaw,,5,0,2023-09-13T09:53:21,687842825,,Tas Laptop Backpack Ransel Casual Waterproof 14 15 16 inch USB Port,Ransel Pria,Hitam,tidak_berguna
jayatriono,,3,0,2023-09-20T21:04:38,696302517,,Tas Laptop Backpack Ransel Casual Waterproof 14 15 16 inch USB Port,Ransel Pria,Hitam,tidak_berguna
desijuntak60,,5,0,2023-09-07T12:47:55,404264273,,Tas Laptop Backpack Ransel Casual Waterproof 14 15 16 inch USB Port,Ransel Pria,Hitam,tidak_berguna
rafikurnia2004,,4,0,2023-09-12T11:02:18,37767088,,Tas Laptop Backpack Ransel Casual Waterproof 14 15 16 inch USB Port,Ransel Pria,Abu,tidak_berguna
ninanaeemaakio,,5,0,2023-04-06T13:04:14,24256906,,Tas Laptop Backpack Ransel Casual Waterproof 14 15 16 inch USB Port,Ransel Pria,Hitam,tidak_berguna
ek4ecctkqw,,4,0,2023-09-11T08:01:57,1011000631,,Tas Laptop Backpack Ransel Casual Waterproof 14 15 16 inch USB Port,Ransel Pria,Hitam,tidak_berguna
bayukurniawan818,,5,0,2023-08-10T21:25:33,294732403,,Tas Laptop Backpack Ransel Casual Waterproof 14 15 16 inch USB Port,Ransel Pria,Abu,tidak_berguna
rhamiina,,5,0,2023-07-11T02:23:03,326106240,,Tas Laptop Backpack Ransel Casual Waterproof 14 15 16 inch USB Port,Ransel Pria,Hitam,tidak_berguna
zonialbab,,5,0,2022-09-30T06:51:09,196794859,,Tas Laptop Backpack Ransel Casual Waterproof 14 15 16 inch USB Port,Ransel Pria,Abu,tidak_berguna
suryo_saputro,,4,0,2023-09-03T10:12:12,96586780,,Tas Laptop Backpack Ransel Casual Waterproof 14 15 16 inch USB Port,Ransel Pria,Hitam,tidak_berguna
chintya_d.a,,5,0,2023-08-12T13:20:21,331718935,,Tas Laptop Backpack Ransel Casual Waterproof 14 15 16 inch USB Port,Ransel Pria,Abu,tidak_berguna
e*****3,,3,0,2022-10-07T14:54:43,237596475,,Tas Laptop Backpack Ransel Casual Waterproof 14 15 16 inch USB Port,Ransel Pria,Abu,tidak_berguna
dewiidewisrimulayni,,5,0,2023-08-10T21:25:46,980345268,,Tas Laptop Backpack Ransel Casual Waterproof 14 15 16 inch USB Port,Ransel Pria,Abu,tidak_berguna
evanza13,,5,0,2022-11-23T03:36:51,22494936,,Tas Laptop Backpack Ransel Casual Waterproof 14 15 16 inch USB Port,Ransel Pria,Hitam,tidak_berguna
f*****8,,5,0,2023-06-28T03:01:55,548314917,,Tas Laptop Backpack Ransel Casual Waterproof 14 15 16 inch USB Port,Ransel Pria,Abu,tidak_berguna
kerupukazizah,,5,0,2023-07-13T05:15:55,292051282,,Tas Laptop Backpack Ransel Casual Waterproof 14 15 16 inch USB Port,Ransel Pria,Hitam,tidak_berguna
mifzal05,,5,0,2023-07-21T00:04:31,329802053,,Tas Laptop Backpack Ransel Casual Waterproof 14 15 16 inch USB Port,Ransel Pria,Hitam,tidak_berguna
aghisnafinnurika,,5,0,2022-09-06T09:50:17,236260347,,Tas Laptop Backpack Ransel Casual Waterproof 14 15 16 inch USB Port,Ransel Pria,Abu,tidak_berguna
yategh,,5,0,2023-07-19T22:12:29,744110386,,Tas Laptop Backpack Ransel Casual Waterproof 14 15 16 inch USB Port,Ransel Pria,Abu,tidak_berguna
sevtasukm,,5,0,2023-07-15T11:50:56,433514879,,Tas Laptop Backpack Ransel Casual Waterproof 14 15 16 inch USB Port,Ransel Pria,Hitam,tidak_berguna
diniyuniasari18,,5,0,2023-07-15T07:25:49,509371498,,Tas Laptop Backpack Ransel Casual Waterproof 14 15 16 inch USB Port,Ransel Pria,Hitam,tidak_berguna
sanita.sianturi,,5,0,2023-07-15T03:21:59,881175410,,Tas Laptop Backpack Ransel Casual Waterproof 14 15 16 inch USB Port,Ransel Pria,Hitam,tidak_berguna
erinsalsabila155,,5,0,2023-07-14T05:04:41,798506136,,Tas Laptop Backpack Ransel Casual Waterproof 14 15 16 inch USB Port,Ransel Pria,Hitam,tidak_berguna
iismarlina410,,5,0,2023-07-10T15:11:17,576684824,,Tas Laptop Backpack Ransel Casual Waterproof 14 15 16 inch USB Port,Ransel Pria,Hitam,tidak_berguna
novian_tri_setyo_aji,,5,0,2023-06-05T09:18:20,208636559,,Tas Laptop Backpack Ransel Casual Waterproof 14 15 16 inch USB Port,Ransel Pria,Abu,tidak_berguna
fadiafebriyolanda,,5,0,2023-07-01T11:06:16,888108104,,Tas Laptop Backpack Ransel Casual Waterproof 14 15 16 inch USB Port,Ransel Pria,Hitam,tidak_berguna
imadeindra075,,5,0,2023-06-27T13:41:00,698213391,,Tas Laptop Backpack Ransel Casual Waterproof 14 15 16 inch USB Port,Ransel Pria,Hitam,tidak_berguna
e08utr3f96,,5,0,2023-06-27T06:47:57,719181995,,Tas Laptop Backpack Ransel Casual Waterproof 14 15 16 inch USB Port,Ransel Pria,Hitam,tidak_berguna
nursamsiskw,,4,0,2023-08-10T21:24:29,725660957,,Tas Laptop Backpack Ransel Casual Waterproof 14 15 16 inch USB Port,Ransel Pria,Abu,tidak_berguna
ayu_febriana1,,5,0,2023-06-12T08:57:07,718506343,,Tas Laptop Backpack Ransel Casual Waterproof 14 15 16 inch USB Port,Ransel Pria,Hitam,tidak_berguna
putrivebiramadhani,,5,0,2023-05-19T10:02:27,320100023,,Tas Laptop Backpack Ransel Casual Waterproof 14 15 16 inch USB Port,Ransel Pria,Abu,tidak_berguna
lalasumiyati,,5,0,2023-05-09T06:08:43,18865978,,Tas Laptop Backpack Ransel Casual Waterproof 14 15 16 inch USB Port,Ransel Pria,Abu,tidak_berguna
mahdiyana812,,5,0,2023-05-05T12:49:38,992499422,,Tas Laptop Backpack Ransel Casual Waterproof 14 15 16 inch USB Port,Ransel Pria,Abu,tidak_berguna
muhammad_noor_ilham,,5,0,2023-02-15T08:02:38,368807289,,Tas Laptop Backpack Ransel Casual Waterproof 14 15 16 inch USB Port,Ransel Pria,Hitam,tidak_berguna
pin38cipeng,,5,0,2023-03-17T12:53:04,481856977,,Tas Laptop Backpack Ransel Casual Waterproof 14 15 16 inch USB Port,Ransel Pria,Abu,tidak_berguna
lilisastuti663,,5,0,2022-12-06T21:59:57,721971350,,Tas Laptop Backpack Ransel Casual Waterproof 14 15 16 inch USB Port,Ransel Pria,Abu,tidak_berguna
mariyaulfah764,,5,0,2023-01-09T13:54:07,544610159,,Tas Laptop Backpack Ransel Casual Waterproof 14 15 16 inch USB Port,Ransel Pria,Hitam,tidak_berguna
,,5,0,2023-04-11T13:09:28,423630029,,Tas Laptop Backpack Ransel Casual Waterproof 14 15 16 inch USB Port,Ransel Pria,Hitam,tidak_berguna
ayulestarifatmo,,4,0,2023-06-30T05:04:20,535334747,,Tas Laptop Backpack Ransel Casual Waterproof 14 15 16 inch USB Port,Ransel Pria,Hitam,tidak_berguna
tulasih37,,4,0,2023-06-20T09:13:49,531310587,,Tas Laptop Backpack Ransel Casual Waterproof 14 15 16 inch USB Port,Ransel Pria,Hitam,tidak_berguna
m.khoirul.riski,,4,0,2022-08-26T10:38:50,227789517,,Tas Laptop Backpack Ransel Casual Waterproof 14 15 16 inch USB Port,Ransel Pria,Abu,tidak_berguna
,,4,0,2023-04-12T15:17:05,495232333,,Tas Laptop Backpack Ransel Casual Waterproof 14 15 16 inch USB Port,Ransel Pria,Hitam,tidak_berguna
r66q559hii,,3,0,2023-07-11T09:08:17,952908780,,Tas Laptop Backpack Ransel Casual Waterproof 14 15 16 inch USB Port,Ransel Pria,Hitam,tidak_berguna
jamal5669,,3,0,2023-02-21T11:39:36,642568571,,Tas Laptop Backpack Ransel Casual Waterproof 14 15 16 inch USB Port,Ransel Pria,Abu,tidak_berguna
1*****h,,2,0,2022-12-15T09:26:01,475818666,,Tas Laptop Backpack Ransel Casual Waterproof 14 15 16 inch USB Port,Ransel Pria,Abu,tidak_berguna
11adxh,,1,0,2023-02-02T21:02:58,475818666,,Tas Laptop Backpack Ransel Casual Waterproof 14 15 16 inch USB Port,Ransel Pria,Abu,tidak_berguna
fayzaparfume_,,5,0,2025-09-28T14:36:57,24078796,,Tas Laptop Backpack Ransel Casual Waterproof 14 15 16 inch USB Port,Ransel Pria,Hitam,tidak_berguna
lusyananuryhartati,,5,0,2025-06-28T07:24:00,57001577,,Tas Laptop Backpack Ransel Casual Waterproof 14 15 16 inch USB Port,Ransel Pria,Hitam,tidak_berguna
nilamsantika,,5,0,2025-07-19T23:53:23,132094844,,Tas Laptop Backpack Ransel Casual Waterproof 14 15 16 inch USB Port,Ransel Pria,Hitam,tidak_berguna
ericksyaputra234,,5,0,2025-05-28T10:56:16,225348721,,Tas Laptop Backpack Ransel Casual Waterproof 14 15 16 inch USB Port,Ransel Pria,Hitam,tidak_berguna
sukhem77,,5,0,2025-07-29T12:40:39,469859103,,Tas Laptop Backpack Ransel Casual Waterproof 14 15 16 inch USB Port,Ransel Pria,Hitam,tidak_berguna
yulifashihah,,5,0,2025-05-07T08:36:04,303708495,,Tas Laptop Backpack Ransel Casual Waterproof 14 15 16 inch USB Port,Ransel Pria,Hitam,tidak_berguna
ssri6708,,5,0,2025-07-24T00:20:13,34252235,,Tas Laptop Backpack Ransel Casual Waterproof 14 15 16 inch USB Port,Ransel Pria,Hitam,tidak_berguna
witatze21,,5,0,2025-06-08T14:21:22,458630118,,Tas Laptop Backpack Ransel Casual Waterproof 14 15 16 inch USB Port,Ransel Pria,Hitam,tidak_berguna
armanq57,,5,0,2025-05-29T06:41:48,487170669,,Tas Laptop Backpack Ransel Casual Waterproof 14 15 16 inch USB Port,Ransel Pria,Hitam,tidak_berguna
watiida14,,5,0,2025-07-09T06:30:59,206097282,,Tas Laptop Backpack Ransel Casual Waterproof 14 15 16 inch USB Port,Ransel Pria,Hitam,tidak_berguna
stefanusgonzalez,,5,0,2025-07-27T11:25:55,127019028,,Tas Laptop Backpack Ransel Casual Waterproof 14 15 16 inch USB Port,Ransel Pria,Abu,tidak_berguna
albagaz_10,,4,0,2025-07-18T15:18:59,251414644,,Tas Laptop Backpack Ransel Casual Waterproof 14 15 16 inch USB Port,Ransel Pria,Hitam,tidak_berguna
agus_prayitnoo,,5,0,2025-06-30T10:59:52,254245462,,Tas Laptop Backpack Ransel Casual Waterproof 14 15 16 inch USB Port,Ransel Pria,Hitam,tidak_berguna
siti_hajar2898,,5,0,2025-07-25T04:27:17,551506814,,Tas Laptop Backpack Ransel Casual Waterproof 14 15 16 inch USB Port,Ransel Pria,Hitam,tidak_berguna
jfqlxb4eno,,5,0,2025-03-28T02:26:39,808976948,,Tas Laptop Backpack Ransel Casual Waterproof 14 15 16 inch USB Port,Ransel Pria,Hitam,tidak_berguna
3qmgk6tu_l,,5,0,2025-08-20T22:09:10,1525807248,,Tas Laptop Backpack Ransel Casual Waterproof 14 15 16 inch USB Port,Ransel Pria,Hitam,tidak_berguna
riantyhanqn,,5,0,2025-08-21T02:01:03,436370493,,Tas Laptop Backpack Ransel Casual Waterproof 14 15 16 inch USB Port,Ransel Pria,Hitam,tidak_berguna
yenisurasmi67,,5,0,2025-09-03T06:25:41,329829807,,Tas Laptop Backpack Ransel Casual Waterproof 14 15 16 inch USB Port,Ransel Pria,Hitam,tidak_berguna
mei3lika,,5,0,2025-09-03T12:31:05,1159080499,,Tas Laptop Backpack Ransel Casual Waterproof 14 15 16 inch USB Port,Ransel Pria,Hitam,tidak_berguna
diegorafael299,,5,0,2025-09-02T09:02:40,1148626317,,Tas Laptop Backpack Ransel Casual Waterproof 14 15 16 inch USB Port,Ransel Pria,Abu,tidak_berguna
linasimanjuntak479,,5,0,2025-04-30T14:52:22,819465248,,Tas Laptop Backpack Ransel Casual Waterproof 14 15 16 inch USB Port,Ransel Pria,Hitam,tidak_berguna
ridhwanhanafi495,,5,0,2025-05-02T06:53:16,844443383,,Tas Laptop Backpack Ransel Casual Waterproof 14 15 16 inch USB Port,Ransel Pria,Abu,tidak_berguna
hmiddfauzi,,5,0,2025-07-03T05:36:31,1252651888,,Tas Laptop Backpack Ransel Casual Waterproof 14 15 16 inch USB Port,Ransel Pria,Hitam,tidak_berguna
evinuryanti01,,5,0,2025-07-07T04:24:13,1350978818,,Tas Laptop Backpack Ransel Casual Waterproof 14 15 16 inch USB Port,Ransel Pria,Abu,tidak_berguna
mafaselsafi,,5,0,2025-07-04T05:31:45,1065420286,,Tas Laptop Backpack Ransel Casual Waterproof 14 15 16 inch USB Port,Ransel Pria,Abu,tidak_berguna
uristiana15,,5,0,2025-07-06T02:21:15,1352384476,,Tas Laptop Backpack Ransel Casual Waterproof 14 15 16 inch USB Port,Ransel Pria,Hitam,tidak_berguna
agungsulaksono104,,5,0,2025-07-06T06:44:03,670009275,,Tas Laptop Backpack Ransel Casual Waterproof 14 15 16 inch USB Port,Ransel Pria,Abu,tidak_berguna
san.san.ka,,5,0,2025-07-09T09:38:00,1173764525,,Tas Laptop Backpack Ransel Casual Waterproof 14 15 16 inch USB Port,Ransel Pria,Abu,tidak_berguna
aliefr.14,,5,0,2025-08-03T07:18:08,101962333,,Tas Laptop Backpack Ransel Casual Waterproof 14 15 16 inch USB Port,Ransel Pria,Abu,tidak_berguna
ramawatiduri842,,5,0,2025-08-03T09:03:05,1406146155,,Tas Laptop Backpack Ransel Casual Waterproof 14 15 16 inch USB Port,Ransel Pria,Abu,tidak_berguna
hasbianoranor,,5,0,2025-08-03T14:08:01,1561187530,,Tas Laptop Backpack Ransel Casual Waterproof 14 15 16 inch USB Port,Ransel Pria,Abu,tidak_berguna
pfadillah,,5,0,2025-08-06T02:46:31,111547450,,Tas Laptop Backpack Ransel Casual Waterproof 14 15 16 inch USB Port,Ransel Pria,Hitam,tidak_berguna
amni080302,,5,0,2025-05-29T04:11:25,298840388,,Tas Laptop Backpack Ransel Casual Waterproof 14 15 16 inch USB Port,Ransel Pria,Hitam,tidak_berguna
naila215xk,,5,0,2025-06-26T09:41:17,1357616720,,Tas Laptop Backpack Ransel Casual Waterproof 14 15 16 inch USB Port,Ransel Pria,Abu,tidak_berguna
fathirwibawa,,5,0,2025-06-27T23:02:23,625221447,,Tas Laptop Backpack Ransel Casual Waterproof 14 15 16 inch USB Port,Ransel Pria,Abu,tidak_berguna
wuvk6m50ta,,5,0,2025-06-28T13:55:46,1414335790,,Tas Laptop Backpack Ransel Casual Waterproof 14 15 16 inch USB Port,Ransel Pria,Abu,tidak_berguna
malviderlena,,5,0,2025-07-10T03:16:58,672752204,,Tas Laptop Backpack Ransel Casual Waterproof 14 15 16 inch USB Port,Ransel Pria,Abu,tidak_berguna
yazidhafizalfaeyza,,5,0,2025-07-12T07:39:50,1065304649,,Tas Laptop Backpack Ransel Casual Waterproof 14 15 16 inch USB Port,Ransel Pria,Abu,tidak_berguna
hauzanalif465,,5,0,2025-07-13T16:02:03,1507857315,,Tas Laptop Backpack Ransel Casual Waterproof 14 15 16 inch USB Port,Ransel Pria,Hitam,tidak_berguna
m*****a,,5,0,2025-07-14T04:12:45,946197580,,Tas Laptop Backpack Ransel Casual Waterproof 14 15 16 inch USB Port,Ransel Pria,Abu,tidak_berguna
zizi.vana22,,5,0,2025-07-12T00:03:44,1209070467,,Tas Laptop Backpack Ransel Casual Waterproof 14 15 16 inch USB Port,Ransel Pria,Hitam,tidak_berguna
_*****w,,5,0,2025-07-15T15:00:28,1534616964,,Tas Laptop Backpack Ransel Casual Waterproof 14 15 16 inch USB Port,Ransel Pria,Hitam,tidak_berguna
g72qnebyyk,,5,0,2025-07-16T10:24:14,1577254353,,Tas Laptop Backpack Ransel Casual Waterproof 14 15 16 inch USB Port,Ransel Pria,Abu,tidak_berguna
b*****p,,5,0,2025-07-18T05:04:58,1018077420,,Tas Laptop Backpack Ransel Casual Waterproof 14 15 16 inch USB Port,Ransel Pria,Abu,tidak_berguna
dimassyahputra460,,5,0,2025-07-13T04:37:21,1149486233,,Tas Laptop Backpack Ransel Casual Waterproof 14 15 16 inch USB Port,Ransel Pria,Hitam,tidak_berguna
resizap,,5,0,2025-07-14T10:02:21,783006873,,Tas Laptop Backpack Ransel Casual Waterproof 14 15 16 inch USB Port,Ransel Pria,Hitam,tidak_berguna
arifai5608,,5,0,2025-07-10T11:54:31,280719702,,Tas Laptop Backpack Ransel Casual Waterproof 14 15 16 inch USB Port,Ransel Pria,Hitam,tidak_berguna
fyvfyfruf,,5,0,2025-08-02T12:21:48,303537586,,Tas Laptop Backpack Ransel Casual Waterproof 14 15 16 inch USB Port,Ransel Pria,Hitam,tidak_berguna
neng.91,,5,0,2025-08-08T06:10:29,1239058377,,Tas Laptop Backpack Ransel Casual Waterproof 14 15 16 inch USB Port,Ransel Pria,Abu,tidak_berguna
t*****o,,5,0,2025-09-10T13:09:32,90356257,,Tas Laptop Backpack Ransel Casual Waterproof 14 15 16 inch USB Port,Ransel Pria,Abu,tidak_berguna
theresa11hillda,,5,0,2025-09-12T16:28:13,1099424277,,Tas Laptop Backpack Ransel Casual Waterproof 14 15 16 inch USB Port,Ransel Pria,Hitam,tidak_berguna
revawista,,5,0,2025-09-26T02:50:54,1294655483,,Tas Laptop Backpack Ransel Casual Waterproof 14 15 16 inch USB Port,Ransel Pria,Hitam,tidak_berguna
hf4gd2bfkz,,5,0,2025-10-03T07:56:25,983322059,,Tas Laptop Backpack Ransel Casual Waterproof 14 15 16 inch USB Port,Ransel Pria,Abu,tidak_berguna
trimulyono329,,5,0,2025-03-03T15:35:42,1219766805,,Tas Laptop Backpack Ransel Casual Waterproof 14 15 16 inch USB Port,Ransel Pria,Hitam,tidak_berguna
wann0329,,5,0,2025-04-18T08:48:23,1343952967,,Tas Laptop Backpack Ransel Casual Waterproof 14 15 16 inch USB Port,Ransel Pria,Hitam,tidak_berguna
enny.08,,5,0,2025-08-08T11:03:49,55842543,,Tas Laptop Backpack Ransel Casual Waterproof 14 15 16 inch USB Port,Ransel Pria,Hitam,tidak_berguna
reyryuu,,5,0,2025-10-11T04:26:02,994444088,,Tas Laptop Backpack Ransel Casual Waterproof 14 15 16 inch USB Port,Ransel Pria,Abu,tidak_berguna
nuriatielinda129,,5,0,2025-10-15T03:39:46,728070005,,Tas Laptop Backpack Ransel Casual Waterproof 14 15 16 inch USB Port,Ransel Pria,Hitam,tidak_berguna
yomibramantio,,4,0,2025-08-25T08:38:30,1435785065,,Tas Laptop Backpack Ransel Casual Waterproof 14 15 16 inch USB Port,Ransel Pria,Hitam,tidak_berguna
dxxyy444,,4,0,2025-08-15T11:10:06,1328734880,,Tas Laptop Backpack Ransel Casual Waterproof 14 15 16 inch USB Port,Ransel Pria,Hitam,tidak_berguna
sikepiting301,,4,0,2025-05-16T16:42:35,612926423,,Tas Laptop Backpack Ransel Casual Waterproof 14 15 16 inch USB Port,Ransel Pria,Hitam,tidak_berguna
anggararifqi28,,4,0,2025-08-12T12:35:03,727444067,,Tas Laptop Backpack Ransel Casual Waterproof 14 15 16 inch USB Port,Ransel Pria,Abu,tidak_berguna
kriatianto2212,,3,0,2025-09-04T04:47:43,196833225,,Tas Laptop Backpack Ransel Casual Waterproof 14 15 16 inch USB Port,Ransel Pria,Hitam,tidak_berguna
