username,comment,rating,likes,create_time,comment_clean,tokens,tokens_count,sentiment,sentiment_confidence,text_len,char_repeat_ratio,token_repeat_ratio,dup_score,mismatch,fake_score,fake_pred
missdyan.shop,"Masya Allah ka, terimakasih sudah Amanah. laptopnya bagus. Harga terjangkau, tapi kondisinya masih Mulus. Cm permasalah hanya tempat utk colok USB aja. Yg sebelah kiri ga konek 22nya tapi sebelah kanan deket charger bisa. 
Tapi serius laptopnya Baguusss",5,316,1765801677,masya allah ka terimakasih sudah amanah laptopnya bagus harga terjangkau tapi kondisinya masih mulus cm permasalah hanya tempat utk colok usb aja yg sebelah kiri ga konek 22nya tapi sebelah kanan deket charger bisa tapi serius laptopnya baguusss,masya allah ka terimakasih sudah amanah laptopnya bagus harga terjangkau tapi kondisinya masih mulus cm permasalah hanya tempat utk colok usb aja yg sebelah kiri ga konek 22nya tapi sebelah kanan deket charger bisa tapi serius laptopnya baguusss,38,positive,0.75,245,0.02040816326530612,0.18421052631578946,0.0,0.0,0.051154672395273895,0
mamased357,"Fitur Terbaik:toshiba leptop bagus merk berkwalitas
Sepadan dengan Harga:bagus leptop nya

Paket sudah sampai boss ku,,, Terima kasih sekali,,, leptop nya bagus,, dan berfungsi dengan baik,,, tidak ada kendala sama sekali,, toko amanah,, alhamdulillah,, senang sekali anak saya,,, untuk kuliah,,, dan untuk belajar anak saya yg satu masih SD klas 5
Yg satunya kuliah S1,,, 
Alhmdulillah,,sudah sampai yg d tunggu,,, 
Trimakasih Shopee
Trima kasih juga seller nya
Juga trima kasih buat mas kurir nya,,, paket di antar dgn selamat",5,93,1765283216,fitur terbaik toshiba leptop bagus merk berkwalitas sepadan dengan harga bagus leptop nya paket sudah sampai boss ku terima kasih sekali leptop nya bagus dan berfungsi dengan baik tidak ada kendala sama sekali toko amanah alhamdulillah senang sekali anak saya untuk kuliah dan untuk belajar anak saya yg satu masih sd klas 5 yg satunya kuliah s1 alhmdulillah sudah sampai yg d tunggu trimakasih shopee trima kasih juga seller nya juga trima kasih buat mas kurir nya paket di antar dgn selamat,fitur terbaik toshiba leptop bagus merk berkwalitas sepadan dengan harga bagus leptop nya paket sudah sampai boss ku terima kasih sekali leptop nya bagus dan berfungsi dengan baik tidak ada kendala sama sekali toko amanah alhamdulillah senang sekali anak saya untuk kuliah dan untuk belajar anak saya yg satu masih sd klas 5 yg satunya kuliah s1 alhmdulillah sudah sampai yg d tunggu trimakasih shopee trima kasih juga seller nya juga trima kasih buat mas kurir nya paket di antar dgn selamat,82,neutral,0.55,492,0.012195121951219513,0.5,0.0,0.0,0.12804878048780488,0
d*****7,"Sepadan dengan Harga:murah tapi bagus. sesuai dengan harga
Fitur Terbaik:packing aman, laptopnya bagus, enak dipakai, fitur lengkap tinggal pakai saja.

penjualnya sangat komunikatif dan bertanggung jawab. gak nyesel deh belanja disini. rekomended",5,29,1755190776,sepadan dengan harga murah tapi bagus sesuai dengan harga fitur terbaik packing aman laptopnya bagus enak dipakai fitur lengkap tinggal pakai saja penjualnya sangat komunikatif dan bertanggung jawab gak nyesel deh belanja disini rekomended,sepadan dengan harga murah tapi bagus sesuai dengan harga fitur terbaik packing aman laptopnya bagus enak dipakai fitur lengkap tinggal pakai saja penjualnya sangat komunikatif dan bertanggung jawab gak nyesel deh belanja disini rekomended,34,positive,0.75,239,0.008368200836820083,0.23529411764705882,0.0,0.0,0.060915579620969725,0
arsha38,"Fitur Terbaik:iya
Sepadan dengan Harga:murah tapi nda murahan

Alhamdulillah barang sudah sampai dengan aman  kurir nya pun baik amanah semua nya aman,yang punya toko ini baik ramah respon nya cepat bahkan ada garansi nya pula,mudah mudahan semua nya baik baik saja dan kalau ada kendala pun yang punya toko siap bertanggung jawab,oke sukses,,sehat selalu buat semua nya,Amin yra",5,42,1753618881,fitur terbaik iya sepadan dengan harga murah tapi nda murahan alhamdulillah barang sudah sampai dengan aman kurir nya pun baik amanah semua nya aman yang punya toko ini baik ramah respon nya cepat bahkan ada garansi nya pula mudah mudahan semua nya baik baik saja dan kalau ada kendala pun yang punya toko siap bertanggung jawab oke sukses sehat selalu buat semua nya amin yra,fitur terbaik iya sepadan dengan harga murah tapi nda murahan alhamdulillah barang sudah sampai dengan aman kurir nya pun baik amanah semua nya aman yang punya toko ini baik ramah respon nya cepat bahkan ada garansi nya pula mudah mudahan semua nya baik baik saja dan kalau ada kendala pun yang punya toko siap bertanggung jawab oke sukses sehat selalu buat semua nya amin yra,65,positive,0.75,376,0.005319148936170213,0.4153846153846154,0.0,0.0,0.1051759410801964,0
ibunita121,"Fitur Terbaik:Sangat Baik
Sepadan dengan Harga:Sangat Baik

Alhamdulillah, fast respons. Di luar dugaan, laptopnya masih mulus banget. Dikasih MOUSE jg. Terima kasih, semoga berkah",5,4,1761934283,fitur terbaik sangat baik sepadan dengan harga sangat baik alhamdulillah fast respons di luar dugaan laptopnya masih mulus banget dikasih mouse jg terima kasih semoga berkah,fitur terbaik sangat baik sepadan dengan harga sangat baik alhamdulillah fast respons di luar dugaan laptopnya masih mulus banget dikasih mouse jg terima kasih semoga berkah,26,neutral,0.55,173,0.011560693641618497,0.15384615384615385,0.0,0.0,0.041351711871943087,0
kasno_familly,"Fitur Terbaik:packing bagus , pengiriman cepat respon pelapak baik
Sepadan dengan Harga:paas dg harga nya

Alhamdulillah paketan laptop nya sudah sampai lebih cepat dari jadwal nya, recommend sekali laptop nya, Semoga bisa digunakan dg sebaik-baik nya untuk kerja dan berkah amiiin ...",5,15,1751688726,fitur terbaik packing bagus pengiriman cepat respon pelapak baik sepadan dengan harga paas dg harga nya alhamdulillah paketan laptop nya sudah sampai lebih cepat dari jadwal nya recommend sekali laptop nya semoga bisa digunakan dg sebaik baik nya untuk kerja dan berkah amiiin,fitur terbaik packing bagus pengiriman cepat respon pelapak baik sepadan dengan harga paas dg harga nya alhamdulillah paketan laptop nya sudah sampai lebih cepat dari jadwal nya recommend sekali laptop nya semoga bisa digunakan dg sebaik baik nya untuk kerja dan berkah amiiin,43,positive,0.75,276,0.018115942028985508,0.3488372093023256,0.0,0.0,0.09173828783282778,0
s*****0,"Alhamdulilah bang laptop mendarat dengan sempurna hanya saja belom di chek keseluruhan, tapi kalau segi luaran udh oke no Lecet, terimakasih sudh mengirim barang dengan kualitas bagus. Semoga selalu sukses dan selalu amanah membantu sesama.",5,27,1754915085,alhamdulilah bang laptop mendarat dengan sempurna hanya saja belom di chek keseluruhan tapi kalau segi luaran udh oke no lecet terimakasih sudh mengirim barang dengan kualitas bagus semoga selalu sukses dan selalu amanah membantu sesama,alhamdulilah bang laptop mendarat dengan sempurna hanya saja belom di chek keseluruhan tapi kalau segi luaran udh oke no lecet terimakasih sudh mengirim barang dengan kualitas bagus semoga selalu sukses dan selalu amanah membantu sesama,35,positive,0.75,236,0.0,0.11428571428571428,0.0,0.0,0.02857142857142857,0
alfatihnur148,"Kondisi Barang:selamt gak ada yg rusak
Kualitas:baik dan normal
Permukaan:mantaf

Trimakasih buat seler suda memilihkan yg terbaik dantrimakasih juga buat kurir yang telah mengantar juga trimakasih buat pihak Shopi 👍👍👍",5,9,1765818672,kondisi barang selamt gak ada yg rusak kualitas baik dan normal permukaan mantaf trimakasih buat seler suda memilihkan yg terbaik dantrimakasih juga buat kurir yang telah mengantar juga trimakasih buat pihak shopi,kondisi barang selamt gak ada yg rusak kualitas baik dan normal permukaan mantaf trimakasih buat seler suda memilihkan yg terbaik dantrimakasih juga buat kurir yang telah mengantar juga trimakasih buat pihak shopi,32,negative,0.75,213,0.004694835680751174,0.28125,0.0,1.0,0.2714862089201878,0
samsuri83,"Kualitas:bagus dan memuaskan
Permukaan:masih mulus
Kondisi:terawat dengan baik

Barang pesanan sudah sampai tujuan sudah di coba cuman minus battreinya saja harus sambil di colok terima kasih kak",5,9,1758810637,kualitas bagus dan memuaskan permukaan masih mulus kondisi terawat dengan baik barang pesanan sudah sampai tujuan sudah di coba cuman minus battreinya saja harus sambil di colok terima kasih kak,kualitas bagus dan memuaskan permukaan masih mulus kondisi terawat dengan baik barang pesanan sudah sampai tujuan sudah di coba cuman minus battreinya saja harus sambil di colok terima kasih kak,30,positive,0.75,194,0.010309278350515464,0.13333333333333333,0.0,0.0,0.0359106529209622,0
jumenap,"Alhamdulilah barangnya sudah nyampe....dengan berfungsi dengan baik..terimakasih banyak...sangat puas beli di toko ini....dan pengirimannya juga cepat....dan mudah"" awet barangnya",5,8,1746675103,alhamdulilah barangnya sudah nyampe dengan berfungsi dengan baik terimakasih banyak sangat puas beli di toko ini dan pengirimannya juga cepat dan mudah awet barangnya,alhamdulilah barangnya sudah nyampe dengan berfungsi dengan baik terimakasih banyak sangat puas beli di toko ini dan pengirimannya juga cepat dan mudah awet barangnya,24,positive,0.75,166,0.006024096385542169,0.25,0.0,0.0,0.06400602409638555,0
kustriana,"Alhamdulilah..barang dah nyampe,pengepakkan barang mantap. Mulus dan berpungsi. Mudah2ab awet danrekomendasi banget. Makasih seller,sophie dan kurir.👍👍",5,13,1749053203,alhamdulilah barang dah nyampe pengepakkan barang mantap mulus dan berpungsi mudah2ab awet danrekomendasi banget makasih seller sophie dan kurir,alhamdulilah barang dah nyampe pengepakkan barang mantap mulus dan berpungsi mudah2ab awet danrekomendasi banget makasih seller sophie dan kurir,19,positive,0.75,144,0.013888888888888888,0.21052631578947367,0.0,0.0,0.05610380116959064,0
ikmahsumbawa,"Kondisi Barang:mulus
Kualitas:kualitas bagus
Permukaan:mulus kenceng walau minus badrai sepadan dgn harga",5,5,1745515354,kondisi barang mulus kualitas kualitas bagus permukaan mulus kenceng walau minus badrai sepadan dgn harga,kondisi barang mulus kualitas kualitas bagus permukaan mulus kenceng walau minus badrai sepadan dgn harga,15,positive,0.75,105,0.009523809523809525,0.26666666666666666,0.0,0.0,0.06904761904761905,0
i*****t,"Kondisi Barang:mulus
Kualitas:seperti baru
Permukaan:mulus kaya pantat bayi

Mantapp jangan ragu, beli ditoko ini pengemasan nya tebel kardusnya.mantaaap buat belajar ngetik .",5,2,1743644696,kondisi barang mulus kualitas seperti baru permukaan mulus kaya pantat bayi mantapp jangan ragu beli ditoko ini pengemasan nya tebel kardusnya mantaaap buat belajar ngetik,kondisi barang mulus kualitas seperti baru permukaan mulus kaya pantat bayi mantapp jangan ragu beli ditoko ini pengemasan nya tebel kardusnya mantaaap buat belajar ngetik,25,neutral,0.55,171,0.023391812865497075,0.08,0.0,0.0,0.02584795321637427,0
acepargaps,"Fitur Terbaik:Baik

Ya Sepadan barang bagus, penjual Amanah👍",5,0,1675323977,fitur terbaik baik ya sepadan barang bagus penjual amanah,fitur terbaik baik ya sepadan barang bagus penjual amanah,9,positive,0.75,57,0.0,0.0,0.0,0.0,0.0,0
bobbyadiputra12,"Barang bagus datang ya tapi yang jadi kendala ya tdk ada tas di dalam deskripsi ada keterangan ada tas ini tidak ada, tapi dpp yang penting mudah2an awet 🙏",4,17,1743844403,barang bagus datang ya tapi yang jadi kendala ya tdk ada tas di dalam deskripsi ada keterangan ada tas ini tidak ada tapi dpp yang penting mudah2an awet,barang bagus datang ya tapi yang jadi kendala ya tdk ada tas di dalam deskripsi ada keterangan ada tas ini tidak ada tapi dpp yang penting mudah2an awet,28,neutral,0.55,152,0.006578947368421052,0.42857142857142855,0.0,0.0,0.1087875939849624,0
8p3cg1a00t,"Fitur Terbaik:bagusss...diluar dugaan
Sepadan dengan Harga:5jt

Bagusss seperti baru",5,5,1739946040,fitur terbaik bagusss diluar dugaan sepadan dengan harga 5jt bagusss seperti baru,fitur terbaik bagusss diluar dugaan sepadan dengan harga 5jt bagusss seperti baru,12,neutral,0.55,81,0.06172839506172839,0.16666666666666666,0.0,0.0,0.05709876543209876,0
ekasarirahayu,"Fitur Terbaik:bagus banget kaya baru

Bagus bangett, pengirimannya juga cepat, respon penjual nya juga baik terimakasih",5,0,1760587241,fitur terbaik bagus banget kaya baru bagus bangett pengirimannya juga cepat respon penjual nya juga baik terimakasih,fitur terbaik bagus banget kaya baru bagus bangett pengirimannya juga cepat respon penjual nya juga baik terimakasih,17,positive,0.75,116,0.017241379310344827,0.23529411764705882,0.0,0.0,0.0631338742393509,0
lumintuslalu,"Kondisi Barang:sangat baik
Kualitas:baik
Permukaan:mulus",5,0,1737269118,kondisi barang sangat baik kualitas baik permukaan mulus,kondisi barang sangat baik kualitas baik permukaan mulus,8,neutral,0.55,56,0.017857142857142856,0.25,0.0,0.0,0.06696428571428571,0
budiekasaputra07,Barang bagus berfungsi dgn baik sepadan dgn harganya,5,1,1715037661,barang bagus berfungsi dgn baik sepadan dgn harganya,barang bagus berfungsi dgn baik sepadan dgn harganya,8,positive,0.75,52,0.0,0.25,0.0,0.0,0.0625,0
f*****8,"Kondisi Barang:mulus banget
Fungsi:bekerja
Permukaan:mulus

Sumpah keren bet harga 700 bisa dapat leptop kek gini, gak apa apa sih kalau cuman minus baterai",5,0,1750614250,kondisi barang mulus banget fungsi bekerja permukaan mulus sumpah keren bet harga 700 bisa dapat leptop kek gini gak apa apa sih kalau cuman minus baterai,kondisi barang mulus banget fungsi bekerja permukaan mulus sumpah keren bet harga 700 bisa dapat leptop kek gini gak apa apa sih kalau cuman minus baterai,26,positive,0.75,154,0.012987012987012988,0.15384615384615385,0.0,0.0,0.04170829170829171,0
m*****a,"Fitur Terbaik:terimakasih , penjual amanah, fungsi normal cuma nge bayang di lcd doang  batre lumayan ,sesuai harg",4,7,1736004227,fitur terbaik terimakasih penjual amanah fungsi normal cuma nge bayang di lcd doang batre lumayan sesuai harg,fitur terbaik terimakasih penjual amanah fungsi normal cuma nge bayang di lcd doang batre lumayan sesuai harg,17,positive,0.75,109,0.0,0.0,0.0,0.0,0.0,0
paulus803,"Battere laptop Acer, sudah saya terima, mudah2an awet. 
Rekomended seller.",5,2,1715262175,battere laptop acer sudah saya terima mudah2an awet rekomended seller,battere laptop acer sudah saya terima mudah2an awet rekomended seller,10,neutral,0.55,69,0.028985507246376812,0.0,0.0,0.0,0.007246376811594203,0
msirajulghoni78,"Kualitas:bagus
Permukaan:lumayan muly
Kondisi:masih bagus

Mudah-mudahan awet dan bermanfaat sudah dipakai 2 hari",5,0,1717243445,kualitas bagus permukaan lumayan muly kondisi masih bagus mudah mudahan awet dan bermanfaat sudah dipakai 2 hari,kualitas bagus permukaan lumayan muly kondisi masih bagus mudah mudahan awet dan bermanfaat sudah dipakai 2 hari,17,positive,0.75,112,0.017857142857142856,0.11764705882352941,0.0,0.0,0.033876050420168065,0
auriyandi,"Pengiriman bener² cepat pesan tgl 1 tgl 3 da sampai,laptop bagus masih mulus tapi layar nya kok ada bercak² hitam",5,4,1744771217,pengiriman bener cepat pesan tgl 1 tgl 3 da sampai laptop bagus masih mulus tapi layar nya kok ada bercak hitam,pengiriman bener cepat pesan tgl 1 tgl 3 da sampai laptop bagus masih mulus tapi layar nya kok ada bercak hitam,21,positive,0.75,111,0.0,0.09523809523809523,0.0,0.0,0.023809523809523808,0
aaa071011,"Fitur Terbaik:kondisi barang baik dan sdh siap pakai, hanya battery sdh lemah.
Sepadan dengan Harga:beda dgn barang yg dikirim

Pesannya merk Acer seharga 1.100.000, knp yg dianter merk Dell seharga 900.000 ?",4,8,1735647992,fitur terbaik kondisi barang baik dan sdh siap pakai hanya battery sdh lemah sepadan dengan harga beda dgn barang yg dikirim pesannya merk acer seharga 1 100 000 knp yg dianter merk dell seharga 900 000,fitur terbaik kondisi barang baik dan sdh siap pakai hanya battery sdh lemah sepadan dengan harga beda dgn barang yg dikirim pesannya merk acer seharga 1 100 000 knp yg dianter merk dell seharga 900 000,36,neutral,0.55,202,0.04455445544554455,0.3333333333333333,0.0,0.0,0.09447194719471946,0
ilyass_maull23,"Kondisi Barang:mulus banget barangnya
Fungsi:berpunysi dengan baik tapi gak tau kalo di pake lama
Permukaan:mulus banget",5,0,1751694398,kondisi barang mulus banget barangnya fungsi berpunysi dengan baik tapi gak tau kalo di pake lama permukaan mulus banget,kondisi barang mulus banget barangnya fungsi berpunysi dengan baik tapi gak tau kalo di pake lama permukaan mulus banget,19,negative,0.75,120,0.008333333333333333,0.21052631578947367,0.0,1.0,0.25471491228070176,0
ar7wt_wfic,,5,3,1750567918,,,1,neutral,0.55,0,0.0,0.0,0.0,0.0,0.6,1
nurlathifahnurlathifah178,"Sepadan dengan Harga:layar nya gerak gerak dalem nya

Dalem nya kadang kadang blur sendiri",4,1,1717105202,sepadan dengan harga layar nya gerak gerak dalem nya dalem nya kadang kadang blur sendiri,sepadan dengan harga layar nya gerak gerak dalem nya dalem nya kadang kadang blur sendiri,15,neutral,0.55,89,0.0,0.6,0.0,0.0,0.15,0
,"Sepadan dengan Harga:lumayan bagus

packing nya rapih bgt,safety tentunya.
barang ok,belum di lihat secara mendalam software nya 
mudah mudahan bagus,bisa langganan",5,2,1717105209,sepadan dengan harga lumayan bagus packing nya rapih bgt safety tentunya barang ok belum di lihat secara mendalam software nya mudah mudahan bagus bisa langganan,sepadan dengan harga lumayan bagus packing nya rapih bgt safety tentunya barang ok belum di lihat secara mendalam software nya mudah mudahan bagus bisa langganan,25,positive,0.75,161,0.006211180124223602,0.16,0.0,0.0,0.041552795031055904,0
alvaronicolashamizan,"Kondisi Barang:mulus
Kualitas:sangat bagus
Permukaan:mantap",5,1,1748959244,kondisi barang mulus kualitas sangat bagus permukaan mantap,kondisi barang mulus kualitas sangat bagus permukaan mantap,8,positive,0.75,59,0.01694915254237288,0.0,0.0,0.0,0.00423728813559322,0
mfi1vjqmj0,,5,0,1747189335,,,1,neutral,0.55,0,0.0,0.0,0.0,0.0,0.6,1
spillbysalsa,Terima kasih barang sudah di trima  dan saya senang,5,1,1739275465,terima kasih barang sudah di trima dan saya senang,terima kasih barang sudah di trima dan saya senang,9,neutral,0.55,50,0.0,0.0,0.0,0.0,0.0,0
nengin315,,5,1,1735648274,,,1,neutral,0.55,0,0.0,0.0,0.0,0.0,0.6,1
sahabatofficial683,"Kualitas:sangat bagus
Permukaan:mulus
Kondisi:second, bagus

Terima kasih  seller, 
Cmn sayang GX bisa download aplikasi k",4,0,1723236414,kualitas sangat bagus permukaan mulus kondisi second bagus terima kasih seller cmn sayang gx bisa download aplikasi k,kualitas sangat bagus permukaan mulus kondisi second bagus terima kasih seller cmn sayang gx bisa download aplikasi k,18,positive,0.75,117,0.017094017094017096,0.1111111111111111,0.0,0.0,0.03205128205128205,0
pbruh__uti,"Kondisi Barang:datang dalam keadaan mulus
Kualitas:sangat bagus
Permukaan:mulus",5,0,1737179425,kondisi barang datang dalam keadaan mulus kualitas sangat bagus permukaan mulus,kondisi barang datang dalam keadaan mulus kualitas sangat bagus permukaan mulus,11,positive,0.75,79,0.02531645569620253,0.18181818181818182,0.0,0.0,0.05178365937859609,0
31f3r4m0ua,,5,1,1734243086,,,1,neutral,0.55,0,0.0,0.0,0.0,0.0,0.6,1
umteh75p2x3r12o682v1301_h2me,"Kondisi Barang:datang dalam keadaan pengepakkan baik namun setelah di buka tutup cd room lepas
Kualitas:bagus
Permukaan:sedikit lecet/benjut di bagian pojok kiri",4,0,1760587355,kondisi barang datang dalam keadaan pengepakkan baik namun setelah di buka tutup cd room lepas kualitas bagus permukaan sedikit lecet benjut di bagian pojok kiri,kondisi barang datang dalam keadaan pengepakkan baik namun setelah di buka tutup cd room lepas kualitas bagus permukaan sedikit lecet benjut di bagian pojok kiri,25,positive,0.75,161,0.024844720496894408,0.08,0.0,0.0,0.026211180124223604,0
,Sangat kecewa pesen mrk acerr dtg mrk hp..pas gto batre gk berpungsi harus di colokin aj casanya,2,6,1744498223,sangat kecewa pesen mrk acerr dtg mrk hp pas gto batre gk berpungsi harus di colokin aj casanya,sangat kecewa pesen mrk acerr dtg mrk hp pas gto batre gk berpungsi harus di colokin aj casanya,18,neutral,0.55,95,0.010526315789473684,0.1111111111111111,0.0,0.0,0.0304093567251462,0
newkomala.audio,,5,0,1734092923,,,1,neutral,0.55,0,0.0,0.0,0.0,0.0,0.6,1
ben.martin,"Fitur Terbaik:bagus
Sepadan dengan Harga:kondisi sesuai dngan harga",4,11,1735648194,fitur terbaik bagus sepadan dengan harga kondisi sesuai dngan harga,fitur terbaik bagus sepadan dengan harga kondisi sesuai dngan harga,10,positive,0.75,67,0.0,0.2,0.0,0.0,0.05,0
sitimutmainah209,"Sepadan dengan Harga:iya
Fitur Terbaik:ok

Sesuai pesanan,second seperti baru,semoga awet meski murah tp gk murahan mkasih seller....",5,0,1706091011,sepadan dengan harga iya fitur terbaik ok sesuai pesanan second seperti baru semoga awet meski murah tp gk murahan mkasih seller,sepadan dengan harga iya fitur terbaik ok sesuai pesanan second seperti baru semoga awet meski murah tp gk murahan mkasih seller,21,positive,0.75,128,0.0078125,0.0,0.0,0.0,0.001953125,0
iwankzonk1985,Terimakasih,5,1,1668903806,terimakasih,terimakasih,1,neutral,0.55,11,0.0,0.0,0.0,0.0,0.2,0
bastiyan_binara,"Kondisi Barang:sangat bagus dan rekomended
Kualitas:buagus
Permukaan:mulus, saya rekomendasi bgt untuk  temen2 yg cari laptop bekas di sini benar2 ternjamin barangnya.",5,0,1743773300,kondisi barang sangat bagus dan rekomended kualitas buagus permukaan mulus saya rekomendasi bgt untuk temen2 yg cari laptop bekas di sini benar2 ternjamin barangnya,kondisi barang sangat bagus dan rekomended kualitas buagus permukaan mulus saya rekomendasi bgt untuk temen2 yg cari laptop bekas di sini benar2 ternjamin barangnya,24,positive,0.75,164,0.006097560975609756,0.0,0.0,0.0,0.001524390243902439,0
dery107,"Fitur Terbaik:Lumayan untuk harga minim

Bagus tidak lemot untuk ukuran RAM 2 GB, namun minus yang saya miliki tombol spasi tidak berfungsi dan batrai lemah jadi harus di colok terus",5,0,1661251076,fitur terbaik lumayan untuk harga minim bagus tidak lemot untuk ukuran ram 2 gb namun minus yang saya miliki tombol spasi tidak berfungsi dan batrai lemah jadi harus di colok terus,fitur terbaik lumayan untuk harga minim bagus tidak lemot untuk ukuran ram 2 gb namun minus yang saya miliki tombol spasi tidak berfungsi dan batrai lemah jadi harus di colok terus,31,neutral,0.55,180,0.0,0.12903225806451613,0.0,0.0,0.03225806451612903,0
dannyyyyyy,Semoga awet,5,0,1727866899,semoga awet,semoga awet,2,neutral,0.55,11,0.0,0.0,0.0,0.0,0.2,0
denyhermawan110990,,5,0,1751196683,,,1,neutral,0.55,0,0.0,0.0,0.0,0.0,0.6,1
ardiguler470,Makasih shoope,5,0,1749902167,makasih shoope,makasih shoope,2,neutral,0.55,14,0.07142857142857142,0.0,0.0,0.0,0.21785714285714286,0
enuzn4,Mulus bagus,5,0,1758544714,mulus bagus,mulus bagus,2,positive,0.75,11,0.0,0.0,0.0,0.0,0.2,0
ngamendirumahaja,Mantul,5,0,1725905641,mantul,mantul,1,neutral,0.55,6,0.0,0.0,0.0,0.0,0.6,1
sultantirtayasa,"Fitur Terbaik:bagus . cuma ada lecet sedikit
Sepadan dengan Harga:sesuai dengan harga segituh",5,0,1683109173,fitur terbaik bagus cuma ada lecet sedikit sepadan dengan harga sesuai dengan harga segituh,fitur terbaik bagus cuma ada lecet sedikit sepadan dengan harga sesuai dengan harga segituh,14,positive,0.75,91,0.0,0.2857142857142857,0.0,0.0,0.07142857142857142,0
zo_store_hago,"Kondisi Barang:ok cuman batrei drop banget
Kualitas:lumayan
Permukaan:ok

bagus cuman berharap dapet merk dell/hp/ acer dapatnya lenovo 🥲 tp ok lah cepet banget datengnya 2 hari padahal estimasi 6 - 7 hari paling lambat ... cuman tolong penjual kalau kita chat jngan yg balas AI ...gak nyambung balesnya",4,0,1747713191,kondisi barang ok cuman batrei drop banget kualitas lumayan permukaan ok bagus cuman berharap dapet merk dell hp acer dapatnya lenovo tp ok lah cepet banget datengnya 2 hari padahal estimasi 6 7 hari paling lambat cuman tolong penjual kalau kita chat jngan yg balas ai gak nyambung balesnya,kondisi barang ok cuman batrei drop banget kualitas lumayan permukaan ok bagus cuman berharap dapet merk dell hp acer dapatnya lenovo tp ok lah cepet banget datengnya 2 hari padahal estimasi 6 7 hari paling lambat cuman tolong penjual kalau kita chat jngan yg balas ai gak nyambung balesnya,49,positive,0.75,290,0.006896551724137931,0.20408163265306123,0.0,0.0,0.05274454609429979,0
7vvg19bg6l,"Kualitas:bagus rapih lagi
Kondisi:lumayan harga sgitu",3,0,1722483870,kualitas bagus rapih lagi kondisi lumayan harga sgitu,kualitas bagus rapih lagi kondisi lumayan harga sgitu,8,positive,0.75,53,0.0,0.0,0.0,0.0,0.0,0
megilang,Mantep lah awalnya si dikira boongan,5,0,1685777235,mantep lah awalnya si dikira boongan,mantep lah awalnya si dikira boongan,6,neutral,0.55,36,0.027777777777777776,0.0,0.0,0.0,0.006944444444444444,0
,"Fitur Terbaik:alhamdulillah

Alhamdulillah.. nyampe juga walau sempat muter2..
Mantap, bocil langsung seneng..
Trimakasih..
Semoga awet dan berkah..
Tambah laris kak..",5,6,1731017049,fitur terbaik alhamdulillah alhamdulillah nyampe juga walau sempat muter2 mantap bocil langsung seneng trimakasih semoga awet dan berkah tambah laris kak,fitur terbaik alhamdulillah alhamdulillah nyampe juga walau sempat muter2 mantap bocil langsung seneng trimakasih semoga awet dan berkah tambah laris kak,21,positive,0.75,153,0.013071895424836602,0.09523809523809523,0.0,0.0,0.027077497665732957,0
hariap12345,"Kualitas:barang mulus dan all semuanya berfungsi, kurir ramah dan sopan, all fitur baik
Permukaan:mulus",5,0,1723278815,kualitas barang mulus dan all semuanya berfungsi kurir ramah dan sopan all fitur baik permukaan mulus,kualitas barang mulus dan all semuanya berfungsi kurir ramah dan sopan all fitur baik permukaan mulus,16,neutral,0.55,101,0.0297029702970297,0.375,0.0,0.0,0.10117574257425743,0
3*****o,"Charger mati tidak berfungsi gmn ini tanggung jawab lahh jadi laptop tidak jalan, di cat gk di bls ",1,2,1749278904,charger mati tidak berfungsi gmn ini tanggung jawab lahh jadi laptop tidak jalan di cat gk di bls,charger mati tidak berfungsi gmn ini tanggung jawab lahh jadi laptop tidak jalan di cat gk di bls,18,negative,0.75,97,0.020618556701030927,0.2222222222222222,0.0,0.0,0.06071019473081329,0
yudieraalfatir,"Alhamdulillah... Batre sudah di terima kemarin. Skrng baru di cek nch, mudah-mudahan Normal dua2'y, pasti order lgi. Mksh Lapak 🙏",5,1,1760587447,alhamdulillah batre sudah di terima kemarin skrng baru di cek nch mudah mudahan normal dua2 y pasti order lgi mksh lapak,alhamdulillah batre sudah di terima kemarin skrng baru di cek nch mudah mudahan normal dua2 y pasti order lgi mksh lapak,21,neutral,0.55,120,0.008333333333333333,0.09523809523809523,0.0,0.0,0.02589285714285714,0
z_na3k4kn4,"Kondisi Barang:layak pakai masih mulus
Kualitas:ok",5,1,1749725661,kondisi barang layak pakai masih mulus kualitas ok,kondisi barang layak pakai masih mulus kualitas ok,8,neutral,0.55,50,0.0,0.0,0.0,0.0,0.0,0
bbx63,"Sepadan dengan Harga:ok

Barang sampai sesuai pesanan hanya baterai drop cuma tahan 1jam.makasih gan.pesannya Acer tapi dikasih dell.. mdh2an gak ada trouble ya",5,0,1667241154,sepadan dengan harga ok barang sampai sesuai pesanan hanya baterai drop cuma tahan 1jam makasih gan pesannya acer tapi dikasih dell mdh2an gak ada trouble ya,sepadan dengan harga ok barang sampai sesuai pesanan hanya baterai drop cuma tahan 1jam makasih gan pesannya acer tapi dikasih dell mdh2an gak ada trouble ya,26,positive,0.75,157,0.012738853503184714,0.0,0.0,0.0,0.0031847133757961785,0
b*****7,"Seller sengaja lama balas chat,ngulur"" waktu biar barang ronsokan dia laku by system.
Katanya laptop ngebut siap pakai minus batre,ga taunya minus banyak, sampai di sini
 keyboard laptop rusak nekan"" terus sampe susah booting ke windows,sama seller di janjikan di kasih ssd windows 10,tapi seller ngirim barang ke alamat yg salah.biar barang yg di kirim kembali ke pengirim.tidak sampai ke alamat saya,(ini hanya trik seller mengulur waktu hati"")",1,1,1756592115,seller sengaja lama balas chat ngulur waktu biar barang ronsokan dia laku by system katanya laptop ngebut siap pakai minus batre ga taunya minus banyak sampai di sini keyboard laptop rusak nekan terus sampe susah booting ke windows sama seller di janjikan di kasih ssd windows 10 tapi seller ngirim barang ke alamat yg salah biar barang yg di kirim kembali ke pengirim tidak sampai ke alamat saya ini hanya trik seller mengulur waktu hati,seller sengaja lama balas chat ngulur waktu biar barang ronsokan dia laku by system katanya laptop ngebut siap pakai minus batre ga taunya minus banyak sampai di sini keyboard laptop rusak nekan terus sampe susah booting ke windows sama seller di janjikan di kasih ssd windows 10 tapi seller ngirim barang ke alamat yg salah biar barang yg di kirim kembali ke pengirim tidak sampai ke alamat saya ini hanya trik seller mengulur waktu hati,75,negative,0.75,438,0.0136986301369863,0.41333333333333333,0.0,0.0,0.10675799086757991,0
ctjgroubtourtravel,Barang sesuai pesanan semoga awet,5,0,1715464979,barang sesuai pesanan semoga awet,barang sesuai pesanan semoga awet,5,positive,0.75,33,0.0,0.0,0.0,0.0,0.0,0
,Kualitas:oke sangat bagus semoga sukses selalu trims.,5,0,1746066262,kualitas oke sangat bagus semoga sukses selalu trims,kualitas oke sangat bagus semoga sukses selalu trims,8,positive,0.75,52,0.0,0.0,0.0,0.0,0.0,0
m*****_,"Kualitas:baik
Permukaan:bagus
Kondisi:kondisi seperti baru",5,0,1722414672,kualitas baik permukaan bagus kondisi kondisi seperti baru,kualitas baik permukaan bagus kondisi kondisi seperti baru,8,positive,0.75,58,0.017241379310344827,0.25,0.0,0.0,0.0668103448275862,0
adi.berno,"Fitur Terbaik:top markotop

Biar bekas. Seperti baru👍👍👍👍",5,0,1707495523,fitur terbaik top markotop biar bekas seperti baru,fitur terbaik top markotop biar bekas seperti baru,8,neutral,0.55,50,0.0,0.0,0.0,0.0,0.0,0
tatangbintarno,CD room TDK BS namun semuanya berfungsi baik,4,0,1719569356,cd room tdk bs namun semuanya berfungsi baik,cd room tdk bs namun semuanya berfungsi baik,8,neutral,0.55,44,0.022727272727272728,0.0,0.0,0.0,0.005681818181818182,0
priyonoutomo168,"Kondisi Barang:sesuai deskripsi
Kualitas:baik
Permukaan:baik",5,0,1727526211,kondisi barang sesuai deskripsi kualitas baik permukaan baik,kondisi barang sesuai deskripsi kualitas baik permukaan baik,8,positive,0.75,60,0.016666666666666666,0.25,0.0,0.0,0.06666666666666667,0
iccanklutfy,Sesuai harga,5,0,1707475727,sesuai harga,sesuai harga,2,positive,0.75,12,0.0,0.0,0.0,0.0,0.2,0
ferryfadli243,Lumayan bagus..semoga awet 😁,5,0,1731476983,lumayan bagus semoga awet,lumayan bagus semoga awet,4,positive,0.75,25,0.0,0.0,0.0,0.0,0.0,0
keedxw9ync,"Fitur Terbaik:Tidak jelek
Sepadan dengan Harga:iya 

Beli ACER yg datang Fujitsu... Titipan teman dan dia nggak mau... Terpaksa beli sendiri",4,0,1668990045,fitur terbaik tidak jelek sepadan dengan harga iya beli acer yg datang fujitsu titipan teman dan dia nggak mau terpaksa beli sendiri,fitur terbaik tidak jelek sepadan dengan harga iya beli acer yg datang fujitsu titipan teman dan dia nggak mau terpaksa beli sendiri,22,negative,0.75,132,0.007575757575757576,0.09090909090909091,0.0,1.0,0.22462121212121214,0
amiruddinamir083,Kualitas:bbbb,5,0,1723105262,kualitas bbbb,kualitas bbbb,2,neutral,0.55,13,0.23076923076923078,0.0,0.0,0.0,0.2576923076923077,0
kenzitristan,,3,0,1737370079,,,1,neutral,0.55,0,0.0,0.0,0.0,0.0,0.6,1
nadi_zmr,"Laptop nya hidup mati terus, kurang puas jadinya..",1,0,1723610727,laptop nya hidup mati terus kurang puas jadinya,laptop nya hidup mati terus kurang puas jadinya,8,neutral,0.55,47,0.0,0.0,0.0,0.0,0.0,0
badawani,"Kondisi Barang:baik
Kualitas:baik
Permukaan:mulus

Minus pada tombol on/off",4,0,1742896422,kondisi barang baik kualitas baik permukaan mulus minus pada tombol on off,kondisi barang baik kualitas baik permukaan mulus minus pada tombol on off,12,neutral,0.55,74,0.02702702702702703,0.16666666666666666,0.0,0.0,0.04842342342342342,0
purnamawatiwati303,"Kondisi Barang:datang
Fungsi:proses
Permukaan:mulus",1,0,1749800170,kondisi barang datang fungsi proses permukaan mulus,kondisi barang datang fungsi proses permukaan mulus,7,neutral,0.55,51,0.0196078431372549,0.0,0.0,0.0,0.004901960784313725,0
rezar0701,Mantap terima kasih seller,4,0,1707664021,mantap terima kasih seller,mantap terima kasih seller,4,positive,0.75,26,0.038461538461538464,0.0,0.0,0.0,0.009615384615384616,0
ridwan_soul,"Kondisi Barang:bagus
Kualitas:sesuai",4,0,1743157737,kondisi barang bagus kualitas sesuai,kondisi barang bagus kualitas sesuai,5,positive,0.75,36,0.0,0.0,0.0,0.0,0.0,0
affanmadu,Kualitas:ok,3,0,1714569226,kualitas ok,kualitas ok,2,neutral,0.55,11,0.0,0.0,0.0,0.0,0.2,0
satirai.x,"Kondisi Barang:bagus tanpa lecet
Kualitas:bagus
Permukaan:mulus lus lus...

Barang sudah di Terima... Paket di bungkus tebal.. Aman sekali dan berfungsi dengan baik... Terima kasih.... Maaf vidio unboxing nya lupa...",5,0,1748606655,kondisi barang bagus tanpa lecet kualitas bagus permukaan mulus lus lus barang sudah di terima paket di bungkus tebal aman sekali dan berfungsi dengan baik terima kasih maaf vidio unboxing nya lupa,kondisi barang bagus tanpa lecet kualitas bagus permukaan mulus lus lus barang sudah di terima paket di bungkus tebal aman sekali dan berfungsi dengan baik terima kasih maaf vidio unboxing nya lupa,32,positive,0.75,197,0.01015228426395939,0.3125,0.0,0.0,0.08066307106598984,0
akbarbaim92,"Permukaan:mulus
Kondisi:terjaga dengan baik

Paket sudah sy Terima, laptop merek axioo masih mulus sudah sy coba bagus sesuai keinginan Terimakasih",5,0,1718513653,permukaan mulus kondisi terjaga dengan baik paket sudah sy terima laptop merek axioo masih mulus sudah sy coba bagus sesuai keinginan terimakasih,permukaan mulus kondisi terjaga dengan baik paket sudah sy terima laptop merek axioo masih mulus sudah sy coba bagus sesuai keinginan terimakasih,22,positive,0.75,145,0.013793103448275862,0.2727272727272727,0.0,0.0,0.07163009404388715,0
rsmzyn,"Kondisi Barang:aman
Kualitas:oke
Permukaan:mulus

berfungsi dengan baik 👍🏻",5,0,1747146488,kondisi barang aman kualitas oke permukaan mulus berfungsi dengan baik,kondisi barang aman kualitas oke permukaan mulus berfungsi dengan baik,10,neutral,0.55,70,0.014285714285714285,0.0,0.0,0.0,0.0035714285714285713,0
a*****8,"chat tokok tidak direspon, ga puas, ganiat bals chat ya gini, cuma pengen laris doang ga mikirin kepuasan pembeli",1,0,1734127603,chat tokok tidak direspon ga puas ganiat bals chat ya gini cuma pengen laris doang ga mikirin kepuasan pembeli,chat tokok tidak direspon ga puas ganiat bals chat ya gini cuma pengen laris doang ga mikirin kepuasan pembeli,19,neutral,0.55,110,0.0,0.21052631578947367,0.0,0.0,0.05263157894736842,0
ariyanti_0786,"Sepadan dengan Harga:bagus
Fitur Terbaik:Bagus

Alhamdulillah mendarat dengan selamat.
lagii di Cek cek Dulu 
Terimakasih",5,3,1735923444,sepadan dengan harga bagus fitur terbaik bagus alhamdulillah mendarat dengan selamat lagii di cek cek dulu terimakasih,sepadan dengan harga bagus fitur terbaik bagus alhamdulillah mendarat dengan selamat lagii di cek cek dulu terimakasih,17,positive,0.75,118,0.01694915254237288,0.35294117647058826,0.0,0.0,0.09247258225324029,0
rojikin_tukangson,Fungsi:mantep muga awet,5,0,1748777676,fungsi mantep muga awet,fungsi mantep muga awet,4,neutral,0.55,23,0.0,0.0,0.0,0.0,0.0,0
afaedhar3,,5,0,1765820037,,,1,neutral,0.55,0,0.0,0.0,0.0,0.0,0.6,1
citrabodyslim,,5,0,1737642151,,,1,neutral,0.55,0,0.0,0.0,0.0,0.0,0.6,1
mnk86,,1,0,1735982201,,,1,neutral,0.55,0,0.0,0.0,0.0,0.0,0.6,1
dwiyantorissyahidsetyono,,5,0,1730245556,,,1,neutral,0.55,0,0.0,0.0,0.0,0.0,0.6,1
manurung_songketgallery,,5,0,1717486696,,,1,neutral,0.55,0,0.0,0.0,0.0,0.0,0.6,1
luckyraihanalwandha,,5,0,1722539693,,,1,neutral,0.55,0,0.0,0.0,0.0,0.0,0.6,1
muhammad_rizki13,,5,0,1716033681,,,1,neutral,0.55,0,0.0,0.0,0.0,0.0,0.6,1
a*****4,,5,0,1717653740,,,1,neutral,0.55,0,0.0,0.0,0.0,0.0,0.6,1
eli.printing,,5,0,1726467633,,,1,neutral,0.55,0,0.0,0.0,0.0,0.0,0.6,1
mr.mukty89,,5,0,1719638104,,,1,neutral,0.55,0,0.0,0.0,0.0,0.0,0.6,1
pangestu123989,,5,0,1707189387,,,1,neutral,0.55,0,0.0,0.0,0.0,0.0,0.6,1
muhamadakrom303,,5,0,1737258601,,,1,neutral,0.55,0,0.0,0.0,0.0,0.0,0.6,1
sukurkurniawan870,,5,0,1736873519,,,1,neutral,0.55,0,0.0,0.0,0.0,0.0,0.6,1
jamaludinkamal75,,5,0,1712413823,,,1,neutral,0.55,0,0.0,0.0,0.0,0.0,0.6,1
6xe8d5yaku,,5,0,1714821257,,,1,neutral,0.55,0,0.0,0.0,0.0,0.0,0.6,1
ar.rohman2580,,5,0,1731406924,,,1,neutral,0.55,0,0.0,0.0,0.0,0.0,0.6,1
dewistapro,,5,0,1735092921,,,1,neutral,0.55,0,0.0,0.0,0.0,0.0,0.6,1
_yu5en8ns1,,5,0,1729229901,,,1,neutral,0.55,0,0.0,0.0,0.0,0.0,0.6,1
nasyek,,5,0,1727949303,,,1,neutral,0.55,0,0.0,0.0,0.0,0.0,0.6,1
smartmediaolshop,,5,0,1713437288,,,1,neutral,0.55,0,0.0,0.0,0.0,0.0,0.6,1
agustendawo,,5,0,1714401483,,,1,neutral,0.55,0,0.0,0.0,0.0,0.0,0.6,1
nonotsaja,,5,0,1715809206,,,1,neutral,0.55,0,0.0,0.0,0.0,0.0,0.6,1
adipwemi,,5,0,1717947322,,,1,neutral,0.55,0,0.0,0.0,0.0,0.0,0.6,1
zaiminmimin,,5,0,1732871282,,,1,neutral,0.55,0,0.0,0.0,0.0,0.0,0.6,1
igustingurahsukmayuda,,5,0,1731325350,,,1,neutral,0.55,0,0.0,0.0,0.0,0.0,0.6,1
beliidrcrush,,5,0,1737894265,,,1,neutral,0.55,0,0.0,0.0,0.0,0.0,0.6,1
endraendra837,,5,0,1738651639,,,1,neutral,0.55,0,0.0,0.0,0.0,0.0,0.6,1
m*****i,,5,0,1739718635,,,1,neutral,0.55,0,0.0,0.0,0.0,0.0,0.6,1
amirullahmkp,,3,0,1713919943,,,1,neutral,0.55,0,0.0,0.0,0.0,0.0,0.6,1
irwansyapokito,,2,0,1737003140,,,1,neutral,0.55,0,0.0,0.0,0.0,0.0,0.6,1
lesymoyy,,2,0,1723528410,,,1,neutral,0.55,0,0.0,0.0,0.0,0.0,0.6,1
donidon603,,2,0,1727616296,,,1,neutral,0.55,0,0.0,0.0,0.0,0.0,0.6,1
0ul9b1vty_,,1,0,1713158166,,,1,neutral,0.55,0,0.0,0.0,0.0,0.0,0.6,1
adihariyono589,,1,0,1716538254,,,1,neutral,0.55,0,0.0,0.0,0.0,0.0,0.6,1
m_325fvz_q,,5,0,1702640480,,,1,neutral,0.55,0,0.0,0.0,0.0,0.0,0.6,1
outfitkuni,,2,1,1711670220,,,1,neutral,0.55,0,0.0,0.0,0.0,0.0,0.6,1
adicitra_part,,5,0,1593601483,,,1,neutral,0.55,0,0.0,0.0,0.0,0.0,0.6,1
s*****n,,4,0,1593090336,,,1,neutral,0.55,0,0.0,0.0,0.0,0.0,0.6,1
ar1fw1d0d0,,5,0,1659949896,,,1,neutral,0.55,0,0.0,0.0,0.0,0.0,0.6,1
s*****2,,5,0,1654704925,,,1,neutral,0.55,0,0.0,0.0,0.0,0.0,0.6,1
will.i.amrl01,,5,0,1657179533,,,1,neutral,0.55,0,0.0,0.0,0.0,0.0,0.6,1
arifcom2,,5,0,1632452192,,,1,neutral,0.55,0,0.0,0.0,0.0,0.0,0.6,1
balibo3105,,5,0,1658134200,,,1,neutral,0.55,0,0.0,0.0,0.0,0.0,0.6,1
f3t33hi1sd,,4,0,1680947798,,,1,neutral,0.55,0,0.0,0.0,0.0,0.0,0.6,1
ervan_putra69,,3,0,1654669733,,,1,neutral,0.55,0,0.0,0.0,0.0,0.0,0.6,1
ambuanastasiatamuina,,5,0,1743388032,,,1,neutral,0.55,0,0.0,0.0,0.0,0.0,0.6,1
fd560iu8at,,5,0,1751010946,,,1,neutral,0.55,0,0.0,0.0,0.0,0.0,0.6,1
sulaiman_alfaruki,,5,0,1751628521,,,1,neutral,0.55,0,0.0,0.0,0.0,0.0,0.6,1
sjo887v18g,,5,0,1754726192,,,1,neutral,0.55,0,0.0,0.0,0.0,0.0,0.6,1
nurjamanzeuby585,,5,0,1760438515,,,1,neutral,0.55,0,0.0,0.0,0.0,0.0,0.6,1
y5pnk48fmn,,4,0,1748952951,,,1,neutral,0.55,0,0.0,0.0,0.0,0.0,0.6,1
bidanyasmila123,,4,0,1745091746,,,1,neutral,0.55,0,0.0,0.0,0.0,0.0,0.6,1
nitamutiasarah,,3,0,1749181783,,,1,neutral,0.55,0,0.0,0.0,0.0,0.0,0.6,1
edi291730,,3,0,1756961931,,,1,neutral,0.55,0,0.0,0.0,0.0,0.0,0.6,1
