username,comment,rating,likes,create_time,comment_clean,tokens,tokens_count
mtakrip,"Paket telah diterima sesuai pesanan, cpu gaming core i5 2 fan RGB, ram 16gb SSD 256gb hd 500gb. Semoga awet dan tidak bermasalah. Terima kasih seller. 👍",5,59,1765883802,paket telah diterima sesuai pesanan cpu gaming core i5 2 fan rgb ram 16gb ssd 256gb hd 500gb semoga awet dan tidak bermasalah terima kasih seller,paket telah diterima sesuai pesanan cpu gaming core i5 2 fan rgb ram 16gb ssd 256gb hd 500gb semoga awet dan tidak bermasalah terima kasih seller,26
stylle_bwx1,"Fungsi:sangat baik
Desain:kerean abiss
Spesifikasi:perfect

Admin fastrepon banget
Semoga semakin laris kak.trimskasih",5,43,1765286294,fungsi sangat baik desain kerean abiss spesifikasi perfect admin fastrepon banget semoga semakin laris kak trimskasih,fungsi sangat baik desain kerean abiss spesifikasi perfect admin fastrepon banget semoga semakin laris kak trimskasih,16
f*****7,CPU Gaming Editing Core i5 RAM 4Gb  + ssd 128Gb. Paket sudah diterima dengan baik. Semoga bermanfaat dan awet. Hanya saja paket file game tidak disertakan..,5,16,1764928228,cpu gaming editing core i5 ram 4gb ssd 128gb paket sudah diterima dengan baik semoga bermanfaat dan awet hanya saja paket file game tidak disertakan,cpu gaming editing core i5 ram 4gb ssd 128gb paket sudah diterima dengan baik semoga bermanfaat dan awet hanya saja paket file game tidak disertakan,25
samuel_fernandez,"Fungsi:ok
Desain:ok
Spesifikasi:core i5

Barang telah sampai dan telah kami terima dengan baik barang sesuai pesanan Sudah Dicoba ya Mantap cepat",5,11,1763446521,fungsi ok desain ok spesifikasi core i5 barang telah sampai dan telah kami terima dengan baik barang sesuai pesanan sudah dicoba ya mantap cepat,fungsi ok desain ok spesifikasi core i5 barang telah sampai dan telah kami terima dengan baik barang sesuai pesanan sudah dicoba ya mantap cepat,24
haydarhamdany,"Desain:sesuai
Fungsi:baik semoga bajk terus
Spesifikasi:sesuai",5,12,1764432488,desain sesuai fungsi baik semoga bajk terus spesifikasi sesuai,desain sesuai fungsi baik semoga bajk terus spesifikasi sesuai,9
y*****y,"Fitur Terbaik:yes
Sepadan dengan Harga:good

Seauai pesanan, casing gaming rgb, motheboard h61 ram 8 gb ssd 256..sesuai diskripsi.. amanah.. Goodjob. Nexttimes bs order lagi.. recomended seller..",5,16,1765838562,fitur terbaik yes sepadan dengan harga good seauai pesanan casing gaming rgb motheboard h61 ram 8 gb ssd 256 sesuai diskripsi amanah goodjob nexttimes bs order lagi recomended seller,fitur terbaik yes sepadan dengan harga good seauai pesanan casing gaming rgb motheboard h61 ram 8 gb ssd 256 sesuai diskripsi amanah goodjob nexttimes bs order lagi recomended seller,29
mg270985,"Barang sudah di Terima dg baik, packing rapi, barang 100% baru dan dapat bonus wifi .. Mantap... Good seller, kedepan nya order lgi di toko ini..",5,22,1764831557,barang sudah di terima dg baik packing rapi barang 100 baru dan dapat bonus wifi mantap good seller kedepan nya order lgi di toko ini,barang sudah di terima dg baik packing rapi barang 100 baru dan dapat bonus wifi mantap good seller kedepan nya order lgi di toko ini,25
nestvape,"Fungsi:berfungsi dengan baik
Desain:menarik

Pengiriman cepat recomend seller mudah 2an Awet",5,27,1765467548,fungsi berfungsi dengan baik desain menarik pengiriman cepat recomend seller mudah 2an awet,fungsi berfungsi dengan baik desain menarik pengiriman cepat recomend seller mudah 2an awet,13
afnancellular,"Desain:mantap
Fungsi:sesuai

Baru sekali order pelayanan ny bagus. Gak nyesel beli di sini fast respon. Makasih kak",5,0,1763440452,desain mantap fungsi sesuai baru sekali order pelayanan ny bagus gak nyesel beli di sini fast respon makasih kak,desain mantap fungsi sesuai baru sekali order pelayanan ny bagus gak nyesel beli di sini fast respon makasih kak,19
zainurialadhim,"Desain:lumayan
Fungsi:baik

Sebenarnya casing dan 4 saya kira seperti di gambar desainnya tapi tidak masalah intinya performa bagus dah sesuai semuanya",5,4,1764546091,desain lumayan fungsi baik sebenarnya casing dan 4 saya kira seperti di gambar desainnya tapi tidak masalah intinya performa bagus dah sesuai semuanya,desain lumayan fungsi baik sebenarnya casing dan 4 saya kira seperti di gambar desainnya tapi tidak masalah intinya performa bagus dah sesuai semuanya,23
o*****v,"Fungsi:berfungsi
Desain:baguss

Sangaaaatttt bagussss mantaappppp rapih dann  cakepppp trimakasihhh sellleeerrr",5,4,1765517682,fungsi berfungsi desain baguss sangaaaatttt bagussss mantaappppp rapih dann cakepppp trimakasihhh sellleeerrr,fungsi berfungsi desain baguss sangaaaatttt bagussss mantaappppp rapih dann cakepppp trimakasihhh sellleeerrr,12
bahrulyahya,"Puas sekali gan, dari bandung ke kediri 3 hari langsung sampai. Produknya tidak mengecewakan 🥰.
Seneng banget, terimakasih",5,5,1764044881,puas sekali gan dari bandung ke kediri 3 hari langsung sampai produknya tidak mengecewakan seneng banget terimakasih,puas sekali gan dari bandung ke kediri 3 hari langsung sampai produknya tidak mengecewakan seneng banget terimakasih,17
azzam_azzan,"Fungsi:beroperasi dengan baik
Desain:desain bagus menarik

Buat game,buat edit vide",5,11,1764259799,fungsi beroperasi dengan baik desain desain bagus menarik buat game buat edit vide,fungsi beroperasi dengan baik desain desain bagus menarik buat game buat edit vide,13
z*****k,"Fungsi:Belum di coba
Desain:Menarik

Work it...kalau di lihat dari packing'nya niat bgt sih..sudah di rakit dengan rapih, box/bungkus juga ikut dibawakan..saya rasa ini amanah 100%, mudah""an no kendala, no minus..buat tokonya lancar terus usahanya 👌",5,13,1764259802,fungsi belum di coba desain menarik work it kalau di lihat dari packing nya niat bgt sih sudah di rakit dengan rapih box bungkus juga ikut dibawakan saya rasa ini amanah 100 mudah an no kendala no minus buat tokonya lancar terus usahanya,fungsi belum di coba desain menarik work it kalau di lihat dari packing nya niat bgt sih sudah di rakit dengan rapih box bungkus juga ikut dibawakan saya rasa ini amanah 100 mudah an no kendala no minus buat tokonya lancar terus usahanya,43
m.irsyadoffial,"Desain:bagus
Fungsi:berkerja sangat baik
Kegunaan:kenceng sesuai deskripsi ya aku older",5,2,1763886335,desain bagus fungsi berkerja sangat baik kegunaan kenceng sesuai deskripsi ya aku older,desain bagus fungsi berkerja sangat baik kegunaan kenceng sesuai deskripsi ya aku older,13
k*****t,"Fungsi:beroperasi dengan baik
Desain:menarik

Sesuai dengan deskripsi semoga awet",5,9,1765208425,fungsi beroperasi dengan baik desain menarik sesuai dengan deskripsi semoga awet,fungsi beroperasi dengan baik desain menarik sesuai dengan deskripsi semoga awet,11
miftah444,"Desain:keren ky aquarium
Fungsi:fast

Baik n cepet ya mudah2 awettttttttttttttttt aja sh",5,2,1763480712,desain keren ky aquarium fungsi fast baik n cepet ya mudah2 awettttttttttttttttt aja sh,desain keren ky aquarium fungsi fast baik n cepet ya mudah2 awettttttttttttttttt aja sh,14
azimaanum,"Fungsi:mantap, tokonya amanah
Desain:pokoknya untung banget kalo belanja ditoko ini
Kegunaan:sangat memuaskan, moga lancar dan barokah, amin",5,4,1763442071,fungsi mantap tokonya amanah desain pokoknya untung banget kalo belanja ditoko ini kegunaan sangat memuaskan moga lancar dan barokah amin,fungsi mantap tokonya amanah desain pokoknya untung banget kalo belanja ditoko ini kegunaan sangat memuaskan moga lancar dan barokah amin,20
z*****8,"Fungsi:sesuai dengan deskripsi
Desain:mini",5,15,1765517716,fungsi sesuai dengan deskripsi desain mini,fungsi sesuai dengan deskripsi desain mini,6
rohmad.imam.saputro,"pelayanan gercep, baik, ramah. fast respon, terbaik pokoke.
sukses selalu om, sehat, lancar, berkah barokah.
matur suwun (Terima kasih)",5,0,1763441506,pelayanan gercep baik ramah fast respon terbaik pokoke sukses selalu om sehat lancar berkah barokah matur suwun terima kasih,pelayanan gercep baik ramah fast respon terbaik pokoke sukses selalu om sehat lancar berkah barokah matur suwun terima kasih,19
c*****x,"Fungsi:work itu banget
Desain:mewah
Spesifikasi:sesuai dengan harapan

Alhamdulillah pesanan saya telah sampai dengan selamat terimakasih seller sesuai dengan deskripsi dan work it 
Buat yg mau beli komputer jangan ragu di toko ini",5,13,1763446259,fungsi work itu banget desain mewah spesifikasi sesuai dengan harapan alhamdulillah pesanan saya telah sampai dengan selamat terimakasih seller sesuai dengan deskripsi dan work it buat yg mau beli komputer jangan ragu di toko ini,fungsi work itu banget desain mewah spesifikasi sesuai dengan harapan alhamdulillah pesanan saya telah sampai dengan selamat terimakasih seller sesuai dengan deskripsi dan work it buat yg mau beli komputer jangan ragu di toko ini,35
ainulyaqin175,Alhamdulillah berfungsi dengan baik pengiriman rapi dan tidak ada kerusakan apa pun amanah,5,0,1764453774,alhamdulillah berfungsi dengan baik pengiriman rapi dan tidak ada kerusakan apa pun amanah,alhamdulillah berfungsi dengan baik pengiriman rapi dan tidak ada kerusakan apa pun amanah,13
angga_wahyudi,"Fungsi:bekerja dngan baik
Desain:menarik

Toko amanah sesuai pesanan",5,2,1764436319,fungsi bekerja dngan baik desain menarik toko amanah sesuai pesanan,fungsi bekerja dngan baik desain menarik toko amanah sesuai pesanan,10
risaalawiah177,"Bagus sesuai harga, sayang bonus doogle wifi nya ga nyala. Tp GPP..",5,2,1763446712,bagus sesuai harga sayang bonus doogle wifi nya ga nyala tp gpp,bagus sesuai harga sayang bonus doogle wifi nya ga nyala tp gpp,12
t*****7,"Fungsi:ok
Desain:bagus
Spesifikasi:lumayan

Belum di tes semoga awet",3,7,1761175118,fungsi ok desain bagus spesifikasi lumayan belum di tes semoga awet,fungsi ok desain bagus spesifikasi lumayan belum di tes semoga awet,11
seahafis,Barang sudah sampai packing rapih pakai kayu tapi belum dicoba semoga bisa nyala,5,5,1765883538,barang sudah sampai packing rapih pakai kayu tapi belum dicoba semoga bisa nyala,barang sudah sampai packing rapih pakai kayu tapi belum dicoba semoga bisa nyala,13
irpan_hatuwe,Mantap. Toko amanah. Packingnya kuat bgt. Smpe  di ambon maluku dengan baik. Rapi.,5,1,1763440369,mantap toko amanah packingnya kuat bgt smpe di ambon maluku dengan baik rapi,mantap toko amanah packingnya kuat bgt smpe di ambon maluku dengan baik rapi,13
benbenzz294,"Fungsi:sangat bagus
Desain:menarik dan esteti

geming editing",5,1,1765592741,fungsi sangat bagus desain menarik dan esteti geming editing,fungsi sangat bagus desain menarik dan esteti geming editing,9
doni.okley,"Fungsi:sesuai
Desain:menarik
Kegunaan:baik

Terima kasih min",5,1,1758692167,fungsi sesuai desain menarik kegunaan baik terima kasih min,fungsi sesuai desain menarik kegunaan baik terima kasih min,9
radhikawidhyalfiansyah,"Desain:ok
Fungsi:sebagai mesti nya
Kegunaan:editing",5,0,1764125291,desain ok fungsi sebagai mesti nya kegunaan editing,desain ok fungsi sebagai mesti nya kegunaan editing,8
nuriel.al.haira,"pesan 2 kipas dapat 1 kipas dan lodingnya tidak bisa, alias tudak bisa di pakai",3,9,1763713699,pesan 2 kipas dapat 1 kipas dan lodingnya tidak bisa alias tudak bisa di pakai,pesan 2 kipas dapat 1 kipas dan lodingnya tidak bisa alias tudak bisa di pakai,15
randyaditya75,"Fungsi:mantap
Desain:Keren.menyala abangku
Kegunaan:GAMING",5,0,1763440432,fungsi mantap desain keren menyala abangku kegunaan gaming,fungsi mantap desain keren menyala abangku kegunaan gaming,8
thalita_fatin,,5,0,1765296895,,nan,1
kasjani22,,5,1,1758895619,,nan,1
auraulda,,5,5,1763446372,,nan,1
farhan15052018,,5,1,1763441114,,nan,1
b*****d,,5,2,1763442185,,nan,1
g*****i,"Desain:kerren
Fungsi:Alhamdulillah selain kipas .. lainnya masih berjalan baik .  sudah seminggu 

Gak ada gamenya .. masih proses nanya .. dideskripsi kataya di instal skaligus.

Kalo game harus request+updatevga ,
Kipas prosesor rusak,daya dinamonya sudah ndak kuat, di fasilitasi ganti, tapi onkir ndak seimbang dengan harga barang.. ",3,5,1765906413,desain kerren fungsi alhamdulillah selain kipas lainnya masih berjalan baik sudah seminggu gak ada gamenya masih proses nanya dideskripsi kataya di instal skaligus kalo game harus request updatevga kipas prosesor rusak daya dinamonya sudah ndak kuat di fasilitasi ganti tapi onkir ndak seimbang dengan harga barang,desain kerren fungsi alhamdulillah selain kipas lainnya masih berjalan baik sudah seminggu gak ada gamenya masih proses nanya dideskripsi kataya di instal skaligus kalo game harus request updatevga kipas prosesor rusak daya dinamonya sudah ndak kuat di fasilitasi ganti tapi onkir ndak seimbang dengan harga barang,46
rahmirobi,"Alhamdulillah masya Alloh tabarakalloh,,hatur nuhun sing awet pisan aamiin",5,1,1763442714,alhamdulillah masya alloh tabarakalloh hatur nuhun sing awet pisan aamiin,alhamdulillah masya alloh tabarakalloh hatur nuhun sing awet pisan aamiin,10
f*****0,"Fungsi:CPU NYA BERFUNGSI DENGAN BAIK
Desain:casing nya bagus",5,2,1763443232,fungsi cpu nya berfungsi dengan baik desain casing nya bagus,fungsi cpu nya berfungsi dengan baik desain casing nya bagus,10
c*****y,,5,1,1763446176,,nan,1
bintangdevelopernbwt,,5,2,1764258991,,nan,1
renzzz777,"Fungsi:blom d coba
Desain:ok mantap
Spesifikasi:ok",5,0,1763446271,fungsi blom d coba desain ok mantap spesifikasi ok,fungsi blom d coba desain ok mantap spesifikasi ok,9
iwannasiri,,5,0,1751288647,,nan,1
khodan83,,5,2,1763441411,,nan,1
musafir_phone,,5,1,1763442065,,nan,1
unding_jonga,,5,0,1764838148,,nan,1
hilman_alrasyid,,5,1,1763441927,,nan,1
n*****l,,5,0,1763441277,,nan,1
i*****r,,5,0,1763443194,,nan,1
sarsitisiti253,Fungsi:bekerja dengan baik,5,0,1763441904,fungsi bekerja dengan baik,fungsi bekerja dengan baik,4
npadiaproject,,5,0,1763441376,,nan,1
endang_margana,,5,2,1759967763,,nan,1
ckr5obt7d3,Alhamdulillah bagus. sesuai. Terima kasih banyak. Semoga awett. Aamiin..,5,1,1763446054,alhamdulillah bagus sesuai terima kasih banyak semoga awett aamiin,alhamdulillah bagus sesuai terima kasih banyak semoga awett aamiin,9
ahmad7170,,5,0,1764454848,,nan,1
00xvlbpzj_,,5,1,1763442556,,nan,1
naomigaming,Fungsi:Seusai harga,5,1,1759203565,fungsi seusai harga,fungsi seusai harga,3
faizawwalu,Kerenn sihh minn tapii cumaa ituu kabell nya yang kurang rapii dikitt,5,0,1763442046,kerenn sihh minn tapii cumaa ituu kabell nya yang kurang rapii dikitt,kerenn sihh minn tapii cumaa ituu kabell nya yang kurang rapii dikitt,12
f*****a,"respon seller cepet....bisa consult via chat
barang sesuai
berfungsi
moga awet",5,0,1763441577,respon seller cepet bisa consult via chat barang sesuai berfungsi moga awet,respon seller cepet bisa consult via chat barang sesuai berfungsi moga awet,12
a_ngongo82,"Fungsi:bekerja dengan baik
Desain:sangat elegan
Kegunaan:sangat berguna untuk macam2 keperluan",5,0,1763443024,fungsi bekerja dengan baik desain sangat elegan kegunaan sangat berguna untuk macam2 keperluan,fungsi bekerja dengan baik desain sangat elegan kegunaan sangat berguna untuk macam2 keperluan,13
ekoimamsutrisno,"warna request putih, yg datang hitam
utk os, msh bisa ditolerir",3,2,1764125048,warna request putih yg datang hitam utk os msh bisa ditolerir,warna request putih yg datang hitam utk os msh bisa ditolerir,11
macihliska,"Fungsi:Normal tidak ada kendala
Desain:Rakitan Rapih
Kegunaan:Cpu Standard ram8gb/ssd512gb/windows10/64bit",5,0,1763441435,fungsi normal tidak ada kendala desain rakitan rapih kegunaan cpu standard ram8gb ssd512gb windows10 64bit,fungsi normal tidak ada kendala desain rakitan rapih kegunaan cpu standard ram8gb ssd512gb windows10 64bit,15
kudapan76,"Fungsi:belom dicoba
Desain:bagus",5,1,1763589051,fungsi belom dicoba desain bagus,fungsi belom dicoba desain bagus,5
_718ui0gvn,"Fungsi:belum dicoba
Desain:bagus",5,0,1747818465,fungsi belum dicoba desain bagus,fungsi belum dicoba desain bagus,5
g*****3,"PC berguna dengan baik, cable management rapih
Puas banget",5,0,1763441552,pc berguna dengan baik cable management rapih puas banget,pc berguna dengan baik cable management rapih puas banget,9
fixedstore8,"Fungsi:baik
Desain:baikk

Awalnya saya ragu krna datang takut rusak ternyata packing super aman pake kayu josss pokoknya..",5,0,1763440351,fungsi baik desain baikk awalnya saya ragu krna datang takut rusak ternyata packing super aman pake kayu josss pokoknya,fungsi baik desain baikk awalnya saya ragu krna datang takut rusak ternyata packing super aman pake kayu josss pokoknya,19
senandunggamers,"Desain:mantap
Fungsi:beroperasi dengan baik, mnatap

semoga awet tahan lama",5,0,1763440483,desain mantap fungsi beroperasi dengan baik mnatap semoga awet tahan lama,desain mantap fungsi beroperasi dengan baik mnatap semoga awet tahan lama,11
kevin_cell_computer,,5,0,1763442546,,nan,1
mur150589,"Fungsi:bekerja dengan baik
Desain:menarik
Kegunaan:sesuai harapan",5,0,1763442818,fungsi bekerja dengan baik desain menarik kegunaan sesuai harapan,fungsi bekerja dengan baik desain menarik kegunaan sesuai harapan,9
rival_du,"Fungsi:aman
Desain:bagus
Kegunaan:aman

Bagus...ada lampunya..wlaupun hitam tetap terlihat cantik ktna ad lampunya..mksih seller..packingan mantap..pake kayu..ngak boong...seller amanah..mksih seller",5,1,1763442264,fungsi aman desain bagus kegunaan aman bagus ada lampunya wlaupun hitam tetap terlihat cantik ktna ad lampunya mksih seller packingan mantap pake kayu ngak boong seller amanah mksih seller,fungsi aman desain bagus kegunaan aman bagus ada lampunya wlaupun hitam tetap terlihat cantik ktna ad lampunya mksih seller packingan mantap pake kayu ngak boong seller amanah mksih seller,29
radja69,,5,0,1764125300,,nan,1
dedeagus014,"Desain:Keren
Kegunaan:satset pengirimannya

Barang sdh sampai , tp blm di cek",5,0,1763440974,desain keren kegunaan satset pengirimannya barang sdh sampai tp blm di cek,desain keren kegunaan satset pengirimannya barang sdh sampai tp blm di cek,12
shalsaa012,Fungsi:berfungsi dengan baik,4,1,1758895577,fungsi berfungsi dengan baik,fungsi berfungsi dengan baik,4
fermyyantotarigan,Fungsi:mantap,5,0,1763441621,fungsi mantap,fungsi mantap,2
sisurya72,"Fungsi:pc
Desain:bagus
Kegunaan:komputer, belum di coba,semoga bagus",5,0,1763442899,fungsi pc desain bagus kegunaan komputer belum di coba semoga bagus,fungsi pc desain bagus kegunaan komputer belum di coba semoga bagus,11
r*****t,"Fungsi:beroperasi dengan baik
Desain:menarik",5,0,1764861932,fungsi beroperasi dengan baik desain menarik,fungsi beroperasi dengan baik desain menarik,6
muhammadfadil25,"Fungsi:bekerja dengan baik
Desain:good condition",5,0,1763442616,fungsi bekerja dengan baik desain good condition,fungsi bekerja dengan baik desain good condition,7
wahyurentalps,Bagus sesuai deskripsi,5,0,1763440539,bagus sesuai deskripsi,bagus sesuai deskripsi,3
biggift,"Desain:ok
Fungsi:ok
Kegunaan:ok

Ok",5,0,1763440486,desain ok fungsi ok kegunaan ok ok,desain ok fungsi ok kegunaan ok ok,7
madinastoree.id,"Kegunaan:pesennya apa datangnya apa,aneh

di deskirpsi softweare udah di instal semua
pas datang cuma ada dua yang buat editing,katanya free file game,satupun aga ada file di dalam pc
emang kagak sesuai deskripsi sama foto produk

giliran di tanya malah suruh baca desakripsi",1,1,1764669852,kegunaan pesennya apa datangnya apa aneh di deskirpsi softweare udah di instal semua pas datang cuma ada dua yang buat editing katanya free file game satupun aga ada file di dalam pc emang kagak sesuai deskripsi sama foto produk giliran di tanya malah suruh baca desakripsi,kegunaan pesennya apa datangnya apa aneh di deskirpsi softweare udah di instal semua pas datang cuma ada dua yang buat editing katanya free file game satupun aga ada file di dalam pc emang kagak sesuai deskripsi sama foto produk giliran di tanya malah suruh baca desakripsi,46
t*****9,,4,1,1763446234,,nan,1
ravennbece,,4,1,1765906430,,nan,1
alii.abdullah,Apk yang di instal tidak sesuai yang ada di deskripsi cuma ada 2 apk,3,0,1764125034,apk yang di instal tidak sesuai yang ada di deskripsi cuma ada 2 apk,apk yang di instal tidak sesuai yang ada di deskripsi cuma ada 2 apk,14
dedeiros,barang bagus,5,0,1765371887,barang bagus,barang bagus,2
h*****2,Gak ad vga nya,1,0,1764124877,gak ad vga nya,gak ad vga nya,4
biancopray,"Berfungsi dengan baik dan bagus, semoga awet dan bisa di pakai jangka panjanh",5,0,1764983348,berfungsi dengan baik dan bagus semoga awet dan bisa di pakai jangka panjanh,berfungsi dengan baik dan bagus semoga awet dan bisa di pakai jangka panjanh,13
a*****n,"Desain:berfungsi normal
Fungsi:bekerja dengan baik
Kegunaan:tinggal upgrade vga card 4G

Untuk digital recording ok sekali",5,0,1764125210,desain berfungsi normal fungsi bekerja dengan baik kegunaan tinggal upgrade vga card 4g untuk digital recording ok sekali,desain berfungsi normal fungsi bekerja dengan baik kegunaan tinggal upgrade vga card 4g untuk digital recording ok sekali,18
winarnobudo,"Fungsi:baik normal
Desain:menarik

Normal, cepat, amanah, 3 unit",5,0,1764293261,fungsi baik normal desain menarik normal cepat amanah 3 unit,fungsi baik normal desain menarik normal cepat amanah 3 unit,10
winarnobudo,"Fungsi:bagus ok
Kegunaan:normal 
Desain:kecil manis, elegan

Sangat baik
Toko Amanah, respon cepat, recomanded....",5,0,1764125252,fungsi bagus ok kegunaan normal desain kecil manis elegan sangat baik toko amanah respon cepat recomanded,fungsi bagus ok kegunaan normal desain kecil manis elegan sangat baik toko amanah respon cepat recomanded,16
adendioz,"Desain:lumayan
Fungsi:baik

Saya ulasa dengan jujur teman teman
Penjual tidak amanah dan tidak jujur kawan saya pesan yang 2 fan / kipasa malah yang dapat cpu standar
Dan lucunya lagi penjual di minta tanggung jawab sekaan tidak mau malah mau di kirim satu saja yang satu alasan nya udah di ganti lamu  LED kan konyol
Kamu yang mau Bali bisa lihat histori chat saya di ulasan",1,2,1765453919,desain lumayan fungsi baik saya ulasa dengan jujur teman teman penjual tidak amanah dan tidak jujur kawan saya pesan yang 2 fan kipasa malah yang dapat cpu standar dan lucunya lagi penjual di minta tanggung jawab sekaan tidak mau malah mau di kirim satu saja yang satu alasan nya udah di ganti lamu led kan konyol kamu yang mau bali bisa lihat histori chat saya di ulasan,desain lumayan fungsi baik saya ulasa dengan jujur teman teman penjual tidak amanah dan tidak jujur kawan saya pesan yang 2 fan kipasa malah yang dapat cpu standar dan lucunya lagi penjual di minta tanggung jawab sekaan tidak mau malah mau di kirim satu saja yang satu alasan nya udah di ganti lamu led kan konyol kamu yang mau bali bisa lihat histori chat saya di ulasan,67
elriobeat,"Sampai di papua selatan,Merauke dengan Keadaan Normal admin Ramah❤️",5,0,1763440213,sampai di papua selatan merauke dengan keadaan normal admin ramah,sampai di papua selatan merauke dengan keadaan normal admin ramah,10
delicestore,"Desain:keren banget
Fungsi:bekerja dengan baik.. no kendala

Selller ramah,,mudah diajak konsultasi.. Produk sesuai iklan..  Rekomendasi seller..
Semoga awet...nex belanja lagi",5,0,1763440461,desain keren banget fungsi bekerja dengan baik no kendala selller ramah mudah diajak konsultasi produk sesuai iklan rekomendasi seller semoga awet nex belanja lagi,desain keren banget fungsi bekerja dengan baik no kendala selller ramah mudah diajak konsultasi produk sesuai iklan rekomendasi seller semoga awet nex belanja lagi,24
nurlel4,"Semuanya lengkap, barang masih bagus... 
Terima kasih Shoppe, trma kasih Kurir",5,0,1763440875,semuanya lengkap barang masih bagus terima kasih shoppe trma kasih kurir,semuanya lengkap barang masih bagus terima kasih shoppe trma kasih kurir,11
firmanbaf08,"Respon toko dan admin cepat, barang tiba dgn baik packingny baik, cuma sayang untuk gameny harus diseting2 dulu gak langsung bisa dimainkan, Secara All okela, thanks untuk tokonya dan shopie",4,0,1763441357,respon toko dan admin cepat barang tiba dgn baik packingny baik cuma sayang untuk gameny harus diseting2 dulu gak langsung bisa dimainkan secara all okela thanks untuk tokonya dan shopie,respon toko dan admin cepat barang tiba dgn baik packingny baik cuma sayang untuk gameny harus diseting2 dulu gak langsung bisa dimainkan secara all okela thanks untuk tokonya dan shopie,30
azzril_15_,"Fungsi:belum dicoba
Desain:keren
Kegunaan:belum di coba masih menunggu monitor nya datang",5,2,1763441403,fungsi belum dicoba desain keren kegunaan belum di coba masih menunggu monitor nya datang,fungsi belum dicoba desain keren kegunaan belum di coba masih menunggu monitor nya datang,14
riandika2113,"Fungsi:Langsung pasang aja.
Desain:Dapat bonus mantap
Kegunaan:Walaupun ada yg benkok bagian case nya masih fungsi",5,1,1763441547,fungsi langsung pasang aja desain dapat bonus mantap kegunaan walaupun ada yg benkok bagian case nya masih fungsi,fungsi langsung pasang aja desain dapat bonus mantap kegunaan walaupun ada yg benkok bagian case nya masih fungsi,18
hokkitabag,"Desain:barang yg datang tidak sesuai pesanan, dikirim model lain, padahal sudah chat sebelumnnya, payahhh untung gk dikirim spek yg standar",1,4,1764125082,desain barang yg datang tidak sesuai pesanan dikirim model lain padahal sudah chat sebelumnnya payahhh untung gk dikirim spek yg standar,desain barang yg datang tidak sesuai pesanan dikirim model lain padahal sudah chat sebelumnnya payahhh untung gk dikirim spek yg standar,21
dmpx1ce84k,"Fungsi:bagus bgt cuman memory agak kendor
Desain:mantap rekomd bgt",5,0,1763442206,fungsi bagus bgt cuman memory agak kendor desain mantap rekomd bgt,fungsi bagus bgt cuman memory agak kendor desain mantap rekomd bgt,11
fartcell9,"Fungsi:dgn baik
Desain:krenlaah mantap
Kegunaan:multi pungsi",5,0,1763442335,fungsi dgn baik desain krenlaah mantap kegunaan multi pungsi,fungsi dgn baik desain krenlaah mantap kegunaan multi pungsi,9
novaopickdevara,"Fungsi:bekerja dengan baik
Desain:bagus

Sesuai harapan..lancar jaya. Nex order lagi di toko ini",5,0,1763446606,fungsi bekerja dengan baik desain bagus sesuai harapan lancar jaya nex order lagi di toko ini,fungsi bekerja dengan baik desain bagus sesuai harapan lancar jaya nex order lagi di toko ini,16
xhlsj2i8jb,"Desain:baik
Fungsi:baik
Spesifikasi:bagus

Bagus sesuai harga",5,2,1763446882,desain baik fungsi baik spesifikasi bagus bagus sesuai harga,desain baik fungsi baik spesifikasi bagus bagus sesuai harga,9
a*****r,,5,0,1765521973,,nan,1
tedyhidayat,"Fungsi:ok
Desain:keren

Sesuai pesanan",4,0,1765717438,fungsi ok desain keren sesuai pesanan,fungsi ok desain keren sesuai pesanan,6
ibraphotostudio,"Desain:lumayan
Fungsi:belum dicoba
Kegunaan:baik",3,0,1764124858,desain lumayan fungsi belum dicoba kegunaan baik,desain lumayan fungsi belum dicoba kegunaan baik,7
freyana48,Desain:cuma salah di warna,4,0,1763440200,desain cuma salah di warna,desain cuma salah di warna,5
aldyjrc,Kondisi normal dan baru,5,0,1763440275,kondisi normal dan baru,kondisi normal dan baru,4
enda_shop,,5,0,1763440299,,nan,1
naenzul687,"Desain:menark
Fungsi:baik

Semoga awet",5,0,1763440493,desain menark fungsi baik semoga awet,desain menark fungsi baik semoga awet,6
khganz,"Desain:unik
Fungsi:bekerja susai fungsinya

Bagus",5,1,1765791855,desain unik fungsi bekerja susai fungsinya bagus,desain unik fungsi bekerja susai fungsinya bagus,7
asepsupri2491,"Fungsi:Ok
Desain:Mewah
Kegunaan:Berfungsi normal",5,0,1763441630,fungsi ok desain mewah kegunaan berfungsi normal,fungsi ok desain mewah kegunaan berfungsi normal,7
surissetiawan12,"Fungsi:normal
Desain:ok
Kegunaan:woke",5,0,1763442273,fungsi normal desain ok kegunaan woke,fungsi normal desain ok kegunaan woke,6
dienk1990,,5,2,1763442321,,nan,1
rizqituahuns,Desain:mantap,5,0,1763446843,desain mantap,desain mantap,2
caccu21,,5,0,1764125233,,nan,1
malikzaki01,,5,0,1764340210,,nan,1
tajudinandy,,5,0,1764397278,,nan,1
rudie266,,5,0,1764839700,,nan,1
rudie266,,5,0,1765279596,,nan,1
rudie266,,5,0,1765371796,,nan,1
nikmahmafnan,,5,0,1747818166,,nan,1
asklinjabar,,5,0,1763439672,,nan,1
tgkfahry,,5,0,1765068340,,nan,1
admdafido,,5,0,1747817905,,nan,1
kurniawan_04,,5,0,1765623483,,nan,1
durrimisbahussurur,,5,0,1765342435,,nan,1
a*****2,,5,0,1765438608,,nan,1
mulyantonur82,,5,0,1764396389,,nan,1
wowojaty,,5,0,1758347377,,nan,1
bang_jarot96,,5,0,1764938958,,nan,1
latif.athaillah,,5,0,1765281066,,nan,1
idasmira,,5,0,1765275630,,nan,1
erwinofficial526,,5,0,1765091706,,nan,1
radio_trirama_931,,5,0,1765114318,,nan,1
yusupsidiqacbt,,5,0,1764493021,,nan,1
ilham3hananto,,5,0,1764392107,,nan,1
o*****q,,5,0,1764125217,,nan,1
devaridik,,5,0,1765685124,,nan,1
rian2114cn,,5,0,1763439652,,nan,1
fermyyantotarigan,,5,0,1764125260,,nan,1
fermyyantotarigan,,5,0,1764125262,,nan,1
wayuuuuuu02,,5,0,1764125266,,nan,1
geri.rahman88,,5,0,1763439741,,nan,1
qyhcr7j343,,5,0,1763439733,,nan,1
16bahar,,4,0,1763439762,,nan,1
eziifahrezii134,,5,0,1747818322,,nan,1
bambangrojalifebriansyah,,5,0,1758347536,,nan,1
r*****1,,5,0,1763439803,,nan,1
dikaa592,,5,0,1763439822,,nan,1
herman83,,5,0,1758347563,,nan,1
aanagusa0101,,5,0,1763440091,,nan,1
nurrohman3444,,4,0,1763439829,,nan,1
akmal.sumadika26,,5,0,1758347624,,nan,1
palem79net,,5,0,1758347629,,nan,1
ephyalba,,5,0,1758347632,,nan,1
nicko2031,,5,0,1758347662,,nan,1
rudie266,,5,0,1763440187,,nan,1
adeherdi011192,,5,0,1763440143,,nan,1
herizuhe93,,4,0,1763440105,,nan,1
n*****o,,5,0,1747819678,,nan,1
ragiezkasa,,5,0,1763440192,,nan,1
halimkarimtwins,,5,0,1763440261,,nan,1
btr.network,,5,0,1763440323,,nan,1
muri0484,,3,0,1764124881,,nan,1
ferryreyz,,5,0,1763440390,,nan,1
g*****1,,5,0,1763440305,,nan,1
masrony1979,,5,0,1763440402,,nan,1
w5ov41i1rt,,5,0,1763440366,,nan,1
dickyriansyahh,,5,0,1763440501,,nan,1
alizidan235,,5,0,1763440529,,nan,1
baladewe_miniatur,,5,0,1763440547,,nan,1
ithooasbanu,,5,0,1763440456,,nan,1
ilhamcell802,,5,0,1763440464,,nan,1
samsudin.cirebon,,5,0,1747820255,,nan,1
rachmadim,,1,0,1764124994,,nan,1
fp9z_d8zfq,,5,0,1763440534,,nan,1
padepokansatriapurnama,,5,0,1763440611,,nan,1
saliembahresy,,5,0,1763440860,,nan,1
rafiash316,,5,0,1763440881,,nan,1
rudie266,,5,0,1763440976,,nan,1
awaludinwindi06,,5,0,1763440895,,nan,1
sesiliatheo23,,5,0,1763440897,,nan,1
mohamadical,,5,0,1763440947,,nan,1
ridwanpanjaya,,5,0,1763440953,,nan,1
satura94,,5,0,1763440992,,nan,1
izumierika150,,5,0,1763441015,,nan,1
rudie266,,5,0,1763441132,,nan,1
imoonimoon179,,5,0,1763441105,,nan,1
a*****k,,5,0,1763441172,,nan,1
a*****k,,5,0,1763441174,,nan,1
rudie266,,5,0,1763441381,,nan,1
qass2yruik,,5,1,1763441391,,nan,1
maktabahnq5,,5,0,1763441462,,nan,1
storehnb700,,5,0,1763441397,,nan,1
fadelsyahbana,,5,0,1763441495,,nan,1
081291043430rey,,5,0,1763441529,,nan,1
.fahrur_rozi,,5,0,1763441538,,nan,1
maulamahda,,5,0,1763441567,,nan,1
topankaswara,,5,0,1763441592,,nan,1
poisedon11,,5,0,1763441594,,nan,1
haris.setyawan22,,5,0,1763441865,,nan,1
alwiwahid1978,,5,0,1763441633,,nan,1
saharudinahmad2,,5,0,1763441991,,nan,1
robykrisnandra,,5,0,1763441654,,nan,1
u___a_rjrb,,5,0,1763441949,,nan,1
rightbangs,,5,0,1763441956,,nan,1
barrulcholis,,5,0,1763442074,,nan,1
hanifikhsan21,,5,0,1763442220,,nan,1
_wawan13,,3,3,1764125087,,nan,1
e6eab254c_,,5,0,1763442145,,nan,1
b*****l,,5,0,1763442200,,nan,1
gudang_printiing,,5,0,1763442252,,nan,1
dafitalifgunawan,,2,1,1764125079,,nan,1
wawan_bionix,,5,0,1763442324,,nan,1
arkha.multimedia.service,,5,0,1763442406,,nan,1
rezaandika8,,5,0,1763442885,,nan,1
ja6di63vgm,,5,0,1763442572,,nan,1
d*****n,,5,0,1763442599,,nan,1
gukw2zcye3,,5,0,1763442627,,nan,1
ifan_a7x,,5,0,1763442651,,nan,1
moehlies14,,5,0,1763443118,,nan,1
fksuop8ghr,,5,0,1763442698,,nan,1
3*****7,,5,0,1763443244,,nan,1
iqbhal007,,5,0,1763442749,,nan,1
masnurshofwan,,5,0,1763446019,,nan,1
misra_maulana,,5,0,1763443108,,nan,1
rijal_fauzi_iskandar,,5,0,1763446035,,nan,1
jihcsten,,5,0,1763445965,,nan,1
mohammadansori905,,5,0,1763446028,,nan,1
rm54799,,5,0,1763446445,,nan,1
sainnudin2caleg,,5,0,1763446126,,nan,1
kevin_cell_computer,,5,0,1763446225,,nan,1
stylle_bwx1,,5,0,1763446622,,nan,1
ignasiadian11._,,5,0,1763446357,,nan,1
nurani123_,,5,0,1763446872,,nan,1
mangswedi,,5,0,1763446478,,nan,1
r*****i,,5,0,1763446685,,nan,1
jayjayjay905,,5,0,1763446803,,nan,1
dextercj483,,5,0,1763446913,,nan,1
