comment,tags,sentiment,is_fake,trust_score
"Sangat di recomended sekali,bagi para kalian yg sedang mencari PC gaming dikarnakan bisa req spek sesuai yg kalian mau. Dan tentunya produk sangat baik,sudah ter instal semua applikasi maupun software kita tinggal pakai saja. Dan untuk penjual pelayanannya sangat ramah sekali dan membantu. Terimakasih",Masalah Penjual,positive,False,97.97
"Desain:Keren
Fungsi:Bekerja dg baik
Spesifikasi:Mantap Sesuai Deskripsi

Dikirim beserta Box part-nya dan Isinya Real sesuai. Part-nya Bukan Kaleng-kaleng , Sempet khawatir Kok Murah takut ada barang yg bekas nya, ternyata semua baru.",Harga Murah,positive,False,98.18
"Fitur Terbaik:PC nya keren
Sepadan dengan Harga:sepadan

PC gamingnya bagus banget, full kipas gaming RGB keren sih. Minta dadakan utk nambah VGA External pun bisa, tinggal WA saja.

Makasih hifi computer, sukses dan berkah selalu",Kualitas Bagus,positive,False,98.72
"Desain:pretty good, andaikan kipas cpu nya menyala tapi gak apa apa
Fungsi:bekerja, sejauh ini cukup bagus, mungkin ada beberapa kesalahan pengguna tapi bisa dibantu toko
Spesifikasi:Ryzen 5 5600g/16gb/256ssd CPU only! keyboard, Mouse, Monitor beli terpisah

Barang datang dengan aman, Rekomendasi sekali dengan PC rakitan ini, jalan tempuh upgrade nya cukup bagus, mungkin yang kurang itu karna motherboard nya Micro ATX jadi hanya satu slot SSD, PSU nya oke aja yang penting pilih pilih ukuran dan pemakaian daya GPU yang mau di beli nanti, yang bikin kaget itu ram nya yang ku kira bakal dapat 8gb ram X2 untuk biar dapat 16 GB ram, ternyata satu stik ram 16gb jadi masih bisa di upgrade ke 32gb ram, untuk yang ingin membeli ingat harus beli ethernet kabel atau gak dongle wifi/bluetooth, selain dari itu gak kecewa beli yang satu ini.",Kualitas Bagus | Direkomendasikan | Masalah Ukuran,neutral,False,66.48
"Desain:terlihat keren dan modern
Fungsi:beroperasi dengan baik
Spesifikasi:sesuai dgn yg di pesan, bisa tanya2

garcep kirim barang, dan balas chat responsive.

Sumbar 7 hari nyampe.",,positive,False,99.46
"Desain:terlihat keren dan modern
Fungsi:bekerja dengan baik sesuai harapan
Spesifikasi:sesuai dengan deskripsi produk

Alhamdullilah puas belanja disini. Seller ramah dan menjawab setiap pertanyaan. Seller juga memberikan beberapa opsi yg sesuai dengan kebutuhan user.

Terimakasih dan semoga laris terus dagangannya",Puas,positive,False,95.75
"Desain:kece gaming kaum mendang-mending
Fungsi:berfungsi baik
Spesifikasi:Ryzen 5 5600G ram 16gb SSD 256gb

Barang kondisi part bagus, baru semua. Respon toko satset untuk konsultasi PC juga gercep. Rekomendasi bgt untuk beli di toko ini. Untuk upgrade selanjutnya aku akan kesini lagi. Terimakasih banyak kak udah dibantu merakit PC perdana aku. Seneng bgt.",Kualitas Bagus | Respon Lambat | Direkomendasikan,positive,False,97.4
"Desain:Bagus Keren
Fungsi:Untuk Fungsi semua berjalan lancar
Spesifikasi:FULLSET SAMSUNG 24 R5 5600G/1TB/32GB

Overlor semua nya bagus ya gak mengecewakan pokok nya, Untuk admin nya juga ramah dan fast respon jika ada pertanyaan
Cocok Buat yg pengen beli pc full set rakitan disini tempat nya
The Bestt!!!!!",Kualitas Bagus | Respon Lambat,positive,False,94.53
"Desain:keren dan modern
Fungsi:bekerrja dengan baik
Spesifikasi:cpu only

Barang udah sampe,sampainya cepat sekali,padahal luar pulau jawa,packing kayu keliatan kuat,awalny takut,retak,eh rupanya aman sekali.
Sesuai yang kita pesan,saran yang mau pesen terutama yg main game,pesen penyimpanaan yg besar,yang lain aman oke,rekomended beli di toko ini
Semoga cpu ny awet dan aman",,positive,False,92.71
"Desain:keren dan mantap di harga segini
Fungsi:bekerja dengan baik

Akhirnya cpu rakitan mendarat dengan aman di sumatera barat. Sudah di tes dan semua berfungsi dengan normal. Recommended seller",Harga,positive,False,86.04
"Desain:sangat-sangat menarik
Spesifikasi:mantul abis
Fitur:terbaik

Paket sampai dengan selamat. 
Packingan super aman. 
Barang sesuai pesanan, sangat bagus & berfungsi dengan sangat baik. 
Seller jg ramah & baik dalam pelayanan. 
Pokoknya the best dah. 👍👍👍👍👍",Kualitas Bagus,positive,False,98.25
"Desain:kondisi part sangat baru
Fungsi:barangnya berfungsi dengan baik
Spesifikasi:sangat bagus

Kalau kalian mau rakit PC saya rekomendasikan di toko ini,,, soalnya saya Uda beli di sini udah 3 bulan barang sampai enggak ada Kendala,,,, Terus saya baru beli VGA di toko lain saya enggak bisa pasang sendiri saya chat admi nya di bantuin sama admin nya sampai bisa pokoknya enggak nyesel beli di sini sekali lagi terima untuk admin nya.ini saya enggak bohong loh,,,, pasti ada yang pikir saya di bayar admin untuk kasih review yang bagus tapi ini enggak sama sekali loh ini beneran saya selaku pembeli",Kualitas Bagus,positive,False,94.1
"Desain:bagus menarik
Fungsi:bekerja dengan baik
Kegunaan:baik lancar jaya jaya jaya",,positive,False,89.14
"Mantab kondisi sparepart baru.. kondisi packing kayu.. kondisi PC aman..
Terimakasih recommended seller..
Next ada rejeki beli sini lagi buat adik",Pengiriman Buruk,positive,False,96.63
"Spesifikasi:sesuai
Desain:mantap

RECOMMENDED SELLER
FAST RESPON
PACKING BAIK

after salesnya luar biasa, menanggapi semua pertanyaan dengan baik",Respon Lambat | Pengiriman Buruk,positive,False,94.58
"Mantap, pembelian kedua ditoko ini, seller komunikatif, aftersales mantap, kualitas pc oke harga terjangkau",Kualitas Buruk | Harga,positive,False,98.85
"Desain:Keren
Fungsi:Bekerja dengan baik
Spesifikasi:AMD Ryzen 5 5600 G, Monitor 24 Inch, SSD 512 GB, RAM 32 GB

Keren banget pc gamingnya, ada kendala juga diatasi memuaskan banget pelayanannya. Next time order lagi😍",Puas,positive,False,95.69
"Desain:unik anak muda banget
Fungsi:okeee banget
Spesifikasi:komplit

Aku seneng banget shoppinh di sini, seller responsive banget, aku nanya2 spek di jawab terus & memberi masukan yg baik. Ah baru kali ini belanja pc serasa belanja baju, mudaaah banget. Thx seller sukses terus yaaa 🙏🏻 berkah insha allah makasih…",,neutral,False,59.46
"Desain:modern
Fungsi:berfungsi dengan baik dan bagus poll
Spesifikasi:hight-end gaming pc

berfungsi dengan normal dan keren pokoknya terimakasih banyak seller, semoga tokonya berkah dan laris manis...Aamiin",Kualitas Bagus,positive,False,87.33
"Desain:keren
Fungsi:sesuai kebutuhan dan permintaan

Maju terussss hificomputer … sukses selalu",,positive,False,84.91
"Desain:menarik design futuristik
Fungsi:mantap lancar jaya sekali

Bagus buat gaming",Kualitas Bagus,positive,False,86.59
"Fungsi:mantap

Order yg paling murah 128gb dikasih bonus hardisk 👍 joss markojoss mantap",Harga Murah,positive,False,85.44
"Desain:menarik dan elegan
Fungsi:berfungsi dengan baik dan normal

Cocok untuk  editing vidio  bermain game dan berselancar dengan cepat 
Pejual ramah dan sangat membatu pembeli kurir cepat",Pengiriman Buruk,positive,False,83.36
"Desain:kerennn
Fungsi:real no fake
Kegunaan:libas libas

paket mendarat dengan aman terimakasih min",Barang Tidak Sesuai,neutral,False,54.51
"Respon admin gercap,pengiriman juga cepat dan ada kabel yang keluar jalur teknisi langsung dateng krmh, toko ini benar"" amanah banget .. semoga makin lancar usaha ya kak.",Respon Lambat,positive,False,95.07
"Produk bagus. Semua dibantu aman, konsultasi enak. Plug n play aja pokoknya",Kualitas Bagus,positive,False,99.18
"Desain:menarik
Fungsi:bekerja baik
Kegunaan:ok

Alhamdulillah... Terimakasih, barang ok.. Amanah, mudah mudahan awet",,neutral,False,53.01
"Desain:keren
Fungsi:sangat baik
Spesifikasi:mantap

Terimakasih",,positive,False,85.18
"Desain:mantap
Fungsi:bagus semua

adminnya ramah, nanya apapun udah pasti di jawab, packing aman banget walaupun bawa sendirian pake motor",Pengiriman Buruk,positive,False,93.29
"Desain:menarik dan modern
Fungsi:barang bekerja dengan baik
Kegunaan:game, desain dan kantor

Penjual amanah, dikirim dengan lengkap sesuai spek yang dipesan, dikemas dengan baik dan aman. Mantap 👍",Masalah Penjual,positive,False,85.56
"Desain:keren
Fungsi:sesuai spek yang dibeli
Pengalaman:lancar tanpa kendala ✨

Makasih, cpt bgt selang sehari udah sampe.",,positive,False,83.63
"Desain:cakep, putih bersih
Fungsi:ngebut, mobo siap upgrade
Kegunaan:multitasking gaming editing

pengalaman pertama beli PC harga jutaan online, PC dateng tinggal colok dan pencet gak pake drama ini itu, beneran tanpa drama..
seller dichat selalu 2menit bales, fast respon..
yang paling gak nyangka, after salesnya topp banget walopun barang sudah sampai bbrpa hari yg lalu, saya minta di instalkan aplikasi, sellernya bersedia dan langsung diambil alih pakai TEAMVIEWER, tanggungjawabnya saya akui jempol 👍👍",Harga | Respon Lambat,neutral,False,55.95
"Sepadan dengan Harga:Mantap dah,,, Puas dgn barangnya, udah d rakit rapih lg penataan kabelnya, softwarenya pun lengkap, Rekomended deh",Puas,positive,False,92.59
"Desain:Bagus
Fungsi:Sangat Baik

barang sesuai sesuai dengan yang dijelaskan, penjualnya jg ramah dan responnya cepat jadi recomend buat kalian yang lagi cari PC",,positive,False,86.77
"mantap sesuai pesanan, seller nya ramah dan amanah.
kalo masih bingung mau beli yang mana..seller nya bisa bantuin kasih rekomendasi yang sesuai budget.",Direkomendasikan,positive,False,81.45
"Desain:good

semuanya baik . sayang bukan windows 11",,neutral,False,62.45
"Desain:menarik dan modern
Fungsi:CPU berjalan dengan lancar admin juga ramah kalo ada pertanyaan",,neutral,False,57.82
"Desain:Menarik
Fungsi:All good condition

Pelayanan nya terbaik, apotik tutup!!
Jgn ragu buat tnya2, cuzz chat admin, ramah dan enak di ajak diskusi, makasih seller mksih shopee",,neutral,False,55.06
"Desain:bagus
Fungsi:bisa lancar & no lag
Kegunaan:u/ kerjaan editing & design

PC paket ryzen 5 5600G, RAM 16GB & sistem SSD NVMe 1TB sy rasa sdh cukup banget, u/ proyek editing video & design, sdh instal aplikasi/ software, hardware ok, msh bisa upgrade peripheral lg, msh tersedia slot kosong. u/ software cuma sketchup yg blm ada (instal). Lain² ok mantap.",,positive,False,81.53
"Desain:keren lednya
Fungsi:bekerja dengan baik

Barang datang cepet juga, rajin banget sampai udah di installin software edit video premiere sama photoshoot. Packingnya pun rapi banget pakai kayu jadi pasti aman ga lecet. Harga barang paling bersaing ! Seneng banget lah pokoknya.",Harga,positive,False,87.04
"Mantap Bosku, sampai dengan selamat, Alhamdulillah sellernya baik banget, sabar banget ngebimbing cara instalasi hardware dan softwarenya. Di ajarin sampe paham. Keren dahh, next order sini lagi Bosku.",,positive,False,89.93
"Desain:kece
Fungsi:fungsional
Spesifikasi:good

Cakep.. mulus, lancar jaya, semua bonusan ada.. thx🙏🏽🙏🏽",,neutral,False,53.58
"Desain:Bagus
Fungsi:Baik
Pengalaman:Mantap

Sesuai dengan Permintaan, terimakasih",,positive,False,86.51
"Desain:keren
Fungsi:baik
Spesifikasi:pas

Mantab keren, sellernya fast respon, kerenlah pokoknya",Respon Lambat,positive,False,91.5
"Fitur Terbaik:Alhamdulillah bagus bgt
Sepadan dengan Harga:worth it

Spec sesuai deskripsi, bagus komputernya dan ringan jalankan kebanyakan aplikasi berat. Seperti ringan sekali jalankan macam-macam aplikasi beratnya. Tokonya sabar dan baik banget menjelaskan pertanyaan saya. Kurir juga baik. Recommended mantap !!!",Kualitas Bagus | Pengiriman Buruk,positive,False,89.5
"Desain:menarik
Fungsi:bagus sesuai spek
Spesifikasi:mantappp dahhhhhh

Gak rugi bro...spek mantap sesuai deskripsi ..besok kalo ad wang beli lagi",Akan Beli Lagi,positive,False,80.48
"Desain:mantap sekali
Fungsi:oke punya, nanti bisa upgrade lagi
Kegunaan:banyak

Sempat takut gara” pengiriman tidak di update”, alhasil alhamdulillah paket sampai dengan utuh 🤣",Pengiriman Buruk,neutral,False,53.58
"Desain:bagus banget lampunya indah
Fungsi:baik
Kegunaan:main game

Bisa main game AAA seperti tomb raider, btw ini compatible juga utk aku tambah gpu seperti rtx 3050. Penjualnya responsif dan pengiriman cepat. Terima kasih banyak dan Sukses selalu ya!",Pengiriman Buruk,positive,False,80.6
"Desain:bagus
Fungsi:sementara di coba
Kegunaan:semoga berfungsi dngan baik",,positive,False,83.54
"Desain:good
Fungsi:normal

Recomended seller deh pokoknya dan biar bintang yg berbicara....
Sukses selalu....",,neutral,False,55.1
"Desain:bagus
Fungsi:editor & game

Jooss pokkny",,positive,False,83.2
"Desain:sangat menarik
Fungsi:beroperasi dengan baik
Kegunaan:belajar

Barang sangat baguss recomend banget dah pokok nya, auto gk nyesel beli di sini, admin ramah minta custom nambah dikit di kirim sesuai request,🙏🙏🙏MANTAP...",,positive,False,82.83
"Desain:menarik
Fungsi:berfungsi dengan normal
Pengalaman:terbaik

Cakep pokoknya belanja di toko ini,dijelasin sampai detail dan bebas request game2 favorit.
Thanks seller",,neutral,False,53.6
Amanah. Respon cepet. Jangan ragu. Mantappp pokoknya,Respon Lambat,neutral,False,55.01
"Spesifikasi:r5 4600
Desain:kece
Fitur:free software

Mantap gercep dan sesuai, enak banget buat discuss dan solutif",,positive,False,86.96
"Desain:RGB mantap
Fungsi:setelah di cek barang normal semua

Overall puas dengan barangnya, walaupun sempet khawatir, karna lama proses pengiriman. Tapi worth it, recomended seller pokoknya.",Puas | Pengiriman Buruk,positive,False,92.57
mendarat sesuai spek pengerjaan pengerjaan cepat pesan di hari yang sama langsung sampai.,,positive,False,87.84
"Desain:bagus
Fungsi:Pas di coba semua nya normal berfungsi dengan baik. 👍",,positive,False,86.59
"Spesifikasi:KEREN PARAH

seller ramah ditanyain selalu jawab the best emng",,positive,False,81.82
"Bagus sekali..sesuai ekspektasi...
Berjalan tanpa kendala..
Pengiriman unit jg sangat aman..
All box part dikirim, baru Dan sesuai spek yg ditampilkan..
Seller sangat komunikatif..
Sangat recommended..👍👍
Thanks seller..",Kualitas Bagus | Pengiriman Buruk,positive,False,80.3
"Mantap , barang original dan instalasi rapih. Admin nya fast respon , walaupun saya pemula tp tetep dipandu sampai bisa semua. Makasih admin , berkah selalu tokonya .",Respon Lambat,positive,False,81.39
"Desain:mewah
Fungsi:bekerja dengan baik
Spesifikasi:sesuai deskripsi

Barang sesuai dengan deskripsi dan seller ramah pengiriman cepat sampai dengan selamat keren pokoe terimakasih shopee dan pelapak jgn ragu beli disini biar bintang yang bicara",Pengiriman Buruk,positive,False,84.87
"Fitur:bagus

paket sampe dengan selamat 😁 terimkasih seller dan kurir",Pengiriman Buruk,positive,False,88.92
"Desain:ciamik....keren
Fungsi:bekerja sesuai dengan pesanan dan yg dimau
Kegunaan:muLti tasking tooL

Recomended seLLer...customer diLayani dgn sabar dan fast respond...packing aman barang keren...anak sy suka dgn hadiah PC nya..thanks dan sukses buat seLLernya...game dan software dikasih banyak...sukses buat seLLer terimakasih banyak",Senang,positive,False,79.84
"Desain:oke
Fungsi:bagus
Spesifikasi:mantap

Recommended nih toko. Jangan ragu belanja disini",,positive,False,81.83
"MANTAP... Pengiriman cepat dikirim dg dus"" nya, brg sesuai deskripsi, lengkap, berfungsi baik, aman dan amanah. Trims,,,yaa...",Pengiriman Buruk,positive,False,83.57
"Desain:bagus
Fungsi:untuk sementara masih aman2 aja

Sesuai deskripsi penjual mantapss",Masalah Penjual,positive,False,81.83
"Seller komunikatif, so far aman berjalan baik pc nya, saya harus beli usb wifi tambahan kelupaan nanya ada wifi built in ga, or request tambahan. Kl di liat dari box2 yg di kirim sepertinya semua baru, semoga seller amanah, makasih seller dan kurir",Pengiriman Buruk,neutral,False,51.02
"Desain:oke mantap keren
Fungsi:alhamdulillah baik
Kegunaan:untuk mencari duit

Untuk pesanan alhamdulillah baik makasi toko semoga lancar terus usahanya ,makasi shopee dan kurir nya .😊",Pengiriman Buruk,positive,False,81.56
"Desain:Sangat Cakep Dan Modern
Fungsi:Bekerja dengan baik
Kegunaan:Untuk pekerjaan sehari - hari

Hifi Computer sangat terjamin...Admin sangat gercep balas pertanya'an, pesanan sangat sesuai tidak ada kekurangan satu pun....luar biasa....",,neutral,False,51.41
"Desain:gaming banget
Fungsi:buat kerja
Kegunaan:untuk kerja sehari-hari

Recommended banget untuk beli di toko ini, so semuanya sesuai permintaan, pengirimannya cepat.",,positive,False,80.22
"Desain:sesuai gambar
Fungsi:sesuai deskripsi

Penjual ramah,, next time kalo mau upgrade pesan disini lagi",Masalah Penjual,positive,False,81.14
"Desain:bagus sudah lengkap+ bonus speaker
Fungsi:bekerja dengan baik
Spesifikasi:normal dan sudah di rakit jadi tinggal pakai.. pkoknya rekomendasi banget ..next kalau butuh lagi mau order lagi",Direkomendasikan,positive,False,82.73
"Desain:moderen keren
Fungsi:beroperasi dengan baik
Pengalaman:sesuai pesanan dan selamat sampai tujuan terima kasih semoga awet. sesuai request",,positive,False,81.29
"Desain:lumayan
Fungsi:cukup oke
Kegunaan:harian

Moga moga an awet",,neutral,False,51.14
"Desain:terlihat keren dan modern
Fungsi:barang bekerja dengan baik

Sesuai pesanan, seller baik. Sllu membantu jika ada pertanyaan",,positive,False,84.36
"Spesifikasi:sesuai
Desain:bagus
Fitur:bagus dan bermanfaat

Rekomendasi beli di toko ini
Pelayanan sangat baik
Respon cepat
Pokoknya terbaik",Direkomendasikan | Respon Lambat,positive,False,84.5
"Desain:kerenn
Fungsi:bekerja dgn baik
Pengalaman:puas brgnya bagus,ori,pelayananya cepat dan ramah next orde lagi",,positive,False,81.85
"Desain:menarik
Fungsi:berfungsi dgn baik..

Paketan PC baru datang...
Di coba PC nya nyala
tp Belum di coba pake monitor...
Karena belum beli monitor,

Chat penjualnya respon nya cepet banget...
Thanks buat penjual nya
",Respon Lambat | Masalah Penjual,neutral,False,50.46
"Desain:Bagus, instalasi hardware nya ok
Fungsi:pc berfungsi dengan baik
Spesifikasi:ok",,positive,False,80.96
"Desain:bagus mantap dah pokonya
Fungsi:bekerja dengan baik

Semua bekerja dengan baik tidak ada kendala,adminnya juga fast respon mantap dah ngak rugi belanja dimari,makasih yaaa",Respon Lambat,positive,False,79.61
"Spesifikasi:best

Pcnya aman tidak ad kendala, datangnya dlam keadaan bagus+mantap, cuma kekurangannya di game battlefield 5 error dan salah game  mafia 2( saya suruh mafia 3), tapii gpp yg penting pcnya aman.",Tidak Berfungsi,positive,False,80.27
"Maaf baru kasih ulasan, testdrive udah seminggu aman dan lancar, recomended seller. Mudah""an awet dan lancar , thanks",,neutral,False,50.93
"Packing rapih, seller  ramah fast respon, pengiriman cepat, semoga awet",Pengiriman Buruk | Respon Lambat,positive,False,81.81
"Desain:Menarik
Fungsi:bekerja dengan baik
Spesifikasi:Sepadan dengan harga

Lumayan lah bagus,cuma di jasa kirim nya agak kurang memuaskan.
Mudah²an awet",Harga | Puas,neutral,False,58.65
"Desain:Keren
Fungsi:bekerja dengan baik
Spesifikasi:1 TB / 64

Mantap dan rekomended banget buat rakit PC, the best lah😉🤙",,positive,False,81.9
"Barang tiba dengan aman dan selamat.. 
Awalnya kipas cuma hidup satu.. Tpi setelah di pandu sama admin nya rupanya ada sdkit kbek yg longgar..dan akhir nya semua nyala.. Lancat jaya
Makasi bnyak buat admin nya 😁🙏

Ini game nya saya yg instal ya min?",,neutral,False,52.69
"Desain:keren
Fungsi:buat kerja
Pengalaman:mantap seller ramah sekali.. ada kendala langsung gercep dibantu.. tq seller",,positive,False,81.07
"Desain:bagus
Fungsi:buat maen game
Kegunaan:ya maen game

adminnya fast respon. di bantu trus kalo nnya",Respon Lambat,positive,False,80.36
"Desain:menarik
Fungsi:baik

Alhamdulillah paket aman sentosa",,neutral,False,51.84
"Respon penjual sangat baik,,packing pengirimannya juga aman,,barang sesuai deskripsi,,sampai saat ini msh aman jaya,,semoga aman seterusnya,,terimakasih…",Respon Lambat | Masalah Penjual,positive,False,80.94
"Desain:menarik
Fungsi:bekerja dengan baik

Jangan ragu rakit pc di toko ini seler ramah sabar fast respown dbest pokok nya",,neutral,False,51.9
"Desain:Sesuai Deskripsi…..
Fungsi:mantap

Sesuai sih, cuma sy kira ram nya 8x8 tpi 16x1 tpi gpp",,positive,False,80.39
"Spesifikasi:sesuai spek

Barang bagus sesuai spek, tapi emang ada yang ga diinfo bisa pilih merk. Walaupun gitu, seller dengan sabar jelasin satu2, untuk layanan saya acungin semua jempol saya deh, malam2 pun tetap dibalasin. Seller tanggung jawab. Oh kartu garansi memang ga ada ya, tp seller bilang garansi sesusai spek, saya percaya aja deh, semoga seller tetap tanggung jawab..oh ya games ga semua bisa jalan ya, banyak yg corrupt juga. Sebaiknya bisa di hapus yg sudah corrupt gan. Biar ga kecelik..tp so far bagus dan tidak menyewakan produk dan layanannya. Bisa dijadikan langgangan",Kualitas Bagus,positive,False,78.65
"Desain:keren barang bagus
Fungsi:bekerja dengan baik",Kualitas Bagus,positive,False,81.9
"Seller nya terbaik. Mau ngarahin semua yg kita belum tau, buat yg baru mau rakit pc mending kesini dah dijamin gabakal pusing sendiri",,neutral,False,51.2
"Mantap, sesuai kebutuhan, selller fast respon, rekomendasi seantero bekasi",Respon Lambat | Direkomendasikan,positive,False,81.73
"Desain:Keren
Fungsi:Bekerja dengan baik

Seller super Responsif, cepat tanggap, meski sibuk tetap bisa kirim instan 👌👍 Respek 👍👍👍",,positive,False,81.8
"Spesifikasi:was wus cepat
Desain:mantap
Fitur:sangat baik

Awal nya ingin mencari PC di kota Bandung yang di market place terkenal bagus dan murah, Saya coba beli di HiFi komputer daerah bekasi ini karena ada fitur seperti ssd nya sdh nvme2, bukan sata seperti di bandung dengan harga relatif sama. 

Walau ada kendala dengan RAM nya penjual salah kirim (16GB tp dikirim yang 8GB) tapi sudah di tukar dengan penjual. 

Penjual ramah, respon cepat, pengiriman juga cepat. Untuk yang gaptek jangan ragu deh beli di sini. No tipu2 pokok nya. 

Oh ya, ada garansi semua part juga loo, mantap reseller, semoga makin sukses dan selalu amanah lapak nya ya 👍",Kualitas Bagus | Harga Murah | Harga | Masalah Penjual | Respon Lambat | Pengiriman Buruk,positive,False,91.25
"Desain:menarik dan memangjakan kamar
Fungsi:barang bekerja dengan baik

speknya sesuai ekspetasi semoga awet ,respon penjual cepat tanggap bagus memuaskan!",Respon Lambat | Masalah Penjual | Kualitas Bagus | Puas,positive,False,81.86
"Desain:casing bagus
Fungsi:beroperasi dengan baik
Pengalaman:pas sampai tidak ada kendala, pengirimannya juga cepat, semoga PC yang ku beli ini awet",Kualitas Bagus,positive,False,81.86
"Desain:bagus banget
Fungsi:bekerja dengan baik lancar jaua
Spesifikasi:sesuai",,positive,False,85.18
"Desain:mantep
Fungsi:mantep, semoga awet
Spesifikasi:mantep",,neutral,False,50.44
"Desain:mantab
Fungsi:sesuai
Spesifikasi:sesuai

Mantab gan .. mudahan awet yak",,positive,False,81.34
Gk salah beli sih 😁,,neutral,False,53.63
"bagus dan mantap.
packing aman, barang mulus no minus",Kualitas Bagus | Pengiriman Buruk,positive,False,81.9
,,neutral,False,11.8
Puas pokoknya ✅,Puas,positive,False,76.99
"Desain:keren
Fungsi:keren
Pengalaman:seller so fast respon,dan tanggal dgn setiap pertanyaan dr kita,overall good",,positive,False,80.95
"Mantap... Sesuai yg diinginkan, cuma game kurang banyak diisikan, tapi penjual sangat respon saat dichat",Masalah Penjual | Respon Lambat,positive,False,81.72
"Desain:bagus
Fungsi:baik
Spesifikasi:sesuai pesanan

Mantaaap",,positive,False,90.79
"Desain:desain keren
Fungsi:cpu lanjar jaya
Spesifikasi:mantap jiwaaaaa",,positive,False,80.32
"Desain:ok
Fungsi:ok
Kegunaan:aman

Sesuaiii dengan deskripsi",,neutral,False,50.84
"Desain:mantab
Fungsi:berfungsi dengan baik
Pengalaman:lancar

sehari sampai,namun game requestan saya ga ada keinstall,tapi aplikasi lengkap",,neutral,False,51.88
,,neutral,False,11.8
,,neutral,False,11.8
"Desain:Keren
Fungsi:Lancar Jaya
Kegunaan:Banyak

Keren, barang packingnya aman, dus part-nya juga disertain, build bagus, dan komunikatif",Kualitas Bagus,positive,False,81.24
"Desain:mantap
Fungsi:Alhamdulillah berfungsi dengan baik
Spesifikasi:it's oke standar

Semoga kedepannya aman² aja 👍🏻, oiya buat jasa kirimnya terlalu lambat juga sempet saya liat packing kayunya ada yg patah². Tpi Alhamdulillahnya barang didalamnya semuanya baik² saja. Respon adminnya juga bagus banget",Pengiriman Buruk | Respon Lambat | Kualitas Bagus,positive,False,81.25
"Otw 1 bulan masih normal jaya  mass,",,neutral,False,53.51
"Desain:bagus
Fungsi:bagus banget
Spesifikasi:mntp

BAGUS BANGET GUYSS",Kualitas Bagus,positive,False,81.9
"Desain:menarik dan modern
Fungsi:bekerja dengan baik
Pengalaman:lancar

Kerennn, pengiriman hujan tapii packing aman",Pengiriman Buruk,neutral,False,51.8
Jan koyo lampu disko. Gari nambahi sound horek. Wkwk,,neutral,False,51.9
Mantap lah,,positive,False,78.61
,,neutral,False,11.42
Pelayanan baik... Semoga awet,,neutral,False,55.18
"Produk sesuai deskripsi dan berfungsi dengan baik.
Sangat recomended...",,positive,False,86.59
Barang sudah sampai dan selamat.. Terimakasih dan sukses selalu,,neutral,False,51.04
"mantap, admin ramah bgt 🫶🏻",,positive,False,81.9
"Desain:oke
Fungsi:bekerja dengan baik
Pengalaman:semoga aman dan awet jangka panjang

Kualitas build-nya solid dan kabel-kabel tertata rapi, menandakan perakitan dilakukan dengan baik dan profesional. Selain itu, dukungan garansi dan layanan after-sales juga memuaskan.
Secara keseluruhan, PC ini memberikan kinerja luar biasa untuk harga yang cukup kompetitif. Cocok untuk pelajar, profesional, atau bahkan kreator konten pemula.",Kualitas Buruk | Puas | Harga,positive,False,82.19
"Udah dipake alhamdulillah sesuai spek yang dikasi, plug n play guys, semua udah disediain sesuai request.
Request aja apapun dilakuin ama yang jual guys.

Sorry fotonya gitu doang, bukan dipake pribadi soalnya.",,positive,False,79.54
"mantap amanah aman terpercayaa, adminnya jg baek best lah",,positive,False,84.96
"Desain:mantap
Fungsi:aman

Barang berfungsi normal aman. Seller responsif",,positive,False,82.28
Bagus toko gercep,Kualitas Bagus,positive,False,85.18
"Desain:kabel powe supply disusun sangat rapih
Fungsi:bekerja dengan baik",,neutral,False,51.85
"terima kasih bos,smoga awet barangnya toko nya makin maju",,neutral,False,56.59
"Desain:baik
Fungsi:ok lancar",,neutral,False,51.9
,,neutral,False,12.45
Godjob,,neutral,False,12.45
,,neutral,False,11.8
"Sesuai spek order, mantap",,positive,False,89.02
Mantap anti lag,,positive,False,76.99
,,neutral,False,11.8
"Desain:kerenn
Fungsi:bekerja dengan mantap

pengiriman cepat,fast respon,kerenlahg pokoknya",Pengiriman Buruk,positive,False,85.11
"Desain:Keren
Fungsi:Berkerja dengan sangat baik

Mantab pokonya",,positive,False,81.9
Berfungsi normal,,neutral,False,51.9
,,neutral,False,11.42
"Desain:secara design tampilan bagus
Fungsi:kurang puas
Kegunaan:komputer sering los sinyal ga masuk harus restart buka folder lemot loading, terakhir not display akhirnya masuk servis ganti ram, pas di cek sama temen yg ngerti ternyata part2 nya yg murah, nyesel deh",Kualitas Bagus | Puas | Harga Murah,positive,False,71.49
Bagus tanpa ada lecet sedikit pun,Kualitas Bagus,positive,False,83.63
"Mantappppp!
Seler responsif🔥",,neutral,False,54.55
Admin fast respon dan produk sesuai 👍🏻,Respon Lambat,positive,False,81.9
"Desain:bagus kereeen..
Fungsi:semuanya berfungsi dengan baik
Pengalaman:lancar Tampa ada kendala..barang sesuai . seller nya juga ramah ..hanya saja request game namung tidak diisi,mungkin lupa,tpi Ndak PP..

Tokonya sangat rekomend 👍",,positive,False,81.76
Makasih barangx udah nyampe. Sukses terus,,neutral,False,51.9
"Desain:oke
Fungsi:oke
Pengalaman:mantap

Barang tiba dengan selamat, aman sentosa, semoga awet 🙏",,positive,False,81.03
,,neutral,False,11.8
"Spec komputer sesuai deskripsi dan PCnya bagus bangeettt, banyak lampu RGBnya. Worth it deh, bakal repeat order lagi pokoknya. Jangan ragu yg mau beli disini😉",Kualitas Bagus,positive,False,79.88
"Desain:keren, rekomended
Fungsi:penggunaan 3 oke aja, yaa semoga awat
Pengalaman:lancar, puass & buat toko nya sukses selalu... Goodluck 😄",,positive,False,81.66
,,neutral,False,11.42
baru di coba semoga awet,,neutral,False,51.9
,,neutral,False,11.42
,,neutral,False,11.42
"Desain:GOOD
Fungsi:GOOD
Spesifikasi:GOOD",,neutral,False,49.66
"Fitur Terbaik:harga bagus dan barangnya asli

Bagus dan sesuai yg dipesan, tapi saya kira sudah di rakit tapi gk apa saya bisa",Kualitas Bagus,positive,False,85.58
mantul,,neutral,False,11.8
"Desain:bagus
Fungsi:bekerja dengan baik
Pengalaman:terasa aman

Sebenarnya sudah minta windows 10 saja,  tapi dikasih windows 11 pro. Ya sudah gpp..  pengiriman cepat. Terima kasih",Pengiriman Buruk,positive,False,80.92
"Desain:bagus
Fungsi:baik
Pengalaman:pemakaian 2 hari sudah oke cuma kipasnya agak brisik, yg lainya sudah oke semoga awet kedepan.",,positive,False,80.73
"Desain:oke
Fungsi:normal baik
Spesifikasi:raiden 5 5600",,neutral,False,51.83
"Desain:keren dan modern
Fungsi:berfungsi semua sesuai diskripsi
Pengalaman:aman tanpa kendala

Alhamdulillah sudah sampai dengan aman tanpa kendala",,positive,False,80.02
,,neutral,False,11.42
,,neutral,False,11.42
"Desain:RGB
Fungsi:Komputer
Spesifikasi:Rygen 5 5600G

Barang bagus aman, sesuai spek, pelayanan bagus, semoga laris manis tokonya",Kualitas Bagus,positive,False,82.92
,,neutral,False,11.42
"Desain:bagus
Fungsi:bagus
Spesifikasi:bagus sesuai

Penjual amanah.,respon admin bagus dan baik .,pertahankan terus insyaAllah toko nya laris kalo seperti ini terus mantap pokoknya .,saya klo beli apa apa teliti sampai ketemu toko ini yg pas dan cocok …pertahnakan insyaAllah jdi langganan klo perlu apa apa lagi …",Masalah Penjual | Kualitas Bagus,positive,False,79.3
"Desain:bagus
Fungsi:berfungsi dengan baik

Barang nya Bagus 🤩🤩, keren pokonya, berfungsi dengan baik.. bisa request juga..
Terima kasih seller 🙏
Semoga berkah 🤲


Cuma di pengiriman aja.. massa di ambil ke tempat gudang sampe di simpen 1 hari di gudang nya 😫😫",Kualitas Bagus | Pengiriman Buruk,positive,False,79.39
,,neutral,False,11.8
mantap,,positive,False,15.07
"Desain:keren
Fungsi:sangat berfungsi maksimal
Spesifikasi:sesuai dengan yang di harapkan

Awalnya ragu beli online sampe cerewet nanya ini itu, ternyata dengan tekat wkwkw akhirnya beli dan sampai dengan selamat Alhamdulillah",,positive,False,79.04
"Desain:keren elegan, ga main"" ngirim barangnya
Fungsi:baik, semoga terus baik
Pengalaman:mantap",,positive,False,81.03
Spesifikasi:good,,neutral,False,51.66
,,neutral,False,11.42
"adminnya fast respon, sesuai keinginan gacorrrr

thanks minnn",Respon Lambat,positive,False,81.28
BAGUSS SANGATTTTTTT,,neutral,False,50.47
"Desain:menarik
Fungsi:semoga awet
Pengalaman:semoga awet",,neutral,False,51.61
,,neutral,False,11.42
,,neutral,False,11.42
,,neutral,False,12.14
,,neutral,False,11.42
Mantapp,,neutral,False,11.55
,,neutral,False,11.42
"Aaaa ini bagusss banget siiii. Awalnya agak takut beli online, tapi sellernya responsif dan disini pengemasan dan pengirimannya cepet banget. Butuh cepet dan ga sempat ke toko langsung, sehari sudahh sampai di rumah.

Thank youuu Hifi Computer, semogaaa sukses dan berkah selalu aamiinn",,neutral,False,49.06
"Desain:keren bgt
Fungsi:untuk editing aman kok
Kegunaan:komputer

Makasih gan brgnya smp dg aman dan bagus bgt yaa.. 
Rekomend bgt yaa
Maaf mau video tp. Komputernya di sana",Kualitas Bagus,positive,False,80.32
"Desain:ok
Fungsi:ok
Spesifikasi:ok

Ok sippp.... Barang sesuai pesanan.... Sippp... Cuma ada yg agak gimana, kirain Vga terpisah, ternyata gabung sama procesor toh. Baru tau aku. Motogp kirain udah di instal tinggal pake. Ternyata.....",,positive,False,78.19
,,neutral,False,11.42
"Desain:mantaap
Fungsi:baik sekali

Memuaskan dan recomended",Puas,neutral,False,51.84
"Desain:keren
Fungsi:beroperasi dengan baik
Pengalaman:aman mantap pokoknya",,positive,False,81.9
"Mantap semua baru dan bergaransi resmi, recommended 🤙",,positive,False,81.78
"Desain:Sangat Bagus
Fungsi:Bekerja dengan sangat baik
Pengalaman:Sangat Bagus

Pengiriman yg sangat aman..packing kayu...pokoknya 1000% aman🙏🎉🎉🎉",Kualitas Bagus | Pengiriman Buruk,positive,False,79.36
"Good respon by admin, selama pemasangan dibimbing. Big thanks!!",Respon Lambat,neutral,False,51.84
"Desain:menarik
Fungsi:sesuai

Sangat memuaskan,semoga sakinah mawadah warohmah aamiin yra",,positive,False,77.77
"Desain:BAGUS
Fungsi:bekerja dengan baik
Spesifikasi:5600G 32GB 256GB

BAGUSS INI STORE PENJUAL RESPONSIF JUGA BESTT",Masalah Penjual,positive,False,83.46
"Desain:detail apik
Fungsi:bekerja dengan baik sesuai harpaan
Spesifikasi:Game dan Grafis

Recommended seller! Quick respon! Top!!",Respon Lambat,positive,False,79.85
"Desain:bagus
Fungsi:baik
Pengalaman:adminnya fast respom ramah banget 🙏🙏🙏🙏😹",,positive,False,81.81
bagus banget rekomended buat kalian yang mau nyari PC,Kualitas Bagus,positive,False,80.0
"Produk bagus
Pengiriman cepat",Kualitas Bagus | Pengiriman Buruk,positive,False,86.59
"Sepadan dengan Harga:bagus banget

jangan ragu beli disini owner ramah keren poll 🤩 bner"" wort it !!!",,positive,False,93.9
"Sudah dicoba berfungsi,,, mudah mudahan awet,,, terima kasih seller atas kerjasama nya",,neutral,False,49.95
"Sampai dengan aman, recomend banget adminya fast response kalo d chat, barang bagus aman terkendali",Kualitas Bagus,positive,False,79.2
"Desain:ok
Fungsi:normal
Pengalaman:Sejauh ini aman kalau ada kendala bisa tanya² sama adminnya

Mantab",,neutral,False,51.86
"Desain:Kece
Fungsi:Bekerja dengan baik sesuai dengan deskripsi
Kegunaan:Worth it buat game berat

Semoga awet, buat kalian yg lagi nyari Komputer Rakitan. Disini tempatnya 😌😉",,positive,False,80.92
,,neutral,False,11.8
"Desain:lbih baik tidak rgb
Fungsi:sangat baik sesuai spesifikasi

semoga awet",,neutral,False,52.96
"Pengiriman cepat, aman karena packing, respon seller secepat kilat ..barang sesuai spesifikasi",Pengiriman Buruk | Respon Lambat,positive,False,79.93
"Desain:Keren dan modern
Fungsi:Berfungsi dengan baik
Spesifikasi:Mantab

Packing rapi dan aman, 
Tampilan OK, Belanja disini tidak kecewa 
Semoga semakin banyak pelanggannya",Pengiriman Buruk,positive,False,83.03
"Spek nya ga main² sih ,puas kali belanja di toko ini ,mudah²an lah awet barang nya 
Buat klen yang mau beli ,gausah ragu ,cukup bintang aja yang berbicara 😉",Puas,positive,False,79.17
,,neutral,False,11.42
,,neutral,False,11.42
Okelah lumayan,,neutral,False,48.79
aman dan bisa di percaya terimakasih,,neutral,False,51.9
,,neutral,False,11.42
"Desain:keren dan modern
Fungsi:bekerja dengan sangat baiik
Spesifikasi:amd ryzen 4600

Performa mantappp, seller ramah dan baik hati",,positive,False,81.05
,,neutral,False,11.42
Alhamdulillah amannnn.....kerenn mantep deh pokoknya,,neutral,False,51.5
"Desain:keren banget
Fungsi:sesuai
Spesifikasi:mantap

Mudah mudahan awet , sukses min
Blm tw klu penggunaan jgka panjang,klu untuk sementara aman",,positive,False,79.37
"Desain:pengiriman rapih
Fungsi:barang baguss n sesuai deskripsi

Respon baguss banget,admin nya ramah dan sangat membantu...",Respon Lambat,positive,False,81.12
"Sudah disetting dan semua berfungsi dengan baik
Terima kasih yaaaaa",,neutral,False,49.72
,,neutral,False,11.42
"Mantap sih, kualitas joss,packingnya juga mantap,seller juga respon cepatt waktu di chat,tanya2 juga dijelasin.",Kualitas Buruk | Respon Lambat,positive,False,78.07
"Desain:lumayan
Fungsi:bisa nyala, belm di coba untuk game dan pengerjaan lainnya
Spesifikasi:pas sesuai pesanan",,positive,False,79.89
"Desain:Sangad modern dan rapi
Fungsi:Berfungsi dengan baik sesuai dengan spek
Pengalaman:Mudah sekali tinggal pake

Toko yang amanah, semua yang dikirim sesui spek",,positive,False,80.39
baru ngasih penilaian setelah di tes dan cek beberapa hari. mantapp!,,neutral,False,49.94
"Desain:paking baik
Fungsi:baik
Pengalaman:sayangnya di instalnya ps cs bukang yang lebih tinggi nya yg bisa bisa do spek pesanan",Layanan Customer Service,neutral,False,51.17
"Sudah sebulan pemakaian tidak ada kendala, semuanya produk bagus (  ¯꒳​¯ )b",Kualitas Bagus,neutral,False,53.63
Alhamdulillah paketnya nympe jugaa 😭 Kaka nya baik bangtt gercep  sumpah sabar bngt krna kendala pengirimann. makasih bngtt smoga awet ya 🩷🩷 jgn ragu beli dsni guyss,,neutral,False,51.76
"Barang mendarat dengan mulus no minus"", penjualnya ramah. Dijamin ga mengecewakan 🥰",,negative,False,18.8
"Desain:Bagus
Fungsi:Bagus

Bagus walaupun ga sesuai ekspektasi untuk jualan soalnya :) sisanya mantap pelayanan juga okkke",Kualitas Bagus,positive,False,78.84
,,neutral,False,11.8
,,neutral,False,11.42
"Packing aman, barang sampai dengan selamat.
Seller responsif dan ramah.",Pengiriman Buruk,neutral,False,51.85
"Barang maknyuz, seller gercep, super fast response
Recommended",,positive,False,81.7
"Desain:ok
Fungsi:bagus",,positive,False,81.9
"Spesifikasi:amd R5 5600g
Fitur:bagus
Fungsi:bekerja dengan baik",,positive,False,79.9
"Mantapp PC nya,, aku lupa request game😂",,neutral,False,49.9
,,neutral,False,11.42
"Desain:bagus
Fungsi:normal jaya
Spesifikasi:ok pas sesuai

Keren ok mantap pecking aman",,positive,False,79.14
"Fitur Terbaik:Produk sesuai dengan permingaan
Sepadan dengan Harga:Sepadan dengan harga

Seller ramah, produk sesuai dengan pesanan, pengiriman cepat. Recommended.",Harga | Pengiriman Buruk,positive,False,76.46
Sesuai ekspetasi,,positive,False,80.0
Berfungsi dengan baik,,neutral,False,51.9
Mantap,,positive,False,15.07
"Desain:menarik dan modern
Fungsi:bekerja dengan baik sesuai deskripsi",,positive,False,80.0
Tooooopppp markotobbbb,,neutral,False,48.3
Barang bagus banget 1000 persen... Keren... Mantap... Cuma aku sih telat di jasa kirim nya... Btw jgn pake si cepat ya kalo mo c.o ... Lama ke daerah Sukabumi soalnya,Kualitas Bagus,positive,False,81.82
Toppp,,neutral,False,9.5
"Desain:bagus banget keren, rekomen bngt
Fungsi:bekerja dengan baik
Spesifikasi:memuaskan",Direkomendasikan,positive,False,81.9
Kereeen,,neutral,False,9.93
Fitur Terbaik:barang mendarat dengan selamat terima kasih,,neutral,False,50.0
"Desain:oke
Fungsi:bekerja dengan baik
Spesifikasi:ok",,neutral,False,50.0
,,neutral,False,11.42
"Barang nya sesuai harapan dan berfungsi dengan baik, seller nya ramah enak d ajak konsultasi mau gimana pun bisa, nanti kalau upgrade mau kesini lagi, thanks seller",,positive,False,78.59
"ga lemot, enak buat mainn, rekomen beli disini ",Direkomendasikan,neutral,False,49.91
Fitur baik sesuai spesifikasi mantull,,positive,False,79.84
Tak sesuai di gambar... sdh chat minta sesuai di gambar sesuai yg ada kipas prosesor rgb.  Sdh ada penilaiaan org lain yg beli dan sesuai gambar.,,positive,False,81.3
"Pokoknya Ga nyesel beli di sini, siang order malam sampai",,neutral,False,50.0
"Tidak diragukan bro sist , langsung saja order overal bagus semua"" nya. Admin baik responsif banyak membantu. Barang juga oke bismilah semuanya awet 🙏 honest reviews dari aku yaa👍👍👍👍",Kualitas Bagus,neutral,False,51.88
"Awalnya sempat ragu mau beli di sini, ehh ternyata keraguannya hilang saat paket datang, sesuai banget dengan ekspektasi, adminnya fast respon, box2 komponen dikirim semua, paket datang tinggal colok, tinggal main deh.
Yg mau request upgrade komponen juga bisa sesuai kemauan kita, top pokoknya.
Rekomen banget buat yg mau beli pc disini pokoknya.",Pengiriman Buruk | Respon Lambat | Direkomendasikan,positive,False,79.36
selamat sampai tujuan dan berfungsi normal semua nya. Terima kasih,,neutral,False,51.9
"Desain:kece badai
Fungsi:mantap pooool
Spesifikasi:overkill pokoknya",,positive,False,79.65
"Desain:ok
Fungsi:ok
Spesifikasi:ok

Berjalan baik sampai saat ini.. 
Terimakasih..",,neutral,False,49.01
"Desain:Keren
Fungsi:Baik
Pengalaman:Aman

Alhamdulillah sesuai dengan pesanan ya kak, datangnya juga hari H cepat dan aman. Respon penjualnya baik. Btw speaker beli sndri yaa, yang dapet cmn CPU, Monitor, mouse dan keyboard. 

Thank you kak. Semoga bsa berlangganan dilain waktu",Respon Lambat,positive,False,80.69
"Penjual amanah, spek juga sesuai. Terimakasih banyak",Masalah Penjual,positive,False,81.9
Fungsi:barang bekerja dengan baik,,neutral,False,50.0
"Desain:good
Fungsi:good
Spesifikasi:good

Makasihh kakk semuanyaa baguss",,neutral,False,48.51
Mantap,,positive,False,14.72
Mantap.. fast respon,Respon Lambat,positive,False,80.0
Pelayanan sangat baik dan penjual sangat responsif,Masalah Penjual,neutral,False,48.93
"Desain:ok
Fungsi:baik
Pengalaman:lancar",,neutral,False,51.9
"Desain:bagus
Spesifikasi:okee",,positive,False,79.79
"Desain:menarik

Masih dalam percobaan semoga awet",,neutral,False,49.92
"Desain:mantul
Fungsi:blom di cek semua",,neutral,False,50.0
Sesuai pesanan no mines,,positive,False,80.0
"Desain:sesuai pesanan

sesuai dengan list nya",,positive,False,78.29
"Desain:Bagus
Fungsi:Baik

Sesuai Terimakasih",,positive,False,80.0
Barang ok berfungsi dgn baik & fastrespon,,neutral,False,50.0
Semoga awet...pngiriman cepaat bnget,,neutral,False,51.79
"Mantap, asli barangnya ori thx yaa

Amanah",,positive,False,79.85
"Barang bagus,, pengiriman cepat ..
Pelayanan baik",Kualitas Bagus | Pengiriman Buruk,positive,False,80.0
"Desain:😂😂😂😂😂
Fungsi:😂😂😂😂😂😂
Spesifikasi:😂😂😂😂😂

barang bagus pelayanan admin bagus",Kualitas Bagus,positive,False,74.58
"Fitur Terbaik:bagusss
Sepadan dengan Harga:cocok",,positive,False,79.75
Bagus sesuai pesanan,Kualitas Bagus,positive,False,80.0
"Desain:bagus
Fungsi:berfungsi dengan baik
Pengalaman:terbaik

Jangan ragu beli disini, pelayanan terbaik, pcnya juga bagus",Kualitas Bagus,positive,False,78.59
"Bagus aman dkirim keluar kota cepat packing aman tanpa lecet sedikitpun, puas bgt harga jauh beda dr kota sndiri",Kualitas Bagus | Pengiriman Buruk | Puas | Harga | Barang Tidak Sesuai,positive,False,80.61
"Desain:bagus bangettt bener bener worth to buy, sesuai sama harganyaa",,positive,False,80.52
"Desain:desain nya mantap kipas nya banyak
Fungsi:untuk saat ini barang nya oke semoga gak ada kendala recomended banget belanja di sini",,positive,False,80.52
Desain:keren dan berfungsi dengan normal,,positive,False,76.0
Mantap bang🙏,,positive,False,75.2
Barang Bagus sesuai Pesanan,Kualitas Bagus,positive,False,75.68
,,neutral,False,11.42
Mantuk,,neutral,False,11.0
Terimakasih mantap,,positive,False,80.0
Barang bagus sesuai pesanan,Kualitas Bagus,positive,False,75.68
"Desain:KEREN
Fungsi:NORMAL
Pengalaman:SANGAT BAIK DAN BAGUS",Kualitas Bagus,positive,False,80.0
Desain:mantap pokoknya,,positive,False,80.0
"Pengalaman:baru 1 bulan setengah penggunaan sdh sering mati blue screen dan skrg ram rusak, teknisi di kontak ngga respon sama sekali",Barang Rusak | Respon Lambat,negative,False,18.75
"Desain:oke

Sesuai dengan deskripsi",,positive,False,80.0
"Mantap.. Admin fast respon, apapun yg ditanya slalu dijawab",Respon Lambat,positive,False,81.9
"Desain:okee
Fungsi:baik
Pengalaman:lancar",,neutral,False,51.81
Pesanan belum dibuka.,,neutral,False,46.0
Barang bagus sesuai pesanan,Kualitas Bagus,positive,False,75.68
"Akhirnyaa yg ditunggu datang jugaa 😍 secepat kilat pengiriman nya. Hihi barang juga aman , recommended pokonaa",Pengiriman Buruk,positive,False,81.61
"Desain:bagus
Fungsi:normal dan berfungsi semua
Pengalaman:lancar tanpa kendala

Admin juga sabar mnjawab stiap pertanyaan sbelum CO. Terbaik dah pokoknya.. Semoga brangnya awet dan bisa upgrade suatu saat nanti..",,positive,False,81.45
"Desain:keren
Fungsi:lancar jaya
Pengalaman:aman dan menyenangkan

rekomended, harga nya oke banget, packing bagus pake kayu, admin selalu membantu terus setiap ada kendala/pertanyaan",Harga | Pengiriman Buruk | Kualitas Bagus,positive,False,81.87
"Desain:bagus
Fungsi:berfungsi
Pengalaman:aman

Bagus kok cpt pengirimannya isinya jga sesuai sama yg aku request terimakaish kak",Kualitas Bagus,positive,False,81.21
Mantab.. Minta rizen 5 5600G tapi d kasih GT.. Tapi g papa lah.. Mantab banget puas.. Next beli lagi,Puas | Akan Beli Lagi,positive,False,80.54
"Desain:menarik
Fungsi:beroperasi dengan baik
Pengalaman:lancar tanpa kendala

Makaih👍🏻👍🏻👍🏻",,neutral,False,51.9
"Desain:Keren, elegant
Fungsi:Berfungsi dengan baik, Speakernya juga.
Pengalaman:Tidak ada kendala

Sesuai deskripsi. Recommend 🙏🏻👍🏻",,positive,False,81.85
"Desain:bagus
Fungsi:sering crash
Pengalaman:70%

Sering crash",,positive,False,69.6
"Desain:Desainnya bagus dan keren
Fungsi:Semua berfungsi dengan baik dan lancar

Terimakasih untuk seller yang telah memandu sampai ditangan, admin sangat ramah, dijawab sesuai dengan keadaan yang sebenarnya. Rekomendasi banget beli di toko ini. 
Sangat berkualitas tinggi produk yang saya beli ini. Mantaapp josss gandos",Kualitas Bagus | Direkomendasikan,positive,False,80.01
"BAGUS BANGETTT, SELLERNYA JUGA SABAR DAN FAST RESPON GERCEP SEMUA REQUEST DITURUTIN, selama pemakaian tidak ada kendala apapun, cocok buat yang gak mau ribet rakit pc mau req tambahan/ganti komponen juga bisa, suksesss selaluu yaaaaa!!!!",Kualitas Bagus | Respon Lambat,positive,False,80.95
"Aman terkendali, barang bagus tidak ada lecet, terimakasih seller",Kualitas Bagus,neutral,False,51.84
"Desain:menarik ...eyecatching
Fungsi:beroperasi dengan baik
Kegunaan:berguna untuk gaming",,neutral,False,49.96
"Desain:Bagus
Fungsi:berfungsi dengan baik

Overall sesuai dengan deskripsi, seller juga ramah, kurir juga cepet, 1 jam sampai. semoga barang nya awet, sekedar saran buat yg mau beli, usahakan co nya pagi, biar semua aplikasi yg diminta bisa diinstal, semoga masih terus di support kalau ada kendala. Thanks",Pengiriman Buruk,positive,False,80.57
"Awalnya sempat takut gara-gara pengiriman pake kardus doang, tapi syukurlah bisa berfungsi dengan baik 👍",Pengiriman Buruk,neutral,False,51.38
"Fitur Terbaik:bagus
Sepadan dengan Harga:terjangkau

Nice",,positive,False,83.63
"Desain:bagus,kekinian
Fungsi:bekerja dengan normal
Pengalaman:pingiriman cepat,aman,adminya fast respon,ramah,keren sih mantap",,positive,False,81.9
"Desain:keren poll
Fungsi:dengan baik
Pengalaman:pengiriman cepat, sampai2 lupa instalkan game, tp its Ok bro, sukses selalu

Fast respon tanya apa aja di jawab. Barang ok packing kayu mantap surantap",Respon Lambat | Pengiriman Buruk,positive,False,81.49
"Desain:keren
Fungsi:fungsi dengan baik
Pengalaman:maaf telat review ,ini sudah pemakaian hampir 3 Minggu PC berfungsi normal si ngga ada kendala mantep banget",,positive,False,81.29
Recomendett pc buat maen gow + live di hitam T amann libass bro,,neutral,False,51.71
"Desain:rgb lampu menyala
Fungsi:beroprasi dengan normal sesuai spesifikasi komputer
Kegunaan:Gaming, Live studio, perketikan ms word dan exel, trading

Respon penjual cepat,boleh share keinginan biar nnti di rekomendasikan, jika barang minus bisa langsung kembalikan(return) jangan takut dana tidak kembali dan suatu masalah di produknya bisa dibantu dengan tim teknisi tokonya langsung pasti dibalas tapi harap bersabar karena kadang tidak langsung di balas. 
Box semua komponen lengkap jadi jika terjadi kerusakan bisa dibantu klaimkan tapi semoga saja jangan terjadi kerusakan",Respon Lambat | Masalah Penjual,positive,False,79.88
"Desain:modern
Fungsi:satset.

Seller sabar banget di chat diluar jam kerja juga tetep cepet  respown nya. Barang dateng langsung coba, puas banget enak buat kerja satsett.. Thanks seller dan kurir☺️❤️",Puas | Pengiriman Buruk,positive,False,80.62
"Desain:mantap
Fungsi:sejauh ini bagus
Pengalaman:pengalaman pertama

Kalo bisa upgrade psu",Kualitas Bagus,positive,False,80.96
"Desain:menarik serta detai rapi
Fungsi:fungsi bekerja dengan baik
Kegunaan:serbaguna

PC gaming berkualitas ok.
Semua berfungsi dengan semestinya",,positive,False,80.63
"Desain:bagus, rapi, modern
Fungsi:normal dan lancar (setelah perbaikan kecil)
Kegunaan:pakai m2 bootnya luar biasa cepet, ryzen 4600g gaperlu ditanya lagi performanya.

Packing kayunya patah satu batang, tapi untung barang selamat. Awalnya datang pc nya mati, tapi admin quick respon + dibantu teknisi sampai nyala (ternyata ram nya perlu dibersihkan dulu). Bagus after sales-nya.
Racikan parts mantap, ngga ada parts yang abal abal, terutama psu. Pokoknya best bang for your buck untuk PC price point 3.7jt. laptop 8 jutaan sudah di libas performanya.",Pengiriman Buruk | Respon Lambat | Kualitas Bagus,positive,False,80.77
"Desain:warna hitam bagiku kurang kelihatan mewah
Fungsi:inplug USB sangat rentan rawan rusak
Kegunaan:kualitas nvme perlu ditingkatkan

Saya baru pakai 2x bagian colokan USB yang didepan langsung rusak, dan lubang USB lain sangat rentan rawan rusak
Lubang kabel wifi juga kurang berkualitas
Jenis NVME nya perlu ditingkatkan yang bagus lagi biar performa makin joss
Untuk yang lain sampai saat ini masih Oke",Barang Rusak | Kualitas Bagus,negative,False,19.88
Pengirimannya aman packing kayu sayangnya ram nya single bukan yang double,Pengiriman Buruk,neutral,False,51.85
"Desain:mantap sesuai ekspektasi
Fungsi:sangat bagus lancar dan semoga aman sampai bertahun tahun
Kegunaan:gaming&streaming

Admin gercep dan responsif serta komponen bagus semua sesuai spek",Kualitas Bagus,positive,False,80.51
"Desain:menarik & modern
Fungsi:berfungsi normal
Kegunaan:software hp

Pc rakitan sesuai deskripsi pesanan,.
Spek badak semoga awet. Terimakasih seller dan shopee",,positive,False,83.5
"Spesifikasi:Sesuai dengan permintaan
Desain:Custom

Sellernya super helpfull dan responsif dan baik banget, sempat ada kendala waktu CPUnya sampe. Tapi agannya bener2 mau bantuin via VC dan bela2in ke rumah, dan akhirnya masalahnya kelar dengan tuntas. Untuk casenya saya pesan di toko ini juga, namanya Hose Aquos, udah langsung dirakitin. Rapih!!
Tokonya Amanah, sukses selalu. Recommended!!! 👍👍👍",,positive,False,90.2
"Desain:sesuai dengan pemesanan
Fungsi:baik sesuai dengan pesanan
Kegunaan:gameing

Mantab terimakasih seller. Semoga berkah dan komputernya tahan lama.",,neutral,False,51.07
"Spek sesuai dan komputer bagus, game yg diminta sesuai bahkan dilebihin. Gak nyesel beli disini. Recommended, asli jangan ragu beli komputer disini",Kualitas Bagus,positive,False,94.01
"Desain:joooshhhh
Fungsi:baiiik

Baru sempat di coba.. 
Overall OK sesuai pesanan.. 
Seller sat set bales chat.. Mantabb..",,positive,False,81.34
"Fitur Terbaik:Baik, normal, seller responsif
Sepadan dengan Harga:totally worth it, paling murah dan aman

Terima kasih banyak kak puas banget, udah 2 mingguan masih aman, gaming lancar, next mau pasang vganya kira kira yang cocok apa ya kak?",Harga Murah | Puas,positive,False,88.97
"Desain:keren bagus
Fungsi:normal semua aman

awalnya ragu buat beli online, aku liat komen ratingnya juga bagus semua yaudah lahh aku beli dan hasilnya sangat memuaskan ga nyesel beli disini aku sangat suka sekali heheh rekomen banget dahh kalo mau yang beli pc di toko ini apalagi pelayanan sangat ramah dan fast respon top buat abangnya 👍🏻",Kualitas Bagus | Puas | Senang | Direkomendasikan | Respon Lambat,positive,False,79.93
"Desain:Sangat Keren
Fungsi:Lancar semua Mantap!!!

Pelayanan terbaik!!! Nanya dari awal mau beli smpe dateng di respond sangat cepat dan baik🙌🏼",,positive,False,81.34
"Thankyou seller, produk top, seller komunikatif, solutif, respon cpt",Respon Lambat,neutral,False,62.14
"Fitur Terbaik:as always oke
Sepadan dengan Harga:iya

Alhamdulillah sudah diterima dengan baik dan aman
Seller amanah banget dan proses pengiriman cepat. 
Spec sesuai, bahkan dibonusin karena monitor yg ready LG 19 inch jadi yg dikirim merk LG. Makasih bonusnya kak 🙏🏼",Pengiriman Buruk,positive,False,86.56
blm.dicoba semoga sesuai diskripsi. suskses selalu hifi.computer,,positive,False,81.9
"Fitur Terbaik:oke
Sepadan dengan Harga:Harga Sepadan

PC gaming keren, Full RGB
Penjual responsif, bisa diajak konsultasi 
Makasih Hifi computer ...",Masalah Penjual,positive,False,87.7
"Spesifikasi:Mantap
Desain:Keren
Fitur:Bagus

Baru kali ini beli barang elektronik mahal lewat olshop, alhamdulillah sampe dengan aman. Ga nyangka juga ternyata sampe bungkusnya dikirim juga. Pelayanannya mantap, admin fast respon 👍🏻👍🏻",Harga Mahal | Respon Lambat,positive,False,83.93
"Desain:keren
Fungsi:bekerja dengan baik sesuai ekspektasi
Spesifikasi:mantab sesuai spesifikasi

alhmdulillah barangnya mantab sudah ditest pengemasan juga baik sangat aman tidak ada yang rusak, walaupun sedikit kecewa karen request saya banyak yang tidak ada, overall good job 👍👍🙏🙏",Barang Rusak,neutral,False,52.14
"Desain:sesuai
Fungsi:bekerja dengan baik
Spesifikasi:pc

bagus banget fast respon, barang aman, sorryga foto asli, pengerimana jg oke dibungkus real aman si, udh brp kali beli buat kebutuhna kantor disini oke banget dapet garansi di hub juga perihal barangnya seblum sampai sesudah sampai oke mantab baik terimakasih",Kualitas Bagus | Respon Lambat,positive,False,80.5
Fitur Terbaik:mantap pcnya dirakit pagi. Maghrib udah sampe rumah. Sellernya juga mantap ditanyain di weekend tetep di respond 😂😂.,,positive,False,85.12
"Fitur Terbaik:JOS
Sepadan dengan Harga:sesuai spek

Mantap, beli di sini sesuai dengan keinginan. Admin cepat tanggap. Ada keluhan langsung dijawab.",,positive,False,83.98
"Berfungsi dengan, seller ramah, barang aman sampai tujuan, tanpa lecet",,neutral,False,56.53
"Spesifikasi:mantappp
Desain:mewahhhh
Fitur:bagusss banget

Ga nyesel beli rakitan pc disini kalo masih awam sama komputer bisa diajarin sampe bisaa terimakasih hifi komputer",,neutral,False,53.12
"Kualitas pelayanan nomor 1, jgn ragu untuk nanya.
Spek sesuai deskripsi tidak ada minus, good job buat seller.
Cocok buat yg mager nyari komponen dan mau terima beres langsung pakai👍",Kualitas Buruk,positive,False,81.42
"Spesifikasi:Sesuai order
Fitur:Gaming
Fungsi:Bekerja dengan baik

Seller responsif dan gercep",,positive,False,83.56
"Bagus, penjual responsif, baru di tes nyala belum digunakan,semoga berfungsi dengan baik.",Kualitas Bagus | Masalah Penjual,positive,False,83.63
"Desain:ok
Fungsi:ok
Spesifikasi:ok

Video unboxing lebih dari 60 detik
Belum di tes run, semoga lancar",,neutral,False,51.25
"Desain:keren
Fungsi:baik sekali

mantap ga nyesel beli pc di toko ini",,positive,False,81.9
Desain:so far good next update penilaian selama penggunaan,,neutral,False,51.7
Pc berfungsi dengan baik. Sesuaidengan pesanan.,,neutral,False,51.9
,,neutral,False,11.42
,,neutral,False,11.42
,,neutral,False,11.42
Bintang yang berbicara,,neutral,False,51.9
Barang Bagus sesuai pesanan,Kualitas Bagus,positive,False,75.68
,,neutral,False,10.54
Desain:bagusssss sekali berfungsi semua,,neutral,False,51.5
,,neutral,False,11.42
tengkyu kak 🫰🫰,,neutral,False,48.79
,,neutral,False,11.42
"Desain:standart
Fungsi:baik",,neutral,False,51.9
Mantap memuaskan,Puas,positive,False,83.63
,,neutral,False,11.0
,,neutral,False,11.42
pelayanan nya mantab,,neutral,False,59.02
"Mantapp sesuai deskripsi, keren recomended",,positive,False,86.44
Memuaskan untuk harga yang di tawarkan,Puas | Harga,neutral,False,51.9
"Spesifikasi:mantap
Fitur:bagus
Fungsi:normal",,positive,False,85.18
"Pelayanan jos, respon mantapp",Respon Lambat,neutral,False,55.04
Mantap fast respon barang cepat sampaii 🔥🔥🔥,Respon Lambat,positive,False,83.46
Semoga awet,,neutral,False,51.87
"Desain:elegan

Mantul pokoknya",,neutral,False,51.9
,,neutral,False,11.42
Bagus. Bekerja dengan normal semua,Kualitas Bagus,positive,False,81.9
,,neutral,False,11.8
,,neutral,False,11.42
,,neutral,False,11.42
,,neutral,False,11.42
bagus brody,Kualitas Bagus,positive,False,75.2
,,neutral,False,11.42
,,neutral,False,11.0
,,neutral,False,11.0
,,neutral,False,11.0
,,neutral,False,11.0
,,neutral,False,11.0
,,neutral,False,11.0
,,neutral,False,11.0
,,neutral,False,11.0
,,neutral,False,11.0
,,neutral,False,11.0
,,neutral,False,11.0
,,neutral,False,11.0
,,neutral,False,11.0
,,neutral,False,11.0
,,neutral,False,11.0
,,neutral,False,11.0
,,neutral,False,11.0
,,neutral,False,11.0
,,neutral,False,11.0
,,neutral,False,11.0
,,neutral,False,11.0
,,neutral,False,11.0
,,neutral,False,11.0
,,neutral,False,11.0
,,neutral,False,11.0
,,neutral,False,11.0
,,neutral,False,11.0
,,neutral,False,11.0
,,neutral,False,11.0
,,neutral,False,11.0
,,neutral,False,11.0
,,neutral,False,11.0
,,neutral,False,11.0
,,neutral,False,10.12
,,neutral,False,11.0
,,neutral,False,11.0
,,neutral,False,11.0
,,neutral,False,11.0
,,neutral,False,11.0
,,neutral,False,11.0
,,neutral,False,11.0
,,neutral,False,11.0
,,neutral,False,11.0
,,neutral,False,11.0
,,neutral,False,11.0
,,neutral,False,10.12
,,neutral,False,11.0
,,neutral,False,11.0
,,neutral,False,11.0
,,neutral,False,11.0
,,neutral,False,11.0
,,neutral,False,11.0
,,neutral,False,11.0
,,neutral,False,11.0
,,neutral,False,11.0
,,neutral,False,11.0
,,neutral,False,11.0
,,neutral,False,11.0
,,neutral,False,11.0
,,neutral,False,10.12
,,neutral,False,11.0
,,neutral,False,11.42
,,neutral,False,11.0
,,neutral,False,11.0
,,neutral,False,10.12
,,neutral,False,11.0
,,neutral,False,11.0
,,neutral,False,11.0
,,neutral,False,11.0
,,neutral,False,11.0
,,neutral,False,11.0
,,neutral,False,11.0
,,neutral,False,11.0
,,neutral,False,11.0
,,neutral,False,11.0
,,neutral,False,11.0
,,neutral,False,10.12
,,neutral,False,11.0
,,neutral,False,11.0
,,neutral,False,11.0
,,neutral,False,11.0
,,neutral,False,11.42
,,neutral,False,10.12
,,neutral,False,10.12
,,neutral,False,10.12
,,neutral,False,10.54
,,neutral,False,11.0
,,neutral,False,11.0
,,neutral,False,11.0
,,neutral,False,11.0
,,neutral,False,11.0
,,neutral,False,11.0
,,neutral,False,11.0
,,neutral,False,11.0
,,neutral,False,11.0
,,neutral,False,11.0
,,neutral,False,11.0
,,neutral,False,11.0
,,neutral,False,11.0
,,neutral,False,11.0
,,neutral,False,11.0
,,neutral,False,10.12
,,neutral,False,11.0
,,neutral,False,11.0
,,neutral,False,11.0
,,neutral,False,11.0
,,neutral,False,11.0
,,neutral,False,11.0
,,neutral,False,11.0
,,neutral,False,11.0
,,neutral,False,11.0
,,neutral,False,11.0
,,neutral,False,11.0
,,neutral,False,11.0
,,neutral,False,11.0
,,neutral,False,11.0
,,neutral,False,11.0
,,neutral,False,11.0
,,neutral,False,11.0
,,neutral,False,11.0
,,neutral,False,11.0
,,neutral,False,11.0
,,neutral,False,11.0
,,neutral,False,11.0
,,neutral,False,11.0
,,neutral,False,11.0
,,neutral,False,11.0
,,neutral,False,11.0
,,neutral,False,11.0
,,neutral,False,11.0
,,neutral,False,11.0
,,neutral,False,11.0
,,neutral,False,11.0
,,neutral,False,11.0
,,neutral,False,11.0
,,neutral,False,11.0
,,neutral,False,11.0
,,neutral,False,11.0
,,neutral,False,11.0
,,neutral,False,11.0
,,neutral,False,10.12
,,neutral,False,10.12
,,neutral,False,11.0
,,neutral,False,11.0
,,neutral,False,10.12
,,neutral,False,11.0
,,neutral,False,11.0
,,neutral,False,11.0
,,neutral,False,11.0
,,neutral,False,11.0
,,neutral,False,11.0
,,neutral,False,11.42
,,neutral,False,10.12
,,neutral,False,11.0
,,neutral,False,11.0
,,neutral,False,11.0
,,neutral,False,11.0
,,neutral,False,11.0
,,neutral,False,11.0
,,neutral,False,11.0
,,neutral,False,11.0
,,neutral,False,11.0
,,neutral,False,11.42
,,neutral,False,11.0
,,neutral,False,11.0
,,neutral,False,11.0
,,neutral,False,11.0
,,neutral,False,11.0
,,neutral,False,11.0
,,neutral,False,11.0
,,neutral,False,10.12
,,neutral,False,10.12
,,neutral,False,11.0
,,neutral,False,11.0
,,neutral,False,11.0
,,neutral,False,11.0
,,neutral,False,11.0
,,neutral,False,11.0
,,neutral,False,11.0
,,neutral,False,11.0
,,neutral,False,11.0
,,neutral,False,11.0
,,neutral,False,10.12
,,neutral,False,11.0
,,neutral,False,11.0
,,neutral,False,11.0
,,neutral,False,11.0
,,neutral,False,11.0
,,neutral,False,11.0
,,neutral,False,11.0
,,neutral,False,11.0
,,neutral,False,10.12
,,neutral,False,11.0
,,neutral,False,11.0
,,neutral,False,11.0
,,neutral,False,11.0
,,neutral,False,11.0
,,neutral,False,11.0
,,neutral,False,10.12
,,neutral,False,11.0
,,neutral,False,11.0
,,neutral,False,10.12
,,neutral,False,11.0
,,neutral,False,11.0
,,neutral,False,11.0
,,neutral,False,11.0
,,neutral,False,11.42
